Datetime,Open,High,Low,Close,Volume,Dividends,Stock Splits
2022-04-27 09:30:00-04:00,33450.921875,33592.55859375,33195.80859375,33195.80859375,0,0.0,0.0
2022-04-27 10:30:00-04:00,33186.078125,33516.51953125,33108.890625,33511.25,69783923,0.0,0.0
2022-04-27 11:30:00-04:00,33511.12890625,33657.44140625,33476.1484375,33646.3515625,49313960,0.0,0.0
2022-04-27 12:30:00-04:00,33647.71875,33697.1796875,33487.37109375,33600.25,42582323,0.0,0.0
2022-04-27 13:30:00-04:00,33603.12109375,33663.37109375,33542.16015625,33551.6796875,33707786,0.0,0.0
2022-04-27 14:30:00-04:00,33551.859375,33630.48828125,33340.12890625,33402.28125,45525795,0.0,0.0
2022-04-27 15:30:00-04:00,33403.55859375,33446.140625,33272.23828125,33295.76171875,58471361,0.0,0.0
2022-04-28 09:30:00-04:00,33425.9609375,33523.28125,33313.421875,33315.76953125,0,0.0,0.0
2022-04-28 10:30:00-04:00,33314.01171875,33492.5703125,33248.4609375,33459.78125,53107544,0.0,0.0
2022-04-28 11:30:00-04:00,33460.69140625,33614.359375,33387.6796875,33614.359375,41153179,0.0,0.0
2022-04-28 12:30:00-04:00,33614.328125,33900.19140625,33614.328125,33895.48828125,43622385,0.0,0.0
2022-04-28 13:30:00-04:00,33894.37890625,33933.48828125,33844.6484375,33906.03125,40782873,0.0,0.0
2022-04-28 14:30:00-04:00,33907.12109375,34054.7890625,33887.48046875,34001.3515625,49713548,0.0,0.0
2022-04-28 15:30:00-04:00,34001.390625,34007.640625,33834.30078125,33933.66015625,65410587,0.0,0.0
2022-04-29 09:30:00-04:00,33787.01171875,33919.58984375,33530.73046875,33548.01953125,0,0.0,0.0
2022-04-29 10:30:00-04:00,33547.41015625,33584.6015625,33477.01171875,33566.51171875,53446847,0.0,0.0
2022-04-29 11:30:00-04:00,33572.80078125,33653.12890625,33427.0703125,33437.609375,40097388,0.0,0.0
2022-04-29 12:30:00-04:00,33436.8203125,33479.23046875,33315.94140625,33439.51171875,36643535,0.0,0.0
2022-04-29 13:30:00-04:00,33438.44140625,33504.8984375,33321.30859375,33336.98046875,34038053,0.0,0.0
2022-04-29 14:30:00-04:00,33336.33984375,33346.62109375,33133.7109375,33156.76171875,47971786,0.0,0.0
2022-04-29 15:30:00-04:00,33156.33984375,33227.12890625,32913.1484375,32973.171875,81403070,0.0,0.0
2022-05-02 09:30:00-04:00,32978.48828125,33191.6796875,32792.01171875,33136.6796875,0,0.0,0.0
2022-05-02 10:30:00-04:00,33134.3515625,33224.94921875,32816.46875,32830.8984375,55915947,0.0,0.0
2022-05-02 11:30:00-04:00,32833.76171875,32976.21875,32790.26171875,32906.94921875,42505072,0.0,0.0
2022-05-02 12:30:00-04:00,32909.0,32952.76171875,32688.1796875,32752.76953125,42465170,0.0,0.0
2022-05-02 13:30:00-04:00,32752.689453125,32789.62890625,32517.529296875,32549.119140625,40395649,0.0,0.0
2022-05-02 14:30:00-04:00,32548.75,32978.859375,32449.869140625,32939.23046875,57259531,0.0,0.0
2022-05-02 15:30:00-04:00,32938.0703125,33077.8203125,32900.9296875,33066.91015625,64649763,0.0,0.0
2022-05-03 09:30:00-04:00,33086.08984375,33188.0390625,32914.75,33088.12109375,0,0.0,0.0
2022-05-03 10:30:00-04:00,33088.26171875,33294.51171875,32978.109375,33269.80078125,46078575,0.0,0.0
2022-05-03 11:30:00-04:00,33269.53125,33341.578125,33140.19921875,33192.3984375,40254199,0.0,0.0
2022-05-03 12:30:00-04:00,33192.03125,33291.87890625,33117.2109375,33224.1484375,34079504,0.0,0.0
2022-05-03 13:30:00-04:00,33225.51171875,33275.421875,33013.44140625,33017.19140625,32919261,0.0,0.0
2022-05-03 14:30:00-04:00,33017.53125,33248.21875,32974.53125,33145.76953125,41042704,0.0,0.0
2022-05-03 15:30:00-04:00,33146.2890625,33195.0390625,33009.46875,33117.76953125,50919481,0.0,0.0
2022-05-04 09:30:00-04:00,33171.80078125,33278.98046875,33114.4609375,33172.6015625,0,0.0,0.0
2022-05-04 10:30:00-04:00,33173.6796875,33185.26171875,33046.69140625,33064.55859375,35490597,0.0,0.0
2022-05-04 11:30:00-04:00,33062.8984375,33233.3515625,33021.83984375,33224.55078125,31743143,0.0,0.0
2022-05-04 12:30:00-04:00,33224.21875,33305.671875,33205.8515625,33233.140625,31210169,0.0,0.0
2022-05-04 13:30:00-04:00,33233.94140625,33402.28125,33158.23046875,33368.76953125,47258367,0.0,0.0
2022-05-04 14:30:00-04:00,33367.69140625,33949.03125,33054.8984375,33946.66015625,82818973,0.0,0.0
2022-05-04 15:30:00-04:00,33948.3515625,34117.73828125,33943.6015625,34056.5390625,66861154,0.0,0.0
2022-05-05 09:30:00-04:00,33854.171875,33854.171875,33368.16015625,33407.96875,0,0.0,0.0
2022-05-05 10:30:00-04:00,33406.66015625,33444.109375,33034.55078125,33097.8203125,52370123,0.0,0.0
2022-05-05 11:30:00-04:00,33098.609375,33214.640625,32828.58984375,33028.69140625,47460053,0.0,0.0
2022-05-05 12:30:00-04:00,33027.98828125,33193.37890625,32898.44921875,33077.98828125,41341009,0.0,0.0
2022-05-05 13:30:00-04:00,33077.98046875,33155.80078125,32850.69140625,32850.69140625,38968488,0.0,0.0
2022-05-05 14:30:00-04:00,32852.9296875,32987.87109375,32716.5390625,32740.240234375,51185232,0.0,0.0
2022-05-05 15:30:00-04:00,32737.599609375,33036.7890625,32685.099609375,33032.6015625,80626923,0.0,0.0
2022-05-06 09:30:00-04:00,32773.87890625,32836.48828125,32474.689453125,32711.830078125,0,0.0,0.0
2022-05-06 10:30:00-04:00,32710.83984375,33055.83984375,32587.98046875,32952.7109375,58299765,0.0,0.0
2022-05-06 11:30:00-04:00,32954.62890625,32957.3203125,32679.640625,32840.05078125,41201002,0.0,0.0
2022-05-06 12:30:00-04:00,32838.05078125,33016.3515625,32787.7890625,32857.6484375,38094045,0.0,0.0
2022-05-06 13:30:00-04:00,32858.171875,32929.73046875,32615.51953125,32630.51953125,35952112,0.0,0.0
2022-05-06 14:30:00-04:00,32631.330078125,32775.7890625,32578.26953125,32675.3203125,44362755,0.0,0.0
2022-05-06 15:30:00-04:00,32669.890625,33003.2890625,32669.029296875,32910.1484375,60558268,0.0,0.0
2022-05-09 09:30:00-04:00,32685.169921875,32685.169921875,32385.279296875,32429.689453125,0,0.0,0.0
2022-05-09 10:30:00-04:00,32429.94921875,32477.3203125,32273.76953125,32292.83984375,63371759,0.0,0.0
2022-05-09 11:30:00-04:00,32292.580078125,32566.140625,32245.9296875,32515.69921875,50133654,0.0,0.0
2022-05-09 12:30:00-04:00,32516.7890625,32563.75,32326.099609375,32438.3203125,36592624,0.0,0.0
2022-05-09 13:30:00-04:00,32438.619140625,32499.05078125,32324.029296875,32394.16015625,40209040,0.0,0.0
2022-05-09 14:30:00-04:00,32394.7109375,32569.109375,32318.91015625,32366.8203125,54049981,0.0,0.0
2022-05-09 15:30:00-04:00,32369.0703125,32369.0703125,32121.98046875,32261.140625,69876125,0.0,0.0
2022-05-10 09:30:00-04:00,32504.08984375,32752.169921875,32410.91015625,32449.849609375,0,0.0,0.0
2022-05-10 10:30:00-04:00,32450.6796875,32459.94921875,32070.48046875,32157.83984375,57936777,0.0,0.0
2022-05-10 11:30:00-04:00,32158.2109375,32240.8203125,31976.25,31990.5,43468518,0.0,0.0
2022-05-10 12:30:00-04:00,31991.310546875,32136.1796875,31887.890625,32129.369140625,39911923,0.0,0.0
2022-05-10 13:30:00-04:00,32128.73046875,32429.650390625,32128.73046875,32252.30078125,49261580,0.0,0.0
2022-05-10 14:30:00-04:00,32252.349609375,32382.5390625,32156.689453125,32169.5,44189029,0.0,0.0
2022-05-10 15:30:00-04:00,32169.9609375,32181.0,32068.810546875,32163.310546875,50778077,0.0,0.0
2022-05-11 09:30:00-04:00,32123.240234375,32507.5703125,31996.650390625,32484.349609375,0,0.0,0.0
2022-05-11 10:30:00-04:00,32484.1796875,32584.01953125,32283.240234375,32429.4609375,50690681,0.0,0.0
2022-05-11 11:30:00-04:00,32428.66015625,32559.240234375,32213.369140625,32220.939453125,37588579,0.0,0.0
2022-05-11 12:30:00-04:00,32220.869140625,32244.6796875,31999.259765625,32007.140625,51089224,0.0,0.0
2022-05-11 13:30:00-04:00,32006.69921875,32121.080078125,31843.48046875,32037.26953125,53003979,0.0,0.0
2022-05-11 14:30:00-04:00,32038.259765625,32195.060546875,31930.490234375,31982.75,52508249,0.0,0.0
2022-05-11 15:30:00-04:00,31984.30078125,32015.08984375,31798.859375,31832.890625,63129933,0.0,0.0
2022-05-12 09:30:00-04:00,31699.0390625,31842.669921875,31476.55078125,31732.369140625,0,0.0,0.0
2022-05-12 10:30:00-04:00,31733.990234375,31914.4609375,31642.990234375,31727.009765625,62670896,0.0,0.0
2022-05-12 11:30:00-04:00,31729.310546875,31744.970703125,31462.130859375,31611.44921875,54127558,0.0,0.0
2022-05-12 12:30:00-04:00,31610.3203125,31717.560546875,31462.599609375,31498.26953125,42886317,0.0,0.0
2022-05-12 13:30:00-04:00,31501.55078125,31525.23046875,31302.900390625,31344.1796875,54217639,0.0,0.0
2022-05-12 14:30:00-04:00,31344.75,31551.73046875,31228.220703125,31407.48046875,61198532,0.0,0.0
2022-05-12 15:30:00-04:00,31407.490234375,31748.619140625,31403.310546875,31745.359375,73485795,0.0,0.0
2022-05-13 09:30:00-04:00,31963.859375,32248.390625,31911.259765625,32211.990234375,0,0.0,0.0
2022-05-13 10:30:00-04:00,32210.23046875,32232.98046875,32087.08984375,32229.080078125,43909805,0.0,0.0
2022-05-13 11:30:00-04:00,32228.669921875,32276.05078125,32146.9609375,32199.140625,35015656,0.0,0.0
2022-05-13 12:30:00-04:00,32199.640625,32239.609375,32085.05078125,32093.509765625,38873154,0.0,0.0
2022-05-13 13:30:00-04:00,32093.720703125,32121.5703125,31862.7890625,31933.23046875,37289512,0.0,0.0
2022-05-13 14:30:00-04:00,31933.16015625,32232.41015625,31933.16015625,32230.05078125,39034534,0.0,0.0
2022-05-13 15:30:00-04:00,32229.630859375,32244.240234375,32084.759765625,32196.73046875,54414306,0.0,0.0
2022-05-16 09:30:00-04:00,32152.150390625,32202.9609375,31928.1796875,32199.359375,0,0.0,0.0
2022-05-16 10:30:00-04:00,32198.609375,32202.4609375,31997.7109375,32089.16015625,42110079,0.0,0.0
2022-05-16 11:30:00-04:00,32088.5390625,32282.4296875,32045.029296875,32202.75,32738798,0.0,0.0
2022-05-16 12:30:00-04:00,32203.240234375,32386.259765625,32145.869140625,32384.51953125,27196664,0.0,0.0
2022-05-16 13:30:00-04:00,32383.890625,32482.240234375,32340.189453125,32479.9296875,31971274,0.0,0.0
2022-05-16 14:30:00-04:00,32479.330078125,32514.01953125,32273.83984375,32290.259765625,35712836,0.0,0.0
2022-05-16 15:30:00-04:00,32291.5,32306.630859375,32174.80078125,32238.7109375,47325060,0.0,0.0
2022-05-17 09:30:00-04:00,32427.0,32673.5390625,32417.2890625,32420.859375,0,0.0,0.0
2022-05-17 10:30:00-04:00,32420.060546875,32463.380859375,32308.150390625,32453.509765625,45183629,0.0,0.0
2022-05-17 11:30:00-04:00,32453.400390625,32515.080078125,32388.640625,32497.19921875,34754371,0.0,0.0
2022-05-17 12:30:00-04:00,32498.150390625,32615.4609375,32482.470703125,32553.720703125,31133553,0.0,0.0
2022-05-17 13:30:00-04:00,32553.779296875,32617.0,32359.349609375,32442.9609375,42225639,0.0,0.0
2022-05-17 14:30:00-04:00,32442.80078125,32689.140625,32376.080078125,32661.220703125,46422962,0.0,0.0
2022-05-17 15:30:00-04:00,32664.380859375,32677.529296875,32569.330078125,32656.33984375,51380718,0.0,0.0
2022-05-18 09:30:00-04:00,32468.669921875,32468.669921875,32107.0390625,32107.529296875,0,0.0,0.0
2022-05-18 10:30:00-04:00,32107.16015625,32154.720703125,31886.41015625,31898.509765625,53667942,0.0,0.0
2022-05-18 11:30:00-04:00,31898.720703125,31961.669921875,31781.7109375,31809.630859375,45339599,0.0,0.0
2022-05-18 12:30:00-04:00,31806.91015625,31888.900390625,31663.130859375,31691.0,42946035,0.0,0.0
2022-05-18 13:30:00-04:00,31690.5390625,31717.060546875,31535.380859375,31640.0703125,44634154,0.0,0.0
2022-05-18 14:30:00-04:00,31640.48046875,31645.330078125,31397.740234375,31407.4609375,55842859,0.0,0.0
2022-05-18 15:30:00-04:00,31406.359375,31531.580078125,31393.94921875,31505.08984375,76672045,0.0,0.0
2022-05-19 09:30:00-04:00,31262.619140625,31362.580078125,31016.41015625,31186.33984375,0,0.0,0.0
2022-05-19 10:30:00-04:00,31181.859375,31247.900390625,31066.16015625,31166.580078125,68510604,0.0,0.0
2022-05-19 11:30:00-04:00,31166.869140625,31421.490234375,31166.869140625,31305.69921875,54500137,0.0,0.0
2022-05-19 12:30:00-04:00,31305.75,31315.66015625,31133.529296875,31230.0390625,46688243,0.0,0.0
2022-05-19 13:30:00-04:00,31230.099609375,31423.419921875,31170.58984375,31322.380859375,45650349,0.0,0.0
2022-05-19 14:30:00-04:00,31322.990234375,31569.130859375,31268.76953125,31270.509765625,56965717,0.0,0.0
2022-05-19 15:30:00-04:00,31270.0390625,31354.41015625,31214.5703125,31249.76953125,65729810,0.0,0.0
2022-05-20 09:30:00-04:00,31426.939453125,31515.779296875,31248.990234375,31295.3203125,0,0.0,0.0
2022-05-20 10:30:00-04:00,31294.060546875,31294.060546875,30951.8203125,31027.44921875,52314904,0.0,0.0
2022-05-20 11:30:00-04:00,31027.310546875,31089.650390625,30852.970703125,30910.279296875,51463366,0.0,0.0
2022-05-20 12:30:00-04:00,30909.029296875,30934.9296875,30637.900390625,30640.83984375,62367032,0.0,0.0
2022-05-20 13:30:00-04:00,30640.720703125,30871.560546875,30635.759765625,30761.1796875,50556454,0.0,0.0
2022-05-20 14:30:00-04:00,30760.009765625,30968.859375,30693.75,30968.619140625,52088188,0.0,0.0
2022-05-20 15:30:00-04:00,30968.810546875,31278.140625,30912.630859375,31258.69921875,73232847,0.0,0.0
2022-05-23 09:30:00-04:00,31395.890625,31734.560546875,31395.890625,31734.560546875,0,0.0,0.0
2022-05-23 10:30:00-04:00,31737.9609375,31908.689453125,31657.41015625,31901.33984375,55820862,0.0,0.0
2022-05-23 11:30:00-04:00,31901.259765625,31968.419921875,31892.7109375,31914.939453125,45763339,0.0,0.0
2022-05-23 12:30:00-04:00,31913.619140625,31940.75,31754.240234375,31818.4609375,35789950,0.0,0.0
2022-05-23 13:30:00-04:00,31818.9609375,31928.150390625,31797.4296875,31907.3203125,30691990,0.0,0.0
2022-05-23 14:30:00-04:00,31909.08984375,31957.349609375,31816.509765625,31854.41015625,38765045,0.0,0.0
2022-05-23 15:30:00-04:00,31855.0703125,31919.349609375,31751.5703125,31875.30078125,48926044,0.0,0.0
2022-05-24 09:30:00-04:00,31717.609375,31770.189453125,31437.9609375,31511.48046875,0,0.0,0.0
2022-05-24 10:30:00-04:00,31511.349609375,31512.259765625,31365.58984375,31456.970703125,44048850,0.0,0.0
2022-05-24 11:30:00-04:00,31456.990234375,31759.58984375,31422.30078125,31646.609375,38306631,0.0,0.0
2022-05-24 12:30:00-04:00,31647.400390625,31667.869140625,31530.619140625,31627.2890625,30092684,0.0,0.0
2022-05-24 13:30:00-04:00,31626.76953125,31853.970703125,31574.609375,31799.51953125,39055576,0.0,0.0
2022-05-24 14:30:00-04:00,31795.689453125,31879.529296875,31666.33984375,31858.830078125,44196872,0.0,0.0
2022-05-24 15:30:00-04:00,31862.529296875,32014.859375,31847.009765625,31950.73046875,57380405,0.0,0.0
2022-05-25 09:30:00-04:00,31816.310546875,32085.779296875,31779.94921875,32079.150390625,0,0.0,0.0
2022-05-25 10:30:00-04:00,32078.900390625,32150.08984375,31988.4609375,32018.259765625,37587706,0.0,0.0
2022-05-25 11:30:00-04:00,32018.4296875,32018.4296875,31809.4609375,31843.2890625,33113555,0.0,0.0
2022-05-25 12:30:00-04:00,31843.580078125,31903.689453125,31807.23046875,31895.6796875,27842882,0.0,0.0
2022-05-25 13:30:00-04:00,31896.220703125,32052.619140625,31754.330078125,32048.439453125,37888079,0.0,0.0
2022-05-25 14:30:00-04:00,32047.490234375,32254.439453125,32034.669921875,32196.98046875,44364391,0.0,0.0
2022-05-25 15:30:00-04:00,32197.310546875,32228.2109375,32062.580078125,32121.130859375,46986121,0.0,0.0
2022-05-26 09:30:00-04:00,32248.169921875,32607.44921875,32248.169921875,32573.669921875,0,0.0,0.0
2022-05-26 10:30:00-04:00,32573.740234375,32646.890625,32551.7109375,32605.720703125,47022672,0.0,0.0
2022-05-26 11:30:00-04:00,32606.900390625,32648.25,32559.419921875,32647.9296875,36182245,0.0,0.0
2022-05-26 12:30:00-04:00,32648.060546875,32770.62890625,32636.9296875,32686.359375,31629929,0.0,0.0
2022-05-26 13:30:00-04:00,32686.029296875,32737.01953125,32668.19921875,32702.869140625,28733356,0.0,0.0
2022-05-26 14:30:00-04:00,32703.0390625,32722.58984375,32618.359375,32668.630859375,34036089,0.0,0.0
2022-05-26 15:30:00-04:00,32666.51953125,32774.140625,32613.16015625,32637.16015625,48306811,0.0,0.0
2022-05-27 09:30:00-04:00,32735.08984375,32924.69140625,32682.009765625,32878.8203125,0,0.0,0.0
2022-05-27 10:30:00-04:00,32880.51171875,32956.55078125,32840.28125,32945.8515625,38918267,0.0,0.0
2022-05-27 11:30:00-04:00,32944.96875,33010.91015625,32921.359375,32996.8515625,29749239,0.0,0.0
2022-05-27 12:30:00-04:00,32996.73046875,33015.671875,32956.26171875,32976.859375,24242167,0.0,0.0
2022-05-27 13:30:00-04:00,32976.62109375,32997.8515625,32942.671875,32986.37109375,22126719,0.0,0.0
2022-05-27 14:30:00-04:00,32985.7890625,33143.71875,32974.73828125,33137.5703125,32431785,0.0,0.0
2022-05-27 15:30:00-04:00,33136.51171875,33212.23828125,33085.03125,33209.9296875,51419859,0.0,0.0
2022-05-31 09:30:00-04:00,33160.58984375,33160.58984375,32752.33984375,32924.0,0,0.0,0.0
2022-05-31 10:30:00-04:00,32926.41015625,33055.51953125,32923.23828125,32933.44140625,36462523,0.0,0.0
2022-05-31 11:30:00-04:00,32933.5390625,33187.109375,32906.71875,33082.98046875,34514638,0.0,0.0
2022-05-31 12:30:00-04:00,33084.078125,33180.859375,33050.7890625,33074.4609375,29160856,0.0,0.0
2022-05-31 13:30:00-04:00,33073.08984375,33240.21875,33067.1796875,33173.890625,31450091,0.0,0.0
2022-05-31 14:30:00-04:00,33175.5,33190.0703125,32941.421875,33096.94921875,38182392,0.0,0.0
2022-05-31 15:30:00-04:00,33095.25,33158.19140625,32966.890625,33010.75,65973554,0.0,0.0
2022-06-01 09:30:00-04:00,33156.30859375,33261.171875,32803.69140625,32804.83984375,0,0.0,0.0
2022-06-01 10:30:00-04:00,32805.01953125,32837.890625,32650.369140625,32699.1796875,42011387,0.0,0.0
2022-06-01 11:30:00-04:00,32698.880859375,32722.26953125,32590.220703125,32635.669921875,37654747,0.0,0.0
2022-06-01 12:30:00-04:00,32635.259765625,32772.078125,32584.759765625,32746.30078125,29014887,0.0,0.0
2022-06-01 13:30:00-04:00,32747.58984375,32934.73046875,32732.220703125,32902.28125,30234105,0.0,0.0
2022-06-01 14:30:00-04:00,32902.62109375,32955.3984375,32837.26953125,32920.21875,31326892,0.0,0.0
2022-06-01 15:30:00-04:00,32920.12109375,32984.8515625,32805.3203125,32814.51171875,42048902,0.0,0.0
2022-06-02 09:30:00-04:00,32809.01171875,32858.30078125,32509.4296875,32563.76953125,0,0.0,0.0
2022-06-02 10:30:00-04:00,32565.529296875,32852.609375,32542.8203125,32814.25,40025432,0.0,0.0
2022-06-02 11:30:00-04:00,32816.078125,32964.9296875,32748.849609375,32964.51171875,31070007,0.0,0.0
2022-06-02 12:30:00-04:00,32964.37890625,33024.890625,32956.5703125,32988.94921875,29634778,0.0,0.0
2022-06-02 13:30:00-04:00,32988.6484375,33090.890625,32985.1484375,33058.26953125,29043091,0.0,0.0
2022-06-02 14:30:00-04:00,33058.2890625,33132.26171875,33038.96875,33089.41015625,40478975,0.0,0.0
2022-06-02 15:30:00-04:00,33089.62890625,33245.48046875,33084.23046875,33245.48046875,45544873,0.0,0.0
2022-06-03 09:30:00-04:00,32986.3203125,33135.609375,32942.109375,33035.26171875,0,0.0,0.0
2022-06-03 10:30:00-04:00,33035.05859375,33066.33984375,32852.8203125,32885.6796875,36392040,0.0,0.0
2022-06-03 11:30:00-04:00,32886.109375,32964.12890625,32852.62109375,32948.87109375,27052319,0.0,0.0
2022-06-03 12:30:00-04:00,32948.7109375,33108.16015625,32931.44140625,32986.83984375,26451299,0.0,0.0
2022-06-03 13:30:00-04:00,32987.76953125,33019.6796875,32905.1015625,33019.6796875,22066944,0.0,0.0
2022-06-03 14:30:00-04:00,33018.83984375,33019.609375,32855.01171875,32924.328125,27382153,0.0,0.0
2022-06-03 15:30:00-04:00,32925.75,32946.0,32839.2109375,32896.890625,45006063,0.0,0.0
2022-06-06 09:30:00-04:00,33032.0390625,33235.37109375,33032.0390625,33202.01171875,0,0.0,0.0
2022-06-06 10:30:00-04:00,33202.109375,33230.28125,32972.109375,33006.8203125,31964701,0.0,0.0
2022-06-06 11:30:00-04:00,33006.6015625,33068.71875,32888.75,32894.828125,24495856,0.0,0.0
2022-06-06 12:30:00-04:00,32894.7890625,32962.01171875,32872.44140625,32928.30078125,20462737,0.0,0.0
2022-06-06 13:30:00-04:00,32928.19921875,33027.2109375,32887.1796875,32905.51171875,22479603,0.0,0.0
2022-06-06 14:30:00-04:00,32904.23828125,32934.05078125,32819.5,32849.28125,28524141,0.0,0.0
2022-06-06 15:30:00-04:00,32848.91015625,32966.19921875,32819.921875,32913.078125,34322903,0.0,0.0
2022-06-07 09:30:00-04:00,32783.03125,32831.98046875,32641.849609375,32823.87109375,0,0.0,0.0
2022-06-07 10:30:00-04:00,32824.80078125,32997.609375,32824.80078125,32903.19140625,32455774,0.0,0.0
2022-06-07 11:30:00-04:00,32903.08984375,32920.26171875,32830.94921875,32877.21875,23381897,0.0,0.0
2022-06-07 12:30:00-04:00,32877.26171875,33049.828125,32863.30859375,33033.5,22174879,0.0,0.0
2022-06-07 13:30:00-04:00,33033.359375,33105.16015625,32991.37109375,33072.55859375,23415311,0.0,0.0
2022-06-07 14:30:00-04:00,33073.19921875,33120.8515625,33012.76953125,33115.94140625,25010390,0.0,0.0
2022-06-07 15:30:00-04:00,33116.48046875,33207.44921875,33110.30859375,33174.859375,37999794,0.0,0.0
2022-06-08 09:30:00-04:00,33087.0703125,33140.87890625,32930.26171875,33042.03125,0,0.0,0.0
2022-06-08 10:30:00-04:00,33041.87109375,33136.26953125,33002.94140625,33108.01171875,30719195,0.0,0.0
2022-06-08 11:30:00-04:00,33108.140625,33156.5,33052.1796875,33079.6484375,23484206,0.0,0.0
2022-06-08 12:30:00-04:00,33079.6015625,33079.7890625,32896.62109375,32906.87890625,25206887,0.0,0.0
2022-06-08 13:30:00-04:00,32905.1484375,32918.828125,32824.9296875,32858.328125,25445346,0.0,0.0
2022-06-08 14:30:00-04:00,32857.4296875,32961.26953125,32824.37109375,32950.16015625,26846160,0.0,0.0
2022-06-08 15:30:00-04:00,32949.98828125,32975.5,32874.0,32910.19921875,34830514,0.0,0.0
2022-06-09 09:30:00-04:00,32828.62109375,32956.73046875,32712.859375,32826.1796875,0,0.0,0.0
2022-06-09 10:30:00-04:00,32825.83984375,32869.37890625,32679.310546875,32737.6796875,30290625,0.0,0.0
2022-06-09 11:30:00-04:00,32737.41015625,32839.25,32703.779296875,32798.55859375,24262226,0.0,0.0
2022-06-09 12:30:00-04:00,32798.421875,32900.76171875,32784.4609375,32790.6015625,19817717,0.0,0.0
2022-06-09 13:30:00-04:00,32793.05859375,32822.671875,32720.9609375,32747.05078125,21807957,0.0,0.0
2022-06-09 14:30:00-04:00,32746.9296875,32746.9296875,32479.080078125,32479.080078125,34930391,0.0,0.0
2022-06-09 15:30:00-04:00,32478.0,32488.48046875,32267.779296875,32272.439453125,51758602,0.0,0.0
2022-06-10 09:30:00-04:00,32053.51953125,32053.51953125,31449.759765625,31467.23046875,0,0.0,0.0
2022-06-10 10:30:00-04:00,31466.150390625,31628.640625,31463.41015625,31506.390625,49731958,0.0,0.0
2022-06-10 11:30:00-04:00,31504.560546875,31585.4296875,31438.23046875,31509.4609375,31845635,0.0,0.0
2022-06-10 12:30:00-04:00,31510.0,31554.76953125,31419.689453125,31554.76953125,26198650,0.0,0.0
2022-06-10 13:30:00-04:00,31554.76953125,31623.119140625,31484.8203125,31560.779296875,30470547,0.0,0.0
2022-06-10 14:30:00-04:00,31560.900390625,31717.25,31522.0,31660.2109375,35285577,0.0,0.0
2022-06-10 15:30:00-04:00,31660.0390625,31682.349609375,31387.83984375,31387.83984375,58621404,0.0,0.0
2022-06-13 09:30:00-04:00,31144.91015625,31144.91015625,30606.330078125,30647.76953125,0,0.0,0.0
2022-06-13 10:30:00-04:00,30646.0,30719.259765625,30493.0703125,30652.830078125,60066410,0.0,0.0
2022-06-13 11:30:00-04:00,30652.240234375,30820.900390625,30603.439453125,30766.599609375,44522291,0.0,0.0
2022-06-13 12:30:00-04:00,30766.169921875,30919.939453125,30628.73046875,30662.58984375,33452336,0.0,0.0
2022-06-13 13:30:00-04:00,30662.400390625,30840.80078125,30623.529296875,30672.560546875,33337784,0.0,0.0
2022-06-13 14:30:00-04:00,30670.890625,30780.390625,30505.529296875,30505.529296875,56634695,0.0,0.0
2022-06-13 15:30:00-04:00,30505.240234375,30557.58984375,30373.720703125,30531.630859375,77271622,0.0,0.0
2022-06-14 09:30:00-04:00,30592.33984375,30690.80078125,30428.330078125,30428.330078125,0,0.0,0.0
2022-06-14 10:30:00-04:00,30429.099609375,30543.810546875,30310.41015625,30368.119140625,44837210,0.0,0.0
2022-06-14 11:30:00-04:00,30369.009765625,30440.3203125,30265.189453125,30317.759765625,39032124,0.0,0.0
2022-06-14 12:30:00-04:00,30317.76953125,30541.859375,30258.8203125,30431.48046875,32244202,0.0,0.0
2022-06-14 13:30:00-04:00,30430.55078125,30439.689453125,30266.51953125,30340.5,32853286,0.0,0.0
2022-06-14 14:30:00-04:00,30340.599609375,30369.58984375,30144.23046875,30280.169921875,38733414,0.0,0.0
2022-06-14 15:30:00-04:00,30279.830078125,30471.5703125,30279.830078125,30371.880859375,54300157,0.0,0.0
2022-06-15 09:30:00-04:00,30570.5,30761.9296875,30569.3203125,30704.98046875,0,0.0,0.0
2022-06-15 10:30:00-04:00,30708.310546875,30715.869140625,30459.98046875,30508.16015625,35436397,0.0,0.0
2022-06-15 11:30:00-04:00,30507.0390625,30598.359375,30482.869140625,30589.060546875,30437407,0.0,0.0
2022-06-15 12:30:00-04:00,30588.849609375,30615.7109375,30463.060546875,30554.189453125,27390183,0.0,0.0
2022-06-15 13:30:00-04:00,30553.9609375,30731.580078125,30309.279296875,30370.330078125,43877999,0.0,0.0
2022-06-15 14:30:00-04:00,30367.150390625,30910.1796875,30185.080078125,30909.859375,75571026,0.0,0.0
2022-06-15 15:30:00-04:00,30908.439453125,31011.970703125,30618.7109375,30663.359375,56686949,0.0,0.0
2022-06-16 09:30:00-04:00,30305.740234375,30305.740234375,29878.189453125,30049.7109375,0,0.0,0.0
2022-06-16 10:30:00-04:00,30047.720703125,30060.310546875,29808.1796875,29987.470703125,54506536,0.0,0.0
2022-06-16 11:30:00-04:00,29988.630859375,30008.390625,29883.1796875,29981.5703125,37875975,0.0,0.0
2022-06-16 12:30:00-04:00,29981.33984375,30094.220703125,29919.1796875,30064.189453125,35093277,0.0,0.0
2022-06-16 13:30:00-04:00,30063.330078125,30077.720703125,29843.16015625,29843.650390625,39908403,0.0,0.0
2022-06-16 14:30:00-04:00,29843.4609375,29991.400390625,29740.349609375,29947.060546875,52607268,0.0,0.0
2022-06-16 15:30:00-04:00,29947.279296875,29960.189453125,29782.55078125,29940.6796875,70291007,0.0,0.0
2022-06-17 09:30:00-04:00,29912.69921875,30167.51953125,29783.150390625,29810.619140625,0,0.0,0.0
2022-06-17 10:30:00-04:00,29809.599609375,29976.94921875,29653.2890625,29944.94921875,55264878,0.0,0.0
2022-06-17 11:30:00-04:00,29945.369140625,30022.98046875,29767.330078125,29880.150390625,43691747,0.0,0.0
2022-06-17 12:30:00-04:00,29881.359375,30104.8203125,29832.869140625,29985.23046875,39295179,0.0,0.0
2022-06-17 13:30:00-04:00,29986.669921875,30120.029296875,29931.220703125,30050.220703125,35664200,0.0,0.0
2022-06-17 14:30:00-04:00,30050.810546875,30140.7890625,29891.55078125,30056.83984375,48310799,0.0,0.0
2022-06-17 15:30:00-04:00,30057.890625,30070.3203125,29877.26953125,29877.26953125,72185289,0.0,0.0
2022-06-21 09:30:00-04:00,30074.689453125,30449.599609375,30074.689453125,30423.26953125,0,0.0,0.0
2022-06-21 10:30:00-04:00,30423.9296875,30507.119140625,30404.0390625,30430.830078125,38543289,0.0,0.0
2022-06-21 11:30:00-04:00,30430.859375,30468.880859375,30367.0,30430.650390625,33153226,0.0,0.0
2022-06-21 12:30:00-04:00,30429.880859375,30519.9609375,30417.640625,30490.91015625,26028765,0.0,0.0
2022-06-21 13:30:00-04:00,30490.609375,30536.0703125,30453.30078125,30515.9609375,29640174,0.0,0.0
2022-06-21 14:30:00-04:00,30516.26953125,30653.98046875,30491.150390625,30596.830078125,36854384,0.0,0.0
2022-06-21 15:30:00-04:00,30597.0703125,30609.369140625,30519.740234375,30539.55078125,44629726,0.0,0.0
2022-06-22 09:30:00-04:00,30352.5703125,30622.470703125,30166.009765625,30598.76953125,0,0.0,0.0
2022-06-22 10:30:00-04:00,30599.1796875,30686.380859375,30507.2109375,30623.130859375,43068102,0.0,0.0
2022-06-22 11:30:00-04:00,30622.369140625,30680.630859375,30449.900390625,30545.55078125,32263897,0.0,0.0
2022-06-22 12:30:00-04:00,30541.66015625,30683.16015625,30513.94921875,30663.26953125,26648914,0.0,0.0
2022-06-22 13:30:00-04:00,30662.509765625,30777.919921875,30589.98046875,30676.359375,29494884,0.0,0.0
2022-06-22 14:30:00-04:00,30678.150390625,30694.720703125,30552.8203125,30571.0703125,30925494,0.0,0.0
2022-06-22 15:30:00-04:00,30570.830078125,30597.98046875,30467.7109375,30467.7109375,43392442,0.0,0.0
2022-06-23 09:30:00-04:00,30570.330078125,30715.630859375,30529.259765625,30573.310546875,0,0.0,0.0
2022-06-23 10:30:00-04:00,30573.919921875,30697.560546875,30547.099609375,30555.349609375,43061859,0.0,0.0
2022-06-23 11:30:00-04:00,30554.810546875,30571.080078125,30337.259765625,30378.279296875,39288722,0.0,0.0
2022-06-23 12:30:00-04:00,30379.150390625,30408.51953125,30293.400390625,30369.080078125,34730637,0.0,0.0
2022-06-23 13:30:00-04:00,30368.0,30450.98046875,30327.619140625,30450.390625,32011905,0.0,0.0
2022-06-23 14:30:00-04:00,30450.3203125,30592.419921875,30449.76953125,30578.33984375,40962968,0.0,0.0
2022-06-23 15:30:00-04:00,30577.890625,30702.83984375,30575.529296875,30682.400390625,52170009,0.0,0.0
2022-06-24 09:30:00-04:00,30846.939453125,31300.390625,30846.939453125,31257.830078125,0,0.0,0.0
2022-06-24 10:30:00-04:00,31258.689453125,31337.849609375,31210.94921875,31333.0703125,44443252,0.0,0.0
2022-06-24 11:30:00-04:00,31332.849609375,31358.060546875,31300.51953125,31307.51953125,31067461,0.0,0.0
2022-06-24 12:30:00-04:00,31307.76953125,31370.51953125,31295.900390625,31343.580078125,26293924,0.0,0.0
2022-06-24 13:30:00-04:00,31343.640625,31368.1796875,31300.919921875,31331.4609375,27631908,0.0,0.0
2022-06-24 14:30:00-04:00,31331.560546875,31403.029296875,31325.689453125,31401.109375,32575774,0.0,0.0
2022-06-24 15:30:00-04:00,31400.890625,31505.58984375,31377.259765625,31502.859375,62384962,0.0,0.0
2022-06-27 09:30:00-04:00,31533.599609375,31576.080078125,31384.599609375,31432.69921875,0,0.0,0.0
2022-06-27 10:30:00-04:00,31428.359375,31598.58984375,31421.08984375,31579.630859375,33338764,0.0,0.0
2022-06-27 11:30:00-04:00,31579.390625,31585.25,31482.990234375,31495.740234375,26609837,0.0,0.0
2022-06-27 12:30:00-04:00,31495.599609375,31551.73046875,31449.9609375,31488.150390625,23610119,0.0,0.0
2022-06-27 13:30:00-04:00,31487.650390625,31487.650390625,31389.26953125,31436.380859375,25505135,0.0,0.0
2022-06-27 14:30:00-04:00,31436.359375,31488.4609375,31351.369140625,31449.01953125,27908270,0.0,0.0
2022-06-27 15:30:00-04:00,31448.720703125,31477.939453125,31358.619140625,31444.8203125,40089774,0.0,0.0
2022-06-28 09:30:00-04:00,31549.05078125,31885.08984375,31549.05078125,31574.099609375,0,0.0,0.0
2022-06-28 10:30:00-04:00,31573.529296875,31578.060546875,31324.900390625,31327.9609375,43030591,0.0,0.0
2022-06-28 11:30:00-04:00,31326.919921875,31360.509765625,31185.970703125,31267.900390625,38856676,0.0,0.0
2022-06-28 12:30:00-04:00,31270.529296875,31296.220703125,31107.16015625,31182.990234375,28157485,0.0,0.0
2022-06-28 13:30:00-04:00,31182.990234375,31193.4296875,31019.970703125,31042.05078125,24665960,0.0,0.0
2022-06-28 14:30:00-04:00,31041.75,31043.640625,30950.94921875,31001.7109375,32523746,0.0,0.0
2022-06-28 15:30:00-04:00,31001.23046875,31017.26953125,30934.330078125,30947.48046875,45651204,0.0,0.0
2022-06-29 09:30:00-04:00,31067.41015625,31152.9609375,30894.529296875,31064.5703125,0,0.0,0.0
2022-06-29 10:30:00-04:00,31065.2109375,31134.779296875,30936.400390625,30980.619140625,33900327,0.0,0.0
2022-06-29 11:30:00-04:00,30979.509765625,31061.560546875,30898.55078125,30906.3203125,25101456,0.0,0.0
2022-06-29 12:30:00-04:00,30906.419921875,31033.01953125,30903.330078125,30975.05078125,23553173,0.0,0.0
2022-06-29 13:30:00-04:00,30974.759765625,31145.05078125,30943.859375,31127.5703125,24159303,0.0,0.0
2022-06-29 14:30:00-04:00,31127.669921875,31131.640625,30973.7890625,31100.1796875,28952197,0.0,0.0
2022-06-29 15:30:00-04:00,31100.0,31101.310546875,30966.3203125,31020.05078125,38690439,0.0,0.0
2022-06-30 09:30:00-04:00,30790.0,30790.0,30431.869140625,30534.390625,0,0.0,0.0
2022-06-30 10:30:00-04:00,30533.51953125,30781.26953125,30516.01953125,30755.109375,44877113,0.0,0.0
2022-06-30 11:30:00-04:00,30749.580078125,30929.55078125,30695.130859375,30925.55078125,35055237,0.0,0.0
2022-06-30 12:30:00-04:00,30928.720703125,30979.849609375,30775.98046875,30860.189453125,28111627,0.0,0.0
2022-06-30 13:30:00-04:00,30862.279296875,30977.55078125,30795.529296875,30858.490234375,28763449,0.0,0.0
2022-06-30 14:30:00-04:00,30859.080078125,30872.140625,30606.869140625,30770.830078125,34298256,0.0,0.0
2022-06-30 15:30:00-04:00,30769.640625,30864.640625,30661.060546875,30824.0,57515513,0.0,0.0
2022-07-01 09:30:00-04:00,30737.76953125,30954.380859375,30556.08984375,30563.580078125,0,0.0,0.0
2022-07-01 10:30:00-04:00,30563.2109375,30758.619140625,30487.7890625,30667.740234375,42622122,0.0,0.0
2022-07-01 11:30:00-04:00,30671.169921875,30745.900390625,30585.490234375,30731.130859375,27429730,0.0,0.0
2022-07-01 12:30:00-04:00,30730.80078125,30776.689453125,30665.689453125,30773.810546875,22718998,0.0,0.0
2022-07-01 13:30:00-04:00,30773.8203125,30981.69921875,30771.41015625,30943.55078125,28572300,0.0,0.0
2022-07-01 14:30:00-04:00,30945.119140625,31069.029296875,30945.119140625,31030.76953125,30986541,0.0,0.0
2022-07-01 15:30:00-04:00,31031.58984375,31139.349609375,31030.109375,31096.19921875,41733639,0.0,0.0
2022-07-05 09:30:00-04:00,30903.119140625,30903.119140625,30446.509765625,30472.689453125,0,0.0,0.0
2022-07-05 10:30:00-04:00,30474.140625,30574.099609375,30355.119140625,30422.330078125,36183495,0.0,0.0
2022-07-05 11:30:00-04:00,30423.41015625,30638.140625,30400.25,30594.919921875,31234169,0.0,0.0
2022-07-05 12:30:00-04:00,30595.609375,30632.849609375,30496.279296875,30594.19921875,25274257,0.0,0.0
2022-07-05 13:30:00-04:00,30594.69921875,30746.330078125,30568.5703125,30738.33984375,25332579,0.0,0.0
2022-07-05 14:30:00-04:00,30738.2890625,30938.5703125,30738.2890625,30928.140625,34555074,0.0,0.0
2022-07-05 15:30:00-04:00,30927.05078125,30969.400390625,30884.509765625,30969.26953125,39408206,0.0,0.0
2022-07-06 09:30:00-04:00,30957.30078125,31090.19921875,30888.73046875,31006.9296875,0,0.0,0.0
2022-07-06 10:30:00-04:00,31009.009765625,31027.55078125,30845.8203125,30871.140625,33739566,0.0,0.0
2022-07-06 11:30:00-04:00,30871.580078125,30877.91015625,30794.83984375,30823.2109375,24902179,0.0,0.0
2022-07-06 12:30:00-04:00,30823.220703125,30936.279296875,30811.4296875,30867.66015625,20350973,0.0,0.0
2022-07-06 13:30:00-04:00,30867.630859375,31032.630859375,30840.48046875,31030.0703125,29975958,0.0,0.0
2022-07-06 14:30:00-04:00,31030.83984375,31184.640625,31015.689453125,31183.109375,37304157,0.0,0.0
2022-07-06 15:30:00-04:00,31181.919921875,31224.689453125,30989.0703125,31036.23046875,40329943,0.0,0.0
2022-07-07 09:30:00-04:00,31190.650390625,31333.7109375,31154.640625,31218.689453125,0,0.0,0.0
2022-07-07 10:30:00-04:00,31218.859375,31341.41015625,31205.259765625,31263.880859375,32812723,0.0,0.0
2022-07-07 11:30:00-04:00,31262.130859375,31330.80078125,31254.810546875,31321.51953125,24677553,0.0,0.0
2022-07-07 12:30:00-04:00,31321.689453125,31347.6796875,31236.849609375,31240.669921875,22019007,0.0,0.0
2022-07-07 13:30:00-04:00,31240.7890625,31359.990234375,31232.859375,31359.990234375,23117377,0.0,0.0
2022-07-07 14:30:00-04:00,31359.9296875,31421.83984375,31309.259765625,31369.669921875,28800599,0.0,0.0
2022-07-07 15:30:00-04:00,31370.8203125,31408.91015625,31342.939453125,31374.529296875,40890340,0.0,0.0
2022-07-08 09:30:00-04:00,31348.4296875,31454.759765625,31212.44921875,31438.990234375,0,0.0,0.0
2022-07-08 10:30:00-04:00,31439.98046875,31511.4609375,31406.619140625,31487.08984375,30098388,0.0,0.0
2022-07-08 11:30:00-04:00,31487.0,31502.4296875,31355.109375,31359.470703125,21617837,0.0,0.0
2022-07-08 12:30:00-04:00,31359.369140625,31369.08984375,31253.900390625,31340.109375,21944953,0.0,0.0
2022-07-08 13:30:00-04:00,31339.94921875,31437.58984375,31319.4609375,31431.7109375,20677229,0.0,0.0
2022-07-08 14:30:00-04:00,31431.380859375,31490.609375,31419.98046875,31427.8203125,20426441,0.0,0.0
2022-07-08 15:30:00-04:00,31428.01953125,31434.98046875,31319.26953125,31338.970703125,31605873,0.0,0.0
2022-07-11 09:30:00-04:00,31277.98046875,31301.240234375,31123.5390625,31159.259765625,0,0.0,0.0
2022-07-11 10:30:00-04:00,31160.2109375,31249.359375,31159.009765625,31239.439453125,27083936,0.0,0.0
2022-07-11 11:30:00-04:00,31239.83984375,31253.44921875,31171.240234375,31211.83984375,21003547,0.0,0.0
2022-07-11 12:30:00-04:00,31211.609375,31330.619140625,31204.0390625,31328.58984375,21423442,0.0,0.0
2022-07-11 13:30:00-04:00,31328.240234375,31367.55078125,31243.0390625,31256.609375,19116638,0.0,0.0
2022-07-11 14:30:00-04:00,31256.58984375,31286.6796875,31140.6796875,31165.80078125,24879716,0.0,0.0
2022-07-11 15:30:00-04:00,31165.779296875,31182.5,31114.400390625,31177.630859375,34386804,0.0,0.0
2022-07-12 09:30:00-04:00,31113.310546875,31303.119140625,31080.80078125,31170.759765625,0,0.0,0.0
2022-07-12 10:30:00-04:00,31172.099609375,31318.150390625,31171.619140625,31308.150390625,40270906,0.0,0.0
2022-07-12 11:30:00-04:00,31308.6796875,31329.330078125,31227.1796875,31295.5,28714727,0.0,0.0
2022-07-12 12:30:00-04:00,31294.9296875,31346.099609375,31237.0390625,31264.990234375,26788914,0.0,0.0
2022-07-12 13:30:00-04:00,31264.990234375,31280.890625,31217.25,31230.7890625,23979649,0.0,0.0
2022-07-12 14:30:00-04:00,31230.91015625,31238.76953125,30964.390625,30969.69921875,38697629,0.0,0.0
2022-07-12 15:30:00-04:00,30969.23046875,31006.8203125,30860.509765625,30999.349609375,50234964,0.0,0.0
2022-07-13 09:30:00-04:00,30743.630859375,30806.26953125,30514.609375,30582.640625,0,0.0,0.0
2022-07-13 10:30:00-04:00,30582.859375,30894.529296875,30566.029296875,30768.560546875,42328311,0.0,0.0
2022-07-13 11:30:00-04:00,30767.5390625,30852.060546875,30724.55078125,30848.30078125,26881143,0.0,0.0
2022-07-13 12:30:00-04:00,30848.390625,30979.169921875,30829.26953125,30901.33984375,22744910,0.0,0.0
2022-07-13 13:30:00-04:00,30901.1796875,30917.23046875,30728.470703125,30855.4296875,24019086,0.0,0.0
2022-07-13 14:30:00-04:00,30857.890625,30948.109375,30846.330078125,30861.75,26238879,0.0,0.0
2022-07-13 15:30:00-04:00,30861.8203125,30872.689453125,30764.919921875,30766.599609375,36355088,0.0,0.0
2022-07-14 09:30:00-04:00,30451.80078125,30451.80078125,30143.9296875,30210.919921875,0,0.0,0.0
2022-07-14 10:30:00-04:00,30210.140625,30360.900390625,30155.599609375,30348.580078125,42661916,0.0,0.0
2022-07-14 11:30:00-04:00,30349.26953125,30489.390625,30306.5,30357.419921875,34928377,0.0,0.0
2022-07-14 12:30:00-04:00,30357.689453125,30425.349609375,30280.08984375,30417.51953125,25574847,0.0,0.0
2022-07-14 13:30:00-04:00,30416.470703125,30618.310546875,30356.869140625,30614.609375,34926653,0.0,0.0
2022-07-14 14:30:00-04:00,30614.640625,30668.98046875,30567.5390625,30668.83984375,35068899,0.0,0.0
2022-07-14 15:30:00-04:00,30669.880859375,30680.119140625,30596.8203125,30628.720703125,38264493,0.0,0.0
2022-07-15 09:30:00-04:00,30775.369140625,31245.48046875,30775.369140625,31240.73046875,0,0.0,0.0
2022-07-15 10:30:00-04:00,31241.4296875,31287.5,31163.509765625,31252.689453125,34027560,0.0,0.0
2022-07-15 11:30:00-04:00,31253.3203125,31265.359375,31164.5703125,31179.560546875,27934352,0.0,0.0
2022-07-15 12:30:00-04:00,31180.55078125,31254.51953125,31143.1796875,31254.51953125,22528098,0.0,0.0
2022-07-15 13:30:00-04:00,31254.55078125,31269.44921875,31172.0390625,31217.05078125,28964844,0.0,0.0
2022-07-15 14:30:00-04:00,31217.05078125,31243.83984375,31194.359375,31195.5390625,26751205,0.0,0.0
2022-07-15 15:30:00-04:00,31195.439453125,31287.33984375,31162.029296875,31272.859375,48238715,0.0,0.0
2022-07-18 09:30:00-04:00,31475.98046875,31644.6796875,31435.140625,31464.029296875,0,0.0,0.0
2022-07-18 10:30:00-04:00,31464.099609375,31502.4609375,31411.5390625,31428.759765625,30285011,0.0,0.0
2022-07-18 11:30:00-04:00,31428.859375,31494.509765625,31415.689453125,31423.029296875,26279459,0.0,0.0
2022-07-18 12:30:00-04:00,31424.7890625,31456.69921875,31328.0,31371.94921875,24211625,0.0,0.0
2022-07-18 13:30:00-04:00,31372.029296875,31372.33984375,31217.470703125,31221.5,40230921,0.0,0.0
2022-07-18 14:30:00-04:00,31221.140625,31268.609375,31147.7890625,31147.7890625,30742243,0.0,0.0
2022-07-18 15:30:00-04:00,31146.05078125,31146.400390625,30982.970703125,31064.48046875,42191200,0.0,0.0
2022-07-19 09:30:00-04:00,31165.91015625,31517.41015625,31165.91015625,31507.0390625,0,0.0,0.0
2022-07-19 10:30:00-04:00,31507.169921875,31600.740234375,31484.5703125,31583.51953125,43499677,0.0,0.0
2022-07-19 11:30:00-04:00,31583.73046875,31628.689453125,31532.890625,31609.029296875,30331548,0.0,0.0
2022-07-19 12:30:00-04:00,31609.08984375,31680.189453125,31608.66015625,31631.009765625,29674772,0.0,0.0
2022-07-19 13:30:00-04:00,31630.939453125,31789.890625,31630.939453125,31723.1796875,37706709,0.0,0.0
2022-07-19 14:30:00-04:00,31723.109375,31784.51953125,31702.849609375,31768.44921875,43579390,0.0,0.0
2022-07-19 15:30:00-04:00,31768.720703125,31842.25,31739.1796875,31812.529296875,57639327,0.0,0.0
2022-07-20 09:30:00-04:00,31829.990234375,31843.80078125,31646.94921875,31782.0703125,0,0.0,0.0
2022-07-20 10:30:00-04:00,31781.609375,31931.880859375,31775.30078125,31860.439453125,41626089,0.0,0.0
2022-07-20 11:30:00-04:00,31860.619140625,31944.44921875,31834.390625,31892.150390625,27930801,0.0,0.0
2022-07-20 12:30:00-04:00,31891.58984375,31912.1796875,31680.73046875,31783.3203125,34405087,0.0,0.0
2022-07-20 13:30:00-04:00,31783.3203125,31848.3203125,31676.060546875,31839.859375,27261208,0.0,0.0
2022-07-20 14:30:00-04:00,31840.05078125,31922.69921875,31768.560546875,31920.990234375,33304098,0.0,0.0
2022-07-20 15:30:00-04:00,31920.939453125,31929.73046875,31857.26953125,31870.169921875,44731346,0.0,0.0
2022-07-21 09:30:00-04:00,31826.490234375,31838.26953125,31534.080078125,31556.26953125,0,0.0,0.0
2022-07-21 10:30:00-04:00,31555.2890625,31729.41015625,31534.599609375,31701.470703125,35735487,0.0,0.0
2022-07-21 11:30:00-04:00,31701.3203125,31911.5,31691.310546875,31907.94921875,30961633,0.0,0.0
2022-07-21 12:30:00-04:00,31907.810546875,31929.76953125,31827.76953125,31844.349609375,27544610,0.0,0.0
2022-07-21 13:30:00-04:00,31844.130859375,31902.060546875,31778.150390625,31890.099609375,25603799,0.0,0.0
2022-07-21 14:30:00-04:00,31890.880859375,31958.08984375,31833.400390625,31941.890625,27436949,0.0,0.0
2022-07-21 15:30:00-04:00,31941.150390625,32037.41015625,31919.55078125,32037.23046875,39851555,0.0,0.0
2022-07-22 09:30:00-04:00,32167.919921875,32219.25,32010.259765625,32084.169921875,0,0.0,0.0
2022-07-22 10:30:00-04:00,32084.2890625,32153.0,32006.4609375,32006.4609375,37088276,0.0,0.0
2022-07-22 11:30:00-04:00,32006.560546875,32017.2890625,31916.060546875,31959.009765625,35842790,0.0,0.0
2022-07-22 12:30:00-04:00,31958.640625,32015.529296875,31838.76953125,31864.26953125,26405547,0.0,0.0
2022-07-22 13:30:00-04:00,31864.220703125,31864.220703125,31731.470703125,31785.880859375,25273607,0.0,0.0
2022-07-22 14:30:00-04:00,31785.83984375,31878.029296875,31754.490234375,31877.529296875,32000140,0.0,0.0
2022-07-22 15:30:00-04:00,31877.990234375,31909.640625,31800.529296875,31904.169921875,43857166,0.0,0.0
2022-07-25 09:30:00-04:00,31950.9296875,32029.029296875,31859.130859375,31937.23046875,0,0.0,0.0
2022-07-25 10:30:00-04:00,31937.4296875,32001.939453125,31865.650390625,31989.470703125,31443828,0.0,0.0
2022-07-25 11:30:00-04:00,31989.529296875,32026.7890625,31895.630859375,31934.58984375,26453005,0.0,0.0
2022-07-25 12:30:00-04:00,31934.9296875,32024.880859375,31933.419921875,31977.7109375,21815389,0.0,0.0
2022-07-25 13:30:00-04:00,31977.349609375,31981.919921875,31873.880859375,31884.880859375,19047021,0.0,0.0
2022-07-25 14:30:00-04:00,31885.169921875,31914.6796875,31821.669921875,31865.44921875,25583022,0.0,0.0
2022-07-25 15:30:00-04:00,31863.580078125,32006.189453125,31854.740234375,31984.33984375,36893038,0.0,0.0
2022-07-26 09:30:00-04:00,31950.0390625,31950.0390625,31826.44921875,31894.830078125,0,0.0,0.0
2022-07-26 10:30:00-04:00,31894.23046875,31943.130859375,31799.849609375,31805.109375,36448386,0.0,0.0
2022-07-26 11:30:00-04:00,31802.580078125,31836.41015625,31759.94921875,31829.66015625,36433031,0.0,0.0
2022-07-26 12:30:00-04:00,31829.7109375,31923.470703125,31817.359375,31910.0703125,29096496,0.0,0.0
2022-07-26 13:30:00-04:00,31909.75,31910.330078125,31769.970703125,31771.890625,29346239,0.0,0.0
2022-07-26 14:30:00-04:00,31771.599609375,31776.01953125,31705.359375,31760.720703125,32773418,0.0,0.0
2022-07-26 15:30:00-04:00,31760.880859375,31797.990234375,31708.73046875,31755.669921875,45157633,0.0,0.0
2022-07-27 09:30:00-04:00,31865.05078125,31949.109375,31855.439453125,31910.859375,0,0.0,0.0
2022-07-27 10:30:00-04:00,31911.060546875,31956.220703125,31856.140625,31881.880859375,36046460,0.0,0.0
2022-07-27 11:30:00-04:00,31881.6796875,31933.919921875,31880.58984375,31896.41015625,28146812,0.0,0.0
2022-07-27 12:30:00-04:00,31895.8203125,31900.98046875,31799.4296875,31839.25,29269903,0.0,0.0
2022-07-27 13:30:00-04:00,31839.359375,31945.0,31821.279296875,31887.6796875,30649477,0.0,0.0
2022-07-27 14:30:00-04:00,31887.58984375,32328.099609375,31813.740234375,32328.099609375,60943370,0.0,0.0
2022-07-27 15:30:00-04:00,32329.119140625,32336.23046875,32188.51953125,32188.69921875,55392356,0.0,0.0
2022-07-28 09:30:00-04:00,32197.619140625,32299.44921875,31982.609375,32026.060546875,0,0.0,0.0
2022-07-28 10:30:00-04:00,32025.33984375,32395.060546875,32010.609375,32395.060546875,43550398,0.0,0.0
2022-07-28 11:30:00-04:00,32395.330078125,32449.060546875,32348.259765625,32436.48046875,33064243,0.0,0.0
2022-07-28 12:30:00-04:00,32436.48046875,32505.859375,32389.419921875,32501.33984375,26670377,0.0,0.0
2022-07-28 13:30:00-04:00,32501.5,32588.650390625,32500.279296875,32542.740234375,33040892,0.0,0.0
2022-07-28 14:30:00-04:00,32543.8203125,32609.5390625,32533.80078125,32585.5703125,37738189,0.0,0.0
2022-07-28 15:30:00-04:00,32585.9296875,32585.9296875,32506.099609375,32518.51953125,46316203,0.0,0.0
2022-07-29 09:30:00-04:00,32515.619140625,32714.109375,32493.01953125,32691.0390625,0,0.0,0.0
2022-07-29 10:30:00-04:00,32691.4609375,32710.349609375,32561.349609375,32578.080078125,59318544,0.0,0.0
2022-07-29 11:30:00-04:00,32579.599609375,32686.380859375,32575.490234375,32671.2109375,44835653,0.0,0.0
2022-07-29 12:30:00-04:00,32670.830078125,32754.3203125,32663.919921875,32686.7890625,31565412,0.0,0.0
2022-07-29 13:30:00-04:00,32686.779296875,32808.21875,32686.419921875,32798.109375,31193632,0.0,0.0
2022-07-29 14:30:00-04:00,32798.140625,32889.01953125,32791.1484375,32888.140625,38114579,0.0,0.0
2022-07-29 15:30:00-04:00,32888.12890625,32910.1796875,32829.51171875,32853.140625,61874312,0.0,0.0
2022-08-01 09:30:00-04:00,32755.7109375,32932.16015625,32640.7890625,32746.44921875,0,0.0,0.0
2022-08-01 10:30:00-04:00,32746.830078125,32946.66015625,32746.830078125,32935.69921875,42510160,0.0,0.0
2022-08-01 11:30:00-04:00,32937.0390625,32972.03125,32854.328125,32907.4296875,27759404,0.0,0.0
2022-08-01 12:30:00-04:00,32907.37109375,32921.76953125,32785.8203125,32785.94140625,27986890,0.0,0.0
2022-08-01 13:30:00-04:00,32784.91015625,32797.828125,32694.8203125,32769.578125,29399156,0.0,0.0
2022-08-01 14:30:00-04:00,32768.7890625,32881.8515625,32746.279296875,32827.62890625,29796817,0.0,0.0
2022-08-01 15:30:00-04:00,32827.03125,32864.0390625,32778.58984375,32795.25,36751161,0.0,0.0
2022-08-02 09:30:00-04:00,32691.2890625,32691.2890625,32422.470703125,32549.330078125,0,0.0,0.0
2022-08-02 10:30:00-04:00,32550.189453125,32685.109375,32542.380859375,32635.26953125,36245410,0.0,0.0
2022-08-02 11:30:00-04:00,32634.80078125,32762.44921875,32575.91015625,32753.259765625,27446573,0.0,0.0
2022-08-02 12:30:00-04:00,32753.23046875,32772.9296875,32601.330078125,32612.80078125,24890450,0.0,0.0
2022-08-02 13:30:00-04:00,32610.869140625,32610.869140625,32501.060546875,32574.310546875,34958499,0.0,0.0
2022-08-02 14:30:00-04:00,32573.130859375,32606.990234375,32428.890625,32502.91015625,31663495,0.0,0.0
2022-08-02 15:30:00-04:00,32503.060546875,32551.609375,32387.119140625,32401.140625,42262247,0.0,0.0
2022-08-03 09:30:00-04:00,32514.2109375,32678.650390625,32514.2109375,32610.740234375,0,0.0,0.0
2022-08-03 10:30:00-04:00,32610.7109375,32724.01953125,32520.470703125,32703.060546875,42518508,0.0,0.0
2022-08-03 11:30:00-04:00,32703.01953125,32761.3203125,32689.5,32739.130859375,35160033,0.0,0.0
2022-08-03 12:30:00-04:00,32739.509765625,32844.62109375,32737.609375,32840.8515625,33116134,0.0,0.0
2022-08-03 13:30:00-04:00,32840.98828125,32867.7890625,32808.21875,32850.33984375,28708454,0.0,0.0
2022-08-03 14:30:00-04:00,32850.19140625,32881.73046875,32810.01953125,32852.2109375,33837281,0.0,0.0
2022-08-03 15:30:00-04:00,32852.1015625,32912.73828125,32802.2109375,32810.7890625,43858095,0.0,0.0
2022-08-04 09:30:00-04:00,32805.69140625,32829.21875,32701.0390625,32727.759765625,0,0.0,0.0
2022-08-04 10:30:00-04:00,32725.779296875,32774.58984375,32652.630859375,32711.6796875,42956026,0.0,0.0
2022-08-04 11:30:00-04:00,32711.98046875,32761.740234375,32659.900390625,32756.189453125,32351192,0.0,0.0
2022-08-04 12:30:00-04:00,32756.2890625,32757.419921875,32653.830078125,32738.509765625,28903401,0.0,0.0
2022-08-04 13:30:00-04:00,32738.439453125,32758.669921875,32699.720703125,32737.76953125,25030911,0.0,0.0
2022-08-04 14:30:00-04:00,32737.76953125,32789.0390625,32694.689453125,32767.23046875,32608193,0.0,0.0
2022-08-04 15:30:00-04:00,32767.849609375,32769.28125,32705.509765625,32729.66015625,39093227,0.0,0.0
2022-08-05 09:30:00-04:00,32593.900390625,32749.30078125,32489.619140625,32684.9609375,0,0.0,0.0
2022-08-05 10:30:00-04:00,32684.76953125,32731.0703125,32550.330078125,32551.099609375,36128103,0.0,0.0
2022-08-05 11:30:00-04:00,32550.380859375,32657.69921875,32545.0,32645.619140625,27773568,0.0,0.0
2022-08-05 12:30:00-04:00,32645.759765625,32769.66015625,32608.76953125,32728.69921875,23797891,0.0,0.0
2022-08-05 13:30:00-04:00,32728.490234375,32782.80859375,32674.509765625,32674.76953125,22159056,0.0,0.0
2022-08-05 14:30:00-04:00,32673.9609375,32742.609375,32662.650390625,32739.080078125,26941839,0.0,0.0
2022-08-05 15:30:00-04:00,32738.689453125,32814.609375,32731.859375,32796.05859375,36495485,0.0,0.0
2022-08-08 09:30:00-04:00,32877.359375,33109.9609375,32877.359375,33045.171875,0,0.0,0.0
2022-08-08 10:30:00-04:00,33045.28125,33087.44140625,32987.25,32992.109375,33062959,0.0,0.0
2022-08-08 11:30:00-04:00,32992.46875,32998.75,32787.23828125,32807.21875,32227313,0.0,0.0
2022-08-08 12:30:00-04:00,32806.69921875,32877.6796875,32775.76171875,32818.2890625,21617099,0.0,0.0
2022-08-08 13:30:00-04:00,32818.25,32912.3984375,32811.46875,32839.78125,25156673,0.0,0.0
2022-08-08 14:30:00-04:00,32839.390625,32853.08984375,32769.1015625,32820.87109375,27580074,0.0,0.0
2022-08-08 15:30:00-04:00,32820.08984375,32872.1484375,32803.28125,32830.76171875,30824543,0.0,0.0
2022-08-09 09:30:00-04:00,32807.359375,32877.53125,32757.470703125,32812.140625,0,0.0,0.0
2022-08-09 10:30:00-04:00,32812.26953125,32865.78125,32712.830078125,32841.03125,35847486,0.0,0.0
2022-08-09 11:30:00-04:00,32841.28125,32842.62109375,32765.44921875,32767.060546875,28991792,0.0,0.0
2022-08-09 12:30:00-04:00,32767.4296875,32823.51953125,32763.76953125,32803.9296875,19926953,0.0,0.0
2022-08-09 13:30:00-04:00,32803.53125,32810.94921875,32702.66015625,32712.119140625,29536579,0.0,0.0
2022-08-09 14:30:00-04:00,32711.990234375,32796.4609375,32703.23046875,32779.390625,27312986,0.0,0.0
2022-08-09 15:30:00-04:00,32779.640625,32800.2890625,32735.689453125,32778.69140625,37442540,0.0,0.0
2022-08-10 09:30:00-04:00,33130.62890625,33320.37109375,33130.62890625,33255.21875,0,0.0,0.0
2022-08-10 10:30:00-04:00,33253.48046875,33364.41015625,33247.1015625,33316.8203125,37438140,0.0,0.0
2022-08-10 11:30:00-04:00,33317.12109375,33330.05078125,33215.6484375,33241.390625,27378100,0.0,0.0
2022-08-10 12:30:00-04:00,33241.51953125,33280.58984375,33235.609375,33242.48046875,22354943,0.0,0.0
2022-08-10 13:30:00-04:00,33242.30078125,33298.78125,33227.76171875,33243.6015625,24847625,0.0,0.0
2022-08-10 14:30:00-04:00,33243.3984375,33258.3984375,33183.05859375,33241.140625,29437482,0.0,0.0
2022-08-10 15:30:00-04:00,33240.8984375,33308.1796875,33230.28125,33304.23046875,47214662,0.0,0.0
2022-08-11 09:30:00-04:00,33451.51171875,33651.80078125,33451.51171875,33593.28125,0,0.0,0.0
2022-08-11 10:30:00-04:00,33592.6796875,33636.5703125,33447.05078125,33504.08984375,44731306,0.0,0.0
2022-08-11 11:30:00-04:00,33502.94921875,33522.71875,33434.8203125,33484.1015625,31512188,0.0,0.0
2022-08-11 12:30:00-04:00,33484.48828125,33549.08984375,33472.7109375,33515.73828125,22835389,0.0,0.0
2022-08-11 13:30:00-04:00,33514.96875,33522.46875,33409.08984375,33426.19921875,21874089,0.0,0.0
2022-08-11 14:30:00-04:00,33426.109375,33427.94140625,33289.828125,33327.2109375,29121644,0.0,0.0
2022-08-11 15:30:00-04:00,33327.6484375,33359.71875,33299.5390625,33331.359375,36909987,0.0,0.0
2022-08-12 09:30:00-04:00,33430.71875,33528.12109375,33398.3203125,33459.171875,0,0.0,0.0
2022-08-12 10:30:00-04:00,33460.21875,33541.46875,33421.62109375,33527.109375,34172835,0.0,0.0
2022-08-12 11:30:00-04:00,33527.46875,33603.41015625,33512.44140625,33599.30078125,26614237,0.0,0.0
2022-08-12 12:30:00-04:00,33599.55078125,33625.25,33587.3515625,33612.37109375,22392347,0.0,0.0
2022-08-12 13:30:00-04:00,33612.609375,33646.171875,33606.76953125,33631.62109375,20804585,0.0,0.0
2022-08-12 14:30:00-04:00,33631.75,33722.6796875,33631.6484375,33703.96875,29739835,0.0,0.0
2022-08-12 15:30:00-04:00,33703.671875,33767.08984375,33679.41015625,33755.8984375,47715149,0.0,0.0
2022-08-15 09:30:00-04:00,33710.69921875,33779.890625,33582.9609375,33729.48828125,0,0.0,0.0
2022-08-15 10:30:00-04:00,33729.30078125,33769.94140625,33686.37890625,33739.828125,29495132,0.0,0.0
2022-08-15 11:30:00-04:00,33740.8515625,33897.73828125,33735.140625,33897.73828125,28355819,0.0,0.0
2022-08-15 12:30:00-04:00,33897.94140625,33954.7109375,33897.1015625,33917.26171875,20536630,0.0,0.0
2022-08-15 13:30:00-04:00,33917.19140625,33922.5703125,33884.9296875,33919.05859375,19792094,0.0,0.0
2022-08-15 14:30:00-04:00,33918.26953125,33935.94921875,33888.73046875,33925.51953125,26955175,0.0,0.0
2022-08-15 15:30:00-04:00,33925.51953125,33950.03125,33891.98046875,33911.5703125,31420228,0.0,0.0
2022-08-16 09:30:00-04:00,33924.3515625,34018.73828125,33852.5703125,33984.69921875,0,0.0,0.0
2022-08-16 10:30:00-04:00,33984.3984375,34095.328125,33928.75,34090.01953125,36866225,0.0,0.0
2022-08-16 11:30:00-04:00,34087.73046875,34188.05078125,34078.55078125,34159.921875,27729308,0.0,0.0
2022-08-16 12:30:00-04:00,34159.6484375,34209.12109375,34130.3984375,34195.76953125,20323232,0.0,0.0
2022-08-16 13:30:00-04:00,34196.62109375,34281.359375,34184.98828125,34252.19921875,24588134,0.0,0.0
2022-08-16 14:30:00-04:00,34252.48828125,34253.6015625,34053.640625,34138.48828125,30277693,0.0,0.0
2022-08-16 15:30:00-04:00,34138.12109375,34201.41015625,34136.33984375,34154.91015625,35745444,0.0,0.0
2022-08-17 09:30:00-04:00,34029.55078125,34029.55078125,33894.69140625,33963.390625,0,0.0,0.0
2022-08-17 10:30:00-04:00,33963.33984375,33985.26171875,33899.7890625,33953.171875,34198547,0.0,0.0
2022-08-17 11:30:00-04:00,33953.2890625,33964.078125,33828.41015625,33945.5,27392918,0.0,0.0
2022-08-17 12:30:00-04:00,33945.28125,33995.5703125,33931.41015625,33993.94140625,25942466,0.0,0.0
2022-08-17 13:30:00-04:00,33993.1796875,34148.44140625,33970.58984375,34098.71875,35285743,0.0,0.0
2022-08-17 14:30:00-04:00,34098.828125,34161.01171875,33954.46875,34003.21875,32397200,0.0,0.0
2022-08-17 15:30:00-04:00,34003.05859375,34019.1796875,33945.46875,33979.44140625,33153151,0.0,0.0
2022-08-18 09:30:00-04:00,33981.859375,33983.75,33847.2109375,33893.76953125,0,0.0,0.0
2022-08-18 10:30:00-04:00,33893.859375,33962.390625,33864.640625,33948.578125,36646890,0.0,0.0
2022-08-18 11:30:00-04:00,33948.55078125,33993.87109375,33883.73046875,33891.26171875,27898868,0.0,0.0
2022-08-18 12:30:00-04:00,33890.98046875,33900.98046875,33844.4609375,33883.390625,24968449,0.0,0.0
2022-08-18 13:30:00-04:00,33883.8984375,33941.3515625,33875.2109375,33936.21875,22917232,0.0,0.0
2022-08-18 14:30:00-04:00,33935.91015625,34023.62109375,33904.3515625,34018.55859375,29249395,0.0,0.0
2022-08-18 15:30:00-04:00,34018.8515625,34043.828125,33964.87109375,34005.33984375,38210548,0.0,0.0
2022-08-19 09:30:00-04:00,33904.69140625,33904.69140625,33710.0,33770.12109375,0,0.0,0.0
2022-08-19 10:30:00-04:00,33771.4609375,33800.73046875,33680.359375,33724.55078125,34689127,0.0,0.0
2022-08-19 11:30:00-04:00,33722.640625,33778.1484375,33694.0390625,33752.51953125,24648994,0.0,0.0
2022-08-19 12:30:00-04:00,33752.51171875,33830.671875,33742.48046875,33778.51953125,25114652,0.0,0.0
2022-08-19 13:30:00-04:00,33778.58984375,33781.4609375,33699.26171875,33725.51953125,23140849,0.0,0.0
2022-08-19 14:30:00-04:00,33725.71875,33730.55078125,33627.08984375,33713.73828125,27354872,0.0,0.0
2022-08-19 15:30:00-04:00,33713.76171875,33745.66015625,33686.30859375,33704.0390625,37173551,0.0,0.0
2022-08-22 09:30:00-04:00,33586.58984375,33586.58984375,33210.0703125,33214.48046875,0,0.0,0.0
2022-08-22 10:30:00-04:00,33214.328125,33268.44921875,33189.76953125,33238.609375,33058333,0.0,0.0
2022-08-22 11:30:00-04:00,33238.390625,33278.5703125,33208.48046875,33210.8984375,26601844,0.0,0.0
2022-08-22 12:30:00-04:00,33211.03125,33239.87890625,33140.23828125,33144.16015625,26196172,0.0,0.0
2022-08-22 13:30:00-04:00,33143.5,33143.5,33041.73828125,33069.55078125,26845269,0.0,0.0
2022-08-22 14:30:00-04:00,33069.71875,33096.1484375,33007.62890625,33058.5703125,33202997,0.0,0.0
2022-08-22 15:30:00-04:00,33058.58984375,33097.03125,33008.44140625,33072.87109375,44272705,0.0,0.0
2022-08-23 09:30:00-04:00,33033.51953125,33138.26171875,32987.421875,33036.2109375,0,0.0,0.0
2022-08-23 10:30:00-04:00,33034.4609375,33098.6484375,32886.48828125,32927.6796875,33144162,0.0,0.0
2022-08-23 11:30:00-04:00,32927.4296875,32976.5,32858.890625,32862.80078125,24197846,0.0,0.0
2022-08-23 12:30:00-04:00,32862.75,32976.12890625,32861.30078125,32971.890625,23518013,0.0,0.0
2022-08-23 13:30:00-04:00,32972.03125,32993.19140625,32880.2890625,32943.859375,22502088,0.0,0.0
2022-08-23 14:30:00-04:00,32943.421875,32974.53125,32895.9296875,32953.19140625,25645260,0.0,0.0
2022-08-23 15:30:00-04:00,32953.3984375,32970.26171875,32901.51953125,32904.51171875,32603653,0.0,0.0
2022-08-24 09:30:00-04:00,32899.01171875,32969.44921875,32828.55859375,32947.0,0,0.0,0.0
2022-08-24 10:30:00-04:00,32946.7890625,33056.66015625,32883.94921875,33044.33984375,33266723,0.0,0.0
2022-08-24 11:30:00-04:00,33045.2109375,33095.5,33033.58984375,33041.5703125,25425444,0.0,0.0
2022-08-24 12:30:00-04:00,33041.80078125,33041.80078125,32897.421875,32901.7109375,22841458,0.0,0.0
2022-08-24 13:30:00-04:00,32901.921875,32957.83984375,32894.05078125,32947.80078125,19393138,0.0,0.0
2022-08-24 14:30:00-04:00,32947.671875,33013.51171875,32909.1015625,32986.48046875,24037223,0.0,0.0
2022-08-24 15:30:00-04:00,32987.0390625,33030.5390625,32958.26171875,32970.19140625,34530830,0.0,0.0
2022-08-25 09:30:00-04:00,33029.26953125,33110.25,32889.8515625,33095.96875,0,0.0,0.0
2022-08-25 10:30:00-04:00,33096.0703125,33135.53125,32948.80859375,32993.55859375,40355088,0.0,0.0
2022-08-25 11:30:00-04:00,32993.359375,33024.78125,32952.578125,32999.62890625,33043666,0.0,0.0
2022-08-25 12:30:00-04:00,32999.55859375,33044.6484375,32938.44140625,33040.5390625,27279510,0.0,0.0
2022-08-25 13:30:00-04:00,33040.76953125,33110.08984375,33033.0390625,33104.73828125,24003988,0.0,0.0
2022-08-25 14:30:00-04:00,33104.73828125,33165.3984375,33054.2890625,33160.08984375,29122648,0.0,0.0
2022-08-25 15:30:00-04:00,33160.05859375,33303.359375,33131.73046875,33301.96875,44470151,0.0,0.0
2022-08-26 09:30:00-04:00,33293.4296875,33364.69921875,32972.58984375,32992.0390625,0,0.0,0.0
2022-08-26 10:30:00-04:00,32992.76953125,32992.76953125,32708.91015625,32759.26953125,43290773,0.0,0.0
2022-08-26 11:30:00-04:00,32759.58984375,32791.69140625,32628.279296875,32663.080078125,28940612,0.0,0.0
2022-08-26 12:30:00-04:00,32663.33984375,32690.939453125,32618.689453125,32664.01953125,26260924,0.0,0.0
2022-08-26 13:30:00-04:00,32664.349609375,32664.69921875,32519.720703125,32544.259765625,26117560,0.0,0.0
2022-08-26 14:30:00-04:00,32545.6796875,32559.259765625,32393.44921875,32417.26953125,39848162,0.0,0.0
2022-08-26 15:30:00-04:00,32418.1796875,32422.880859375,32278.220703125,32288.109375,62403577,0.0,0.0
2022-08-29 09:30:00-04:00,32188.0,32188.0,32006.66015625,32090.359375,0,0.0,0.0
2022-08-29 10:30:00-04:00,32088.4296875,32111.9296875,31972.849609375,32064.73046875,42435738,0.0,0.0
2022-08-29 11:30:00-04:00,32064.48046875,32232.05078125,32049.669921875,32187.44921875,31342108,0.0,0.0
2022-08-29 12:30:00-04:00,32187.98046875,32296.91015625,32142.0,32220.619140625,35685377,0.0,0.0
2022-08-29 13:30:00-04:00,32220.6796875,32325.16015625,32174.640625,32197.310546875,25899422,0.0,0.0
2022-08-29 14:30:00-04:00,32196.580078125,32301.490234375,32168.740234375,32202.91015625,27864789,0.0,0.0
2022-08-29 15:30:00-04:00,32202.69921875,32248.140625,32091.970703125,32103.009765625,38035523,0.0,0.0
2022-08-30 09:30:00-04:00,32163.83984375,32205.66015625,31908.130859375,31944.4296875,0,0.0,0.0
2022-08-30 10:30:00-04:00,31944.26953125,31954.859375,31688.349609375,31850.939453125,54376218,0.0,0.0
2022-08-30 11:30:00-04:00,31851.880859375,31932.740234375,31806.369140625,31852.630859375,30114348,0.0,0.0
2022-08-30 12:30:00-04:00,31852.7890625,31855.01953125,31704.369140625,31732.669921875,26488054,0.0,0.0
2022-08-30 13:30:00-04:00,31734.25,31791.75,31647.220703125,31725.91015625,29635292,0.0,0.0
2022-08-30 14:30:00-04:00,31722.01953125,31881.66015625,31709.109375,31827.890625,32999687,0.0,0.0
2022-08-30 15:30:00-04:00,31827.189453125,31848.73046875,31724.619140625,31788.130859375,42837287,0.0,0.0
2022-08-31 09:30:00-04:00,31827.150390625,31966.0390625,31704.119140625,31721.7109375,0,0.0,0.0
2022-08-31 10:30:00-04:00,31721.4296875,31840.060546875,31670.509765625,31706.05078125,36737723,0.0,0.0
2022-08-31 11:30:00-04:00,31708.3203125,31820.0703125,31682.150390625,31737.619140625,26804282,0.0,0.0
2022-08-31 12:30:00-04:00,31737.990234375,31763.970703125,31629.779296875,31660.490234375,23974969,0.0,0.0
2022-08-31 13:30:00-04:00,31660.7890625,31678.66015625,31598.08984375,31625.009765625,27141553,0.0,0.0
2022-08-31 14:30:00-04:00,31625.060546875,31711.5703125,31526.630859375,31624.560546875,34400719,0.0,0.0
2022-08-31 15:30:00-04:00,31624.94921875,31699.119140625,31512.060546875,31513.859375,55509982,0.0,0.0
2022-09-01 09:30:00-04:00,31454.580078125,31454.580078125,31226.16015625,31362.779296875,0,0.0,0.0
2022-09-01 10:30:00-04:00,31362.94921875,31411.720703125,31219.75,31355.0,54006830,0.0,0.0
2022-09-01 11:30:00-04:00,31356.349609375,31466.939453125,31331.259765625,31419.25,33514277,0.0,0.0
2022-09-01 12:30:00-04:00,31419.119140625,31501.630859375,31305.990234375,31497.41015625,30392516,0.0,0.0
2022-09-01 13:30:00-04:00,31497.810546875,31555.919921875,31404.220703125,31538.6796875,27964387,0.0,0.0
2022-09-01 14:30:00-04:00,31538.6796875,31601.330078125,31478.4296875,31502.0390625,32919641,0.0,0.0
2022-09-01 15:30:00-04:00,31501.19921875,31677.509765625,31473.69921875,31658.66015625,48599596,0.0,0.0
2022-09-02 09:30:00-04:00,31848.5,31929.560546875,31712.23046875,31917.009765625,0,0.0,0.0
2022-09-02 10:30:00-04:00,31917.470703125,32001.080078125,31904.76953125,31983.119140625,35236879,0.0,0.0
2022-09-02 11:30:00-04:00,31983.380859375,32026.900390625,31823.060546875,31831.669921875,26604732,0.0,0.0
2022-09-02 12:30:00-04:00,31830.349609375,31834.880859375,31430.8203125,31447.0703125,32844324,0.0,0.0
2022-09-02 13:30:00-04:00,31445.400390625,31511.779296875,31357.150390625,31454.220703125,30484549,0.0,0.0
2022-09-02 14:30:00-04:00,31460.0,31479.349609375,31325.0,31365.48046875,32151626,0.0,0.0
2022-09-02 15:30:00-04:00,31365.740234375,31365.740234375,31182.08984375,31329.189453125,44103513,0.0,0.0
2022-09-06 09:30:00-04:00,31343.7890625,31463.890625,31048.4609375,31189.91015625,0,0.0,0.0
2022-09-06 10:30:00-04:00,31190.80078125,31448.0,31146.029296875,31295.759765625,44559316,0.0,0.0
2022-09-06 11:30:00-04:00,31294.5390625,31414.470703125,31164.98046875,31207.880859375,35207844,0.0,0.0
2022-09-06 12:30:00-04:00,31207.259765625,31266.19921875,31050.9296875,31085.80078125,30146066,0.0,0.0
2022-09-06 13:30:00-04:00,31085.970703125,31241.099609375,31070.330078125,31187.91015625,29313165,0.0,0.0
2022-09-06 14:30:00-04:00,31188.5390625,31217.369140625,31098.470703125,31172.01953125,34288817,0.0,0.0
2022-09-06 15:30:00-04:00,31172.349609375,31191.73046875,31081.259765625,31170.08984375,47100161,0.0,0.0
2022-09-07 09:30:00-04:00,31145.630859375,31290.009765625,31095.2109375,31276.8203125,0,0.0,0.0
2022-09-07 10:30:00-04:00,31277.490234375,31421.609375,31277.490234375,31379.009765625,38698474,0.0,0.0
2022-09-07 11:30:00-04:00,31378.880859375,31406.060546875,31283.490234375,31331.169921875,31263632,0.0,0.0
2022-09-07 12:30:00-04:00,31331.94921875,31463.30078125,31301.98046875,31411.23046875,30935213,0.0,0.0
2022-09-07 13:30:00-04:00,31411.25,31609.0,31410.83984375,31574.779296875,37632442,0.0,0.0
2022-09-07 14:30:00-04:00,31574.609375,31644.33984375,31564.2109375,31641.380859375,42147057,0.0,0.0
2022-09-07 15:30:00-04:00,31641.5390625,31641.5390625,31561.640625,31583.689453125,42331323,0.0,0.0
2022-09-08 09:30:00-04:00,31481.94921875,31603.73046875,31321.5,31582.1796875,0,0.0,0.0
2022-09-08 10:30:00-04:00,31581.759765625,31783.369140625,31563.880859375,31746.169921875,38598284,0.0,0.0
2022-09-08 11:30:00-04:00,31745.970703125,31762.7109375,31372.650390625,31456.109375,42032832,0.0,0.0
2022-09-08 12:30:00-04:00,31456.509765625,31713.30078125,31444.83984375,31698.369140625,32970540,0.0,0.0
2022-09-08 13:30:00-04:00,31698.359375,31733.140625,31625.5390625,31710.640625,27338158,0.0,0.0
2022-09-08 14:30:00-04:00,31710.76953125,31755.0,31591.400390625,31684.419921875,29328657,0.0,0.0
2022-09-08 15:30:00-04:00,31684.400390625,31780.380859375,31618.740234375,31770.3203125,34163058,0.0,0.0
2022-09-09 09:30:00-04:00,31876.220703125,32101.23046875,31876.220703125,32083.5703125,0,0.0,0.0
2022-09-09 10:30:00-04:00,32082.2109375,32164.279296875,32053.01953125,32100.140625,39710215,0.0,0.0
2022-09-09 11:30:00-04:00,32100.30078125,32135.7109375,32006.25,32036.509765625,31516415,0.0,0.0
2022-09-09 12:30:00-04:00,32036.810546875,32154.33984375,32019.720703125,32135.169921875,24842021,0.0,0.0
2022-09-09 13:30:00-04:00,32135.400390625,32193.859375,32121.2890625,32192.76953125,24979379,0.0,0.0
2022-09-09 14:30:00-04:00,32192.859375,32216.109375,32158.33984375,32196.859375,30251606,0.0,0.0
2022-09-09 15:30:00-04:00,32196.740234375,32227.740234375,32146.380859375,32155.830078125,43011202,0.0,0.0
2022-09-12 09:30:00-04:00,32159.490234375,32504.0390625,32159.490234375,32479.69921875,0,0.0,0.0
2022-09-12 10:30:00-04:00,32479.759765625,32491.2890625,32385.619140625,32454.23046875,40998921,0.0,0.0
2022-09-12 11:30:00-04:00,32456.560546875,32464.330078125,32262.76953125,32331.119140625,36038380,0.0,0.0
2022-09-12 12:30:00-04:00,32332.029296875,32418.470703125,32318.16015625,32416.359375,32213014,0.0,0.0
2022-09-12 13:30:00-04:00,32416.140625,32423.490234375,32321.970703125,32327.640625,31928579,0.0,0.0
2022-09-12 14:30:00-04:00,32327.9296875,32386.779296875,32299.150390625,32328.009765625,30266677,0.0,0.0
2022-09-12 15:30:00-04:00,32327.939453125,32390.26953125,32302.66015625,32387.099609375,38999364,0.0,0.0
2022-09-13 09:30:00-04:00,32006.5,32006.5,31624.41015625,31646.369140625,0,0.0,0.0
2022-09-13 10:30:00-04:00,31643.900390625,31644.439453125,31490.640625,31507.3203125,47165909,0.0,0.0
2022-09-13 11:30:00-04:00,31507.470703125,31566.8203125,31469.51953125,31483.490234375,35110274,0.0,0.0
2022-09-13 12:30:00-04:00,31483.689453125,31577.130859375,31455.0,31575.380859375,30964293,0.0,0.0
2022-09-13 13:30:00-04:00,31575.509765625,31583.0,31406.98046875,31410.8203125,33281860,0.0,0.0
2022-09-13 14:30:00-04:00,31411.009765625,31421.240234375,31183.4609375,31184.150390625,49294378,0.0,0.0
2022-09-13 15:30:00-04:00,31183.849609375,31187.310546875,31018.5390625,31100.720703125,72255809,0.0,0.0
2022-09-14 09:30:00-04:00,31141.01953125,31241.76953125,30983.109375,30983.109375,0,0.0,0.0
2022-09-14 10:30:00-04:00,30983.140625,31276.8203125,30969.76953125,31168.279296875,43599301,0.0,0.0
2022-09-14 11:30:00-04:00,31168.240234375,31243.240234375,31129.919921875,31137.44921875,32690315,0.0,0.0
2022-09-14 12:30:00-04:00,31137.6796875,31228.580078125,31121.4296875,31177.8203125,31432758,0.0,0.0
2022-09-14 13:30:00-04:00,31177.0,31190.390625,30985.970703125,31038.869140625,29763941,0.0,0.0
2022-09-14 14:30:00-04:00,31038.779296875,31088.0,30892.58984375,30954.08984375,31893362,0.0,0.0
2022-09-14 15:30:00-04:00,30954.279296875,31156.310546875,30885.01953125,31135.099609375,43269029,0.0,0.0
2022-09-15 09:30:00-04:00,31124.6796875,31277.689453125,31001.6796875,31100.849609375,0,0.0,0.0
2022-09-15 10:30:00-04:00,31100.490234375,31182.369140625,31010.5703125,31121.4296875,50766605,0.0,0.0
2022-09-15 11:30:00-04:00,31121.94921875,31132.720703125,30945.44921875,30961.91015625,37391318,0.0,0.0
2022-09-15 12:30:00-04:00,30960.900390625,31269.8203125,30960.51953125,31242.0,30374919,0.0,0.0
2022-09-15 13:30:00-04:00,31241.51953125,31242.849609375,31060.470703125,31143.0703125,25842449,0.0,0.0
2022-09-15 14:30:00-04:00,31143.369140625,31164.30078125,30882.080078125,30900.51953125,39955153,0.0,0.0
2022-09-15 15:30:00-04:00,30900.25,31015.6796875,30883.8203125,30960.630859375,47833294,0.0,0.0
2022-09-16 09:30:00-04:00,30866.609375,30866.609375,30550.080078125,30715.970703125,0,0.0,0.0
2022-09-16 10:30:00-04:00,30718.390625,30805.859375,30627.669921875,30632.55078125,43601384,0.0,0.0
2022-09-16 11:30:00-04:00,30631.189453125,30697.7109375,30550.66015625,30569.5703125,34548167,0.0,0.0
2022-09-16 12:30:00-04:00,30569.970703125,30656.7109375,30560.740234375,30607.05078125,30073207,0.0,0.0
2022-09-16 13:30:00-04:00,30606.990234375,30750.75,30581.849609375,30733.4609375,33058973,0.0,0.0
2022-09-16 14:30:00-04:00,30733.4296875,30843.720703125,30685.75,30757.369140625,41802916,0.0,0.0
2022-09-16 15:30:00-04:00,30758.66015625,30866.279296875,30710.970703125,30812.470703125,57694523,0.0,0.0
2022-09-19 09:30:00-04:00,30722.859375,30862.9609375,30559.369140625,30854.390625,0,0.0,0.0
2022-09-19 10:30:00-04:00,30855.310546875,30952.2890625,30801.2109375,30801.490234375,34088913,0.0,0.0
2022-09-19 11:30:00-04:00,30801.560546875,30802.0,30710.830078125,30746.9296875,32127908,0.0,0.0
2022-09-19 12:30:00-04:00,30747.26953125,30873.640625,30740.599609375,30849.83984375,27463626,0.0,0.0
2022-09-19 13:30:00-04:00,30850.130859375,30851.060546875,30739.009765625,30773.6796875,25454775,0.0,0.0
2022-09-19 14:30:00-04:00,30773.869140625,31007.48046875,30761.55078125,30983.41015625,35430230,0.0,0.0
2022-09-19 15:30:00-04:00,30983.66015625,31026.890625,30956.8203125,31024.0703125,37701412,0.0,0.0
2022-09-20 09:30:00-04:00,30888.529296875,30888.529296875,30606.26953125,30644.009765625,0,0.0,0.0
2022-09-20 10:30:00-04:00,30645.7890625,30733.2890625,30560.9609375,30688.83984375,40972417,0.0,0.0
2022-09-20 11:30:00-04:00,30689.58984375,30808.189453125,30668.970703125,30714.58984375,34742694,0.0,0.0
2022-09-20 12:30:00-04:00,30714.5,30716.5390625,30562.41015625,30568.400390625,29519901,0.0,0.0
2022-09-20 13:30:00-04:00,30567.830078125,30584.849609375,30465.91015625,30564.490234375,34524409,0.0,0.0
2022-09-20 14:30:00-04:00,30564.16015625,30713.869140625,30476.390625,30693.939453125,36810372,0.0,0.0
2022-09-20 15:30:00-04:00,30694.23046875,30800.060546875,30646.23046875,30715.919921875,41112080,0.0,0.0
2022-09-21 09:30:00-04:00,30819.390625,30940.5,30799.33984375,30934.9296875,0,0.0,0.0
2022-09-21 10:30:00-04:00,30934.759765625,30936.44921875,30816.4609375,30840.060546875,29622887,0.0,0.0
2022-09-21 11:30:00-04:00,30839.33984375,30886.25,30837.560546875,30870.919921875,21924256,0.0,0.0
2022-09-21 12:30:00-04:00,30871.0,30891.08984375,30780.279296875,30807.990234375,21222727,0.0,0.0
2022-09-21 13:30:00-04:00,30808.08984375,30888.619140625,30409.41015625,30518.880859375,50500147,0.0,0.0
2022-09-21 14:30:00-04:00,30518.580078125,31020.7890625,30447.48046875,30485.26953125,76512925,0.0,0.0
2022-09-21 15:30:00-04:00,30483.369140625,30515.169921875,30182.119140625,30183.98046875,56138904,0.0,0.0
2022-09-22 09:30:00-04:00,30204.51953125,30226.1796875,29994.529296875,30128.640625,0,0.0,0.0
2022-09-22 10:30:00-04:00,30128.1796875,30163.25,30002.58984375,30063.779296875,43854747,0.0,0.0
2022-09-22 11:30:00-04:00,30062.19921875,30184.939453125,30041.1796875,30117.990234375,32847055,0.0,0.0
2022-09-22 12:30:00-04:00,30119.26953125,30177.060546875,30054.55078125,30128.240234375,27208354,0.0,0.0
2022-09-22 13:30:00-04:00,30128.150390625,30196.0390625,30047.779296875,30080.6796875,31390071,0.0,0.0
2022-09-22 14:30:00-04:00,30080.490234375,30280.609375,30063.490234375,30201.25,39301403,0.0,0.0
2022-09-22 15:30:00-04:00,30201.169921875,30302.279296875,30065.1796875,30065.1796875,48333307,0.0,0.0
2022-09-23 09:30:00-04:00,29955.650390625,29955.650390625,29634.900390625,29693.560546875,0,0.0,0.0
2022-09-23 10:30:00-04:00,29698.44921875,29698.44921875,29599.130859375,29610.26953125,43416479,0.0,0.0
2022-09-23 11:30:00-04:00,29613.33984375,29640.140625,29374.1796875,29374.6796875,37242674,0.0,0.0
2022-09-23 12:30:00-04:00,29374.9609375,29537.990234375,29356.529296875,29442.109375,33010911,0.0,0.0
2022-09-23 13:30:00-04:00,29442.669921875,29495.869140625,29309.939453125,29358.6796875,35804466,0.0,0.0
2022-09-23 14:30:00-04:00,29358.970703125,29488.05078125,29250.470703125,29477.689453125,43157985,0.0,0.0
2022-09-23 15:30:00-04:00,29477.330078125,29614.630859375,29455.4609375,29609.990234375,55085491,0.0,0.0
2022-09-26 09:30:00-04:00,29536.83984375,29630.76953125,29415.5703125,29613.759765625,0,0.0,0.0
2022-09-26 10:30:00-04:00,29611.560546875,29613.98046875,29387.19921875,29387.23046875,40990092,0.0,0.0
2022-09-26 11:30:00-04:00,29386.9296875,29478.599609375,29305.359375,29316.2109375,35701204,0.0,0.0
2022-09-26 12:30:00-04:00,29316.01953125,29399.349609375,29161.119140625,29208.6796875,31429740,0.0,0.0
2022-09-26 13:30:00-04:00,29208.4296875,29314.0703125,29183.830078125,29216.849609375,34482780,0.0,0.0
2022-09-26 14:30:00-04:00,29215.76953125,29391.7109375,29199.009765625,29332.23046875,40114055,0.0,0.0
2022-09-26 15:30:00-04:00,29333.060546875,29467.119140625,29257.01953125,29275.8203125,51676487,0.0,0.0
2022-09-27 09:30:00-04:00,29419.880859375,29659.119140625,29350.7890625,29425.390625,0,0.0,0.0
2022-09-27 10:30:00-04:00,29425.1796875,29584.779296875,29272.76953125,29294.970703125,47479503,0.0,0.0
2022-09-27 11:30:00-04:00,29293.919921875,29341.44921875,29020.609375,29080.33984375,41067816,0.0,0.0
2022-09-27 12:30:00-04:00,29080.33984375,29134.890625,29017.669921875,29039.330078125,34525013,0.0,0.0
2022-09-27 13:30:00-04:00,29039.33984375,29083.509765625,28958.220703125,29066.9296875,30974320,0.0,0.0
2022-09-27 14:30:00-04:00,29066.98046875,29242.30078125,29035.80078125,29121.640625,39286311,0.0,0.0
2022-09-27 15:30:00-04:00,29124.83984375,29194.439453125,29050.119140625,29148.279296875,47261960,0.0,0.0
2022-09-28 09:30:00-04:00,29198.919921875,29350.970703125,29114.970703125,29350.970703125,0,0.0,0.0
2022-09-28 10:30:00-04:00,29363.279296875,29503.08984375,29336.009765625,29430.83984375,54277417,0.0,0.0
2022-09-28 11:30:00-04:00,29431.0,29597.310546875,29373.58984375,29527.25,42421431,0.0,0.0
2022-09-28 12:30:00-04:00,29527.01953125,29668.689453125,29518.759765625,29605.66015625,39871951,0.0,0.0
2022-09-28 13:30:00-04:00,29604.94921875,29629.359375,29538.98046875,29570.83984375,34254468,0.0,0.0
2022-09-28 14:30:00-04:00,29570.7890625,29728.140625,29561.099609375,29708.890625,43723590,0.0,0.0
2022-09-28 15:30:00-04:00,29709.55078125,29811.779296875,29675.560546875,29677.73046875,54564999,0.0,0.0
2022-09-29 09:30:00-04:00,29513.73046875,29513.73046875,29052.94921875,29135.66015625,0,0.0,0.0
2022-09-29 10:30:00-04:00,29135.5390625,29301.720703125,29073.4296875,29215.66015625,46516425,0.0,0.0
2022-09-29 11:30:00-04:00,29216.349609375,29373.470703125,29193.26953125,29232.6796875,36486248,0.0,0.0
2022-09-29 12:30:00-04:00,29232.580078125,29276.279296875,29108.7109375,29133.75,29387731,0.0,0.0
2022-09-29 13:30:00-04:00,29133.720703125,29179.19921875,28997.33984375,29069.970703125,40847416,0.0,0.0
2022-09-29 14:30:00-04:00,29070.169921875,29169.119140625,29015.380859375,29131.720703125,46241602,0.0,0.0
2022-09-29 15:30:00-04:00,29131.759765625,29277.0703125,29123.94921875,29237.220703125,55760604,0.0,0.0
2022-09-30 09:30:00-04:00,29123.029296875,29253.169921875,29007.369140625,29151.529296875,0,0.0,0.0
2022-09-30 10:30:00-04:00,29151.689453125,29355.779296875,29147.0,29312.279296875,48963388,0.0,0.0
2022-09-30 11:30:00-04:00,29313.130859375,29334.41015625,29052.0703125,29096.98046875,38723340,0.0,0.0
2022-09-30 12:30:00-04:00,29096.939453125,29154.669921875,29073.2109375,29130.900390625,28385676,0.0,0.0
2022-09-30 13:30:00-04:00,29131.029296875,29139.810546875,28941.140625,28961.91015625,33048466,0.0,0.0
2022-09-30 14:30:00-04:00,28962.439453125,28998.939453125,28843.4296875,28923.880859375,49965303,0.0,0.0
2022-09-30 15:30:00-04:00,28924.689453125,28972.150390625,28715.849609375,28767.130859375,77912466,0.0,0.0
2022-10-03 09:30:00-04:00,28855.25,29366.2109375,28855.25,29331.099609375,0,0.0,0.0
2022-10-03 10:30:00-04:00,29331.2890625,29428.689453125,29300.369140625,29393.08984375,47819600,0.0,0.0
2022-10-03 11:30:00-04:00,29393.26953125,29404.19921875,29292.099609375,29300.6796875,32301048,0.0,0.0
2022-10-03 12:30:00-04:00,29300.0,29431.30078125,29272.810546875,29403.23046875,33548087,0.0,0.0
2022-10-03 13:30:00-04:00,29404.740234375,29571.359375,29404.740234375,29567.2890625,34364490,0.0,0.0
2022-10-03 14:30:00-04:00,29567.330078125,29647.7890625,29550.3203125,29598.94921875,48297176,0.0,0.0
2022-10-03 15:30:00-04:00,29599.470703125,29616.83984375,29458.7890625,29485.490234375,49976581,0.0,0.0
2022-10-04 09:30:00-04:00,29826.669921875,30278.119140625,29826.669921875,30189.05078125,0,0.0,0.0
2022-10-04 10:30:00-04:00,30183.05078125,30280.73046875,30135.91015625,30271.80078125,47414220,0.0,0.0
2022-10-04 11:30:00-04:00,30272.2109375,30308.630859375,30211.5,30290.73046875,35967225,0.0,0.0
2022-10-04 12:30:00-04:00,30290.9296875,30308.349609375,30061.890625,30141.279296875,30278547,0.0,0.0
2022-10-04 13:30:00-04:00,30142.1796875,30225.390625,30115.2109375,30144.720703125,30177734,0.0,0.0
2022-10-04 14:30:00-04:00,30145.01953125,30288.7890625,30138.720703125,30215.83984375,34578211,0.0,0.0
2022-10-04 15:30:00-04:00,30215.419921875,30324.689453125,30177.689453125,30314.16015625,46103736,0.0,0.0
2022-10-05 09:30:00-04:00,30078.359375,30140.01953125,29919.689453125,29943.349609375,0,0.0,0.0
2022-10-05 10:30:00-04:00,29941.83984375,30013.9296875,29886.439453125,29988.490234375,34488393,0.0,0.0
2022-10-05 11:30:00-04:00,29989.279296875,30172.5390625,29963.66015625,30126.66015625,28844026,0.0,0.0
2022-10-05 12:30:00-04:00,30126.349609375,30345.609375,30110.169921875,30281.349609375,26931504,0.0,0.0
2022-10-05 13:30:00-04:00,30280.880859375,30308.1796875,30197.2109375,30286.419921875,26158947,0.0,0.0
2022-10-05 14:30:00-04:00,30287.33984375,30454.4609375,30252.029296875,30393.16015625,35170830,0.0,0.0
2022-10-05 15:30:00-04:00,30393.4609375,30417.9609375,30231.30078125,30275.310546875,43883900,0.0,0.0
2022-10-06 09:30:00-04:00,30206.130859375,30329.130859375,30001.939453125,30014.259765625,0,0.0,0.0
2022-10-06 10:30:00-04:00,30013.810546875,30215.26953125,29991.30078125,30193.830078125,38543382,0.0,0.0
2022-10-06 11:30:00-04:00,30195.009765625,30217.560546875,30011.779296875,30110.560546875,31911283,0.0,0.0
2022-10-06 12:30:00-04:00,30110.58984375,30169.119140625,30044.8203125,30122.240234375,25975163,0.0,0.0
2022-10-06 13:30:00-04:00,30122.01953125,30122.01953125,29963.73046875,29989.890625,25730517,0.0,0.0
2022-10-06 14:30:00-04:00,29990.109375,30026.060546875,29868.16015625,29977.01953125,33112506,0.0,0.0
2022-10-06 15:30:00-04:00,29986.779296875,29998.5,29901.970703125,29926.689453125,41438719,0.0,0.0
2022-10-07 09:30:00-04:00,29685.26953125,29685.26953125,29399.919921875,29490.5390625,0,0.0,0.0
2022-10-07 10:30:00-04:00,29490.529296875,29569.400390625,29431.66015625,29469.9609375,40284613,0.0,0.0
2022-10-07 11:30:00-04:00,29470.439453125,29494.75,29379.66015625,29384.91015625,32972343,0.0,0.0
2022-10-07 12:30:00-04:00,29385.9609375,29389.119140625,29314.69921875,29366.58984375,29298879,0.0,0.0
2022-10-07 13:30:00-04:00,29366.650390625,29392.2109375,29259.130859375,29260.08984375,27942516,0.0,0.0
2022-10-07 14:30:00-04:00,29259.640625,29313.1796875,29165.0,29185.1796875,37589535,0.0,0.0
2022-10-07 15:30:00-04:00,29186.33984375,29332.279296875,29142.66015625,29301.83984375,60245393,0.0,0.0
2022-10-10 09:30:00-04:00,29419.08984375,29485.8203125,29281.439453125,29384.0390625,0,0.0,0.0
2022-10-10 10:30:00-04:00,29382.7890625,29410.2109375,29162.119140625,29213.4296875,42244046,0.0,0.0
2022-10-10 11:30:00-04:00,29213.25,29284.099609375,29117.009765625,29125.83984375,30193869,0.0,0.0
2022-10-10 12:30:00-04:00,29125.55078125,29145.669921875,29010.41015625,29101.689453125,29267776,0.0,0.0
2022-10-10 13:30:00-04:00,29101.220703125,29345.970703125,29098.310546875,29241.080078125,32888865,0.0,0.0
2022-10-10 14:30:00-04:00,29235.859375,29350.560546875,29213.26953125,29265.19921875,30953705,0.0,0.0
2022-10-10 15:30:00-04:00,29265.259765625,29331.900390625,29201.390625,29201.390625,41124661,0.0,0.0
2022-10-11 09:30:00-04:00,29085.19921875,29195.05078125,29074.23046875,29159.33984375,0,0.0,0.0
2022-10-11 10:30:00-04:00,29159.990234375,29376.83984375,29131.529296875,29354.669921875,44605531,0.0,0.0
2022-10-11 11:30:00-04:00,29356.349609375,29517.169921875,29356.330078125,29498.669921875,35391204,0.0,0.0
2022-10-11 12:30:00-04:00,29499.2109375,29608.419921875,29499.2109375,29516.7109375,33047201,0.0,0.0
2022-10-11 13:30:00-04:00,29517.279296875,29577.7890625,29459.390625,29506.400390625,29387701,0.0,0.0
2022-10-11 14:30:00-04:00,29507.55078125,29555.009765625,29103.01953125,29199.630859375,47599967,0.0,0.0
2022-10-11 15:30:00-04:00,29200.08984375,29276.19921875,29156.810546875,29237.810546875,49535162,0.0,0.0
2022-10-12 09:30:00-04:00,29233.060546875,29409.359375,29136.029296875,29384.009765625,0,0.0,0.0
2022-10-12 10:30:00-04:00,29384.2890625,29437.73046875,29292.2109375,29380.48046875,37168789,0.0,0.0
2022-10-12 11:30:00-04:00,29380.0390625,29455.119140625,29337.099609375,29348.880859375,29370726,0.0,0.0
2022-10-12 12:30:00-04:00,29348.740234375,29371.76953125,29290.740234375,29327.80078125,22577538,0.0,0.0
2022-10-12 13:30:00-04:00,29327.970703125,29407.890625,29255.740234375,29402.970703125,34514291,0.0,0.0
2022-10-12 14:30:00-04:00,29402.48046875,29420.490234375,29271.640625,29287.240234375,30908632,0.0,0.0
2022-10-12 15:30:00-04:00,29287.220703125,29339.779296875,29208.720703125,29214.970703125,44222410,0.0,0.0
2022-10-13 09:30:00-04:00,28755.830078125,29089.150390625,28660.939453125,28979.6796875,0,0.0,0.0
2022-10-13 10:30:00-04:00,28977.9609375,29723.109375,28957.9609375,29576.369140625,73350905,0.0,0.0
2022-10-13 11:30:00-04:00,29577.16015625,29927.08984375,29556.580078125,29730.16015625,61024705,0.0,0.0
2022-10-13 12:30:00-04:00,29726.939453125,30033.94921875,29718.630859375,30003.759765625,39771085,0.0,0.0
2022-10-13 13:30:00-04:00,30004.98046875,30080.83984375,29926.220703125,29931.2890625,36560651,0.0,0.0
2022-10-13 14:30:00-04:00,29930.94921875,30168.5390625,29930.94921875,30064.220703125,47672342,0.0,0.0
2022-10-13 15:30:00-04:00,30061.279296875,30130.509765625,29997.16015625,30040.919921875,56852689,0.0,0.0
2022-10-14 09:30:00-04:00,30192.2109375,30428.8203125,29808.41015625,29902.23046875,0,0.0,0.0
2022-10-14 10:30:00-04:00,29901.740234375,30023.900390625,29768.779296875,29946.66015625,46325470,0.0,0.0
2022-10-14 11:30:00-04:00,29947.259765625,29947.640625,29697.05078125,29769.560546875,35562518,0.0,0.0
2022-10-14 12:30:00-04:00,29769.390625,29861.83984375,29687.3203125,29753.759765625,25332853,0.0,0.0
2022-10-14 13:30:00-04:00,29752.640625,29804.1796875,29631.23046875,29669.009765625,27544731,0.0,0.0
2022-10-14 14:30:00-04:00,29668.66015625,29754.150390625,29614.30078125,29745.689453125,35449738,0.0,0.0
2022-10-14 15:30:00-04:00,29745.9296875,29801.5390625,29622.66015625,29670.029296875,59578582,0.0,0.0
2022-10-17 09:30:00-04:00,30059.580078125,30311.94921875,30059.580078125,30177.400390625,0,0.0,0.0
2022-10-17 10:30:00-04:00,30177.349609375,30195.740234375,29997.619140625,30151.0,45110061,0.0,0.0
2022-10-17 11:30:00-04:00,30150.970703125,30230.859375,30135.0390625,30189.279296875,31565412,0.0,0.0
2022-10-17 12:30:00-04:00,30189.130859375,30239.150390625,30118.08984375,30232.640625,29655675,0.0,0.0
2022-10-17 13:30:00-04:00,30232.16015625,30288.390625,30164.76953125,30187.9296875,29750929,0.0,0.0
2022-10-17 14:30:00-04:00,30188.0,30232.759765625,30154.390625,30214.869140625,34463955,0.0,0.0
2022-10-17 15:30:00-04:00,30215.630859375,30272.83984375,30166.7109375,30195.470703125,47342680,0.0,0.0
2022-10-18 09:30:00-04:00,30697.51953125,30837.900390625,30613.759765625,30616.94921875,0,0.0,0.0
2022-10-18 10:30:00-04:00,30616.919921875,30647.099609375,30347.259765625,30385.439453125,53438439,0.0,0.0
2022-10-18 11:30:00-04:00,30384.279296875,30487.94921875,30301.830078125,30441.560546875,37202942,0.0,0.0
2022-10-18 12:30:00-04:00,30441.400390625,30540.029296875,30391.73046875,30526.759765625,31765061,0.0,0.0
2022-10-18 13:30:00-04:00,30534.310546875,30623.830078125,30524.330078125,30598.669921875,29746586,0.0,0.0
2022-10-18 14:30:00-04:00,30599.259765625,30601.0,30353.51953125,30439.05078125,55320454,0.0,0.0
2022-10-18 15:30:00-04:00,30438.30078125,30552.990234375,30427.66015625,30544.259765625,49314086,0.0,0.0
2022-10-19 09:30:00-04:00,30439.0390625,30662.109375,30401.189453125,30648.259765625,0,0.0,0.0
2022-10-19 10:30:00-04:00,30647.58984375,30662.009765625,30519.5703125,30535.599609375,35834423,0.0,0.0
2022-10-19 11:30:00-04:00,30536.029296875,30568.189453125,30419.130859375,30428.990234375,29409150,0.0,0.0
2022-10-19 12:30:00-04:00,30429.33984375,30471.0,30226.900390625,30287.830078125,31866652,0.0,0.0
2022-10-19 13:30:00-04:00,30287.560546875,30413.859375,30233.689453125,30386.529296875,29221974,0.0,0.0
2022-10-19 14:30:00-04:00,30386.3203125,30431.23046875,30310.3203125,30370.5,31831144,0.0,0.0
2022-10-19 15:30:00-04:00,30370.48046875,30439.98046875,30353.859375,30431.380859375,42173491,0.0,0.0
2022-10-20 09:30:00-04:00,30411.919921875,30822.9609375,30411.919921875,30791.7109375,0,0.0,0.0
2022-10-20 10:30:00-04:00,30791.599609375,30810.76953125,30617.689453125,30642.849609375,37687905,0.0,0.0
2022-10-20 11:30:00-04:00,30642.01953125,30727.560546875,30476.0,30496.7890625,36060409,0.0,0.0
2022-10-20 12:30:00-04:00,30496.66015625,30523.330078125,30364.05078125,30422.23046875,30764802,0.0,0.0
2022-10-20 13:30:00-04:00,30421.41015625,30431.890625,30274.919921875,30282.80078125,32081083,0.0,0.0
2022-10-20 14:30:00-04:00,30281.83984375,30404.5390625,30273.470703125,30308.830078125,34125303,0.0,0.0
2022-10-20 15:30:00-04:00,30308.119140625,30406.98046875,30265.19921875,30327.259765625,42362510,0.0,0.0
2022-10-21 09:30:00-04:00,30291.1796875,30759.0703125,30206.279296875,30543.5,0,0.0,0.0
2022-10-21 10:30:00-04:00,30544.08984375,30625.23046875,30438.16015625,30570.58984375,48578936,0.0,0.0
2022-10-21 11:30:00-04:00,30570.75,30842.490234375,30568.3203125,30709.3203125,43433571,0.0,0.0
2022-10-21 12:30:00-04:00,30709.25,30935.58984375,30703.130859375,30875.599609375,36656569,0.0,0.0
2022-10-21 13:30:00-04:00,30875.669921875,31005.859375,30868.26953125,30942.099609375,36739039,0.0,0.0
2022-10-21 14:30:00-04:00,30942.140625,31114.509765625,30912.650390625,31114.130859375,41605223,0.0,0.0
2022-10-21 15:30:00-04:00,31113.939453125,31119.26953125,31048.26953125,31082.359375,54984046,0.0,0.0
2022-10-24 09:30:00-04:00,31187.3203125,31570.779296875,31161.41015625,31278.029296875,0,0.0,0.0
2022-10-24 10:30:00-04:00,31278.23046875,31392.25,31241.880859375,31372.310546875,42858532,0.0,0.0
2022-10-24 11:30:00-04:00,31372.130859375,31502.029296875,31344.08984375,31463.94921875,37523323,0.0,0.0
2022-10-24 12:30:00-04:00,31464.23046875,31470.599609375,31359.009765625,31399.189453125,27246648,0.0,0.0
2022-10-24 13:30:00-04:00,31398.689453125,31497.279296875,31377.330078125,31486.6796875,25811220,0.0,0.0
2022-10-24 14:30:00-04:00,31485.94921875,31603.630859375,31483.48046875,31567.119140625,38531040,0.0,0.0
2022-10-24 15:30:00-04:00,31567.19921875,31573.970703125,31449.609375,31502.880859375,43307931,0.0,0.0
2022-10-25 09:30:00-04:00,31463.650390625,31712.490234375,31423.529296875,31711.330078125,0,0.0,0.0
2022-10-25 10:30:00-04:00,31711.619140625,31751.880859375,31640.900390625,31740.26953125,41288738,0.0,0.0
2022-10-25 11:30:00-04:00,31740.2890625,31805.4609375,31731.099609375,31769.490234375,32287388,0.0,0.0
2022-10-25 12:30:00-04:00,31769.560546875,31783.580078125,31692.140625,31729.669921875,27406076,0.0,0.0
2022-10-25 13:30:00-04:00,31729.619140625,31804.41015625,31684.080078125,31790.259765625,26481016,0.0,0.0
2022-10-25 14:30:00-04:00,31790.390625,31840.5390625,31751.01953125,31840.330078125,33741871,0.0,0.0
2022-10-25 15:30:00-04:00,31840.439453125,31876.150390625,31816.7109375,31852.509765625,47023381,0.0,0.0
2022-10-26 09:30:00-04:00,31738.439453125,32045.58984375,31738.439453125,32032.810546875,0,0.0,0.0
2022-10-26 10:30:00-04:00,32032.869140625,32172.01953125,31990.279296875,32130.310546875,55622205,0.0,0.0
2022-10-26 11:30:00-04:00,32129.439453125,32172.419921875,32085.9609375,32095.359375,42742429,0.0,0.0
2022-10-26 12:30:00-04:00,32095.259765625,32127.349609375,31920.3203125,31921.599609375,39479906,0.0,0.0
2022-10-26 13:30:00-04:00,31922.5390625,31999.5,31864.240234375,31866.830078125,37020423,0.0,0.0
2022-10-26 14:30:00-04:00,31867.439453125,31890.0703125,31777.619140625,31846.7890625,46770601,0.0,0.0
2022-10-26 15:30:00-04:00,31846.44921875,31918.759765625,31822.859375,31842.9296875,51221972,0.0,0.0
2022-10-27 09:30:00-04:00,32062.140625,32354.58984375,32062.140625,32347.01953125,0,0.0,0.0
2022-10-27 10:30:00-04:00,32347.849609375,32388.419921875,32176.830078125,32212.109375,40740374,0.0,0.0
2022-10-27 11:30:00-04:00,32211.759765625,32243.029296875,32082.810546875,32082.810546875,34128246,0.0,0.0
2022-10-27 12:30:00-04:00,32082.859375,32276.279296875,32080.119140625,32207.9296875,32194183,0.0,0.0
2022-10-27 13:30:00-04:00,32207.19921875,32217.0,32076.08984375,32134.080078125,31954909,0.0,0.0
2022-10-27 14:30:00-04:00,32134.060546875,32148.189453125,32061.2890625,32138.099609375,39301804,0.0,0.0
2022-10-27 15:30:00-04:00,32137.740234375,32176.259765625,31993.2109375,32048.0703125,55753668,0.0,0.0
2022-10-28 09:30:00-04:00,32204.310546875,32558.4296875,32158.380859375,32540.560546875,0,0.0,0.0
2022-10-28 10:30:00-04:00,32539.26953125,32661.740234375,32524.859375,32612.1796875,75116480,0.0,0.0
2022-10-28 11:30:00-04:00,32611.91015625,32734.4609375,32571.640625,32728.830078125,47930249,0.0,0.0
2022-10-28 12:30:00-04:00,32729.2109375,32795.26171875,32694.099609375,32766.9609375,38117330,0.0,0.0
2022-10-28 13:30:00-04:00,32767.5,32825.1015625,32751.939453125,32788.76171875,39846238,0.0,0.0
2022-10-28 14:30:00-04:00,32788.640625,32883.44140625,32784.640625,32869.30078125,43208380,0.0,0.0
2022-10-28 15:30:00-04:00,32867.6015625,32889.80859375,32829.19140625,32855.62109375,59647132,0.0,0.0
2022-10-31 09:30:00-04:00,32754.26953125,32779.19921875,32586.9296875,32695.580078125,0,0.0,0.0
2022-10-31 10:30:00-04:00,32695.9296875,32828.01953125,32684.279296875,32809.421875,41866750,0.0,0.0
2022-10-31 11:30:00-04:00,32809.578125,32883.859375,32737.0703125,32770.58984375,36117670,0.0,0.0
2022-10-31 12:30:00-04:00,32770.69140625,32812.51171875,32693.919921875,32810.19921875,28407286,0.0,0.0
2022-10-31 13:30:00-04:00,32809.73046875,32831.44921875,32756.869140625,32787.4609375,27303269,0.0,0.0
2022-10-31 14:30:00-04:00,32787.2890625,32836.94140625,32685.400390625,32769.3515625,33466402,0.0,0.0
2022-10-31 15:30:00-04:00,32769.87890625,32828.9609375,32723.890625,32739.05078125,49221008,0.0,0.0
2022-11-01 09:30:00-04:00,32862.7890625,32975.48046875,32602.0390625,32698.0,0,0.0,0.0
2022-11-01 10:30:00-04:00,32699.919921875,32721.44921875,32506.009765625,32559.83984375,43199887,0.0,0.0
2022-11-01 11:30:00-04:00,32559.30078125,32698.810546875,32485.23046875,32621.05078125,33919230,0.0,0.0
2022-11-01 12:30:00-04:00,32620.359375,32677.9609375,32585.630859375,32640.779296875,26458451,0.0,0.0
2022-11-01 13:30:00-04:00,32640.779296875,32673.51953125,32602.900390625,32662.810546875,25766234,0.0,0.0
2022-11-01 14:30:00-04:00,32662.76953125,32728.279296875,32619.5703125,32658.419921875,33624713,0.0,0.0
2022-11-01 15:30:00-04:00,32659.859375,32714.5,32646.650390625,32648.890625,41558313,0.0,0.0
2022-11-02 09:30:00-04:00,32576.279296875,32580.150390625,32497.51953125,32515.80078125,0,0.0,0.0
2022-11-02 10:30:00-04:00,32516.41015625,32631.109375,32512.2109375,32601.509765625,34837859,0.0,0.0
2022-11-02 11:30:00-04:00,32603.6796875,32641.359375,32535.7109375,32540.310546875,29493755,0.0,0.0
2022-11-02 12:30:00-04:00,32540.0703125,32598.80078125,32498.990234375,32581.44921875,25806775,0.0,0.0
2022-11-02 13:30:00-04:00,32581.2890625,33023.390625,32574.48046875,33011.890625,54543131,0.0,0.0
2022-11-02 14:30:00-04:00,33012.5703125,33071.9296875,32235.51953125,32300.810546875,85434102,0.0,0.0
2022-11-02 15:30:00-04:00,32300.369140625,32334.490234375,32139.76953125,32150.0,60801349,0.0,0.0
2022-11-03 09:30:00-04:00,31985.05078125,32028.689453125,31727.05078125,32007.6796875,0,0.0,0.0
2022-11-03 10:30:00-04:00,32006.380859375,32073.23046875,31919.380859375,31998.9609375,46071175,0.0,0.0
2022-11-03 11:30:00-04:00,31998.7890625,32183.009765625,31939.109375,32131.55078125,36181231,0.0,0.0
2022-11-03 12:30:00-04:00,32130.599609375,32185.7109375,32059.189453125,32081.5390625,30112678,0.0,0.0
2022-11-03 13:30:00-04:00,32081.5,32150.400390625,32029.30078125,32145.740234375,31752439,0.0,0.0
2022-11-03 14:30:00-04:00,32145.26953125,32185.7109375,32102.880859375,32165.150390625,33550065,0.0,0.0
2022-11-03 15:30:00-04:00,32165.119140625,32184.30078125,31982.119140625,32001.48046875,50389663,0.0,0.0
2022-11-04 09:30:00-04:00,32265.009765625,32547.830078125,32134.75,32526.970703125,0,0.0,0.0
2022-11-04 10:30:00-04:00,32528.400390625,32611.51953125,32273.5703125,32277.720703125,53453250,0.0,0.0
2022-11-04 11:30:00-04:00,32277.439453125,32325.490234375,31949.529296875,32129.130859375,53265166,0.0,0.0
2022-11-04 12:30:00-04:00,32127.640625,32127.640625,31955.939453125,32025.83984375,35749698,0.0,0.0
2022-11-04 13:30:00-04:00,32025.689453125,32114.849609375,31938.919921875,32097.669921875,32549107,0.0,0.0
2022-11-04 14:30:00-04:00,32097.150390625,32288.380859375,32072.669921875,32248.630859375,44197433,0.0,0.0
2022-11-04 15:30:00-04:00,32248.369140625,32426.650390625,32212.890625,32403.580078125,52770343,0.0,0.0
2022-11-07 09:30:00-05:00,32454.099609375,32642.05078125,32424.990234375,32559.189453125,0,0.0,0.0
2022-11-07 10:30:00-05:00,32561.58984375,32656.130859375,32531.740234375,32635.119140625,40041278,0.0,0.0
2022-11-07 11:30:00-05:00,32634.83984375,32658.330078125,32523.279296875,32653.91015625,29226086,0.0,0.0
2022-11-07 12:30:00-05:00,32653.8203125,32708.9609375,32604.48046875,32696.33984375,25952025,0.0,0.0
2022-11-07 13:30:00-05:00,32697.01953125,32831.28125,32666.55078125,32822.87890625,28386904,0.0,0.0
2022-11-07 14:30:00-05:00,32822.80859375,32884.6015625,32800.37890625,32867.66015625,36177857,0.0,0.0
2022-11-07 15:30:00-05:00,32867.73828125,32895.58984375,32792.26171875,32831.87890625,42679167,0.0,0.0
2022-11-08 09:30:00-05:00,32934.55859375,33152.140625,32874.890625,33131.37109375,0,0.0,0.0
2022-11-08 10:30:00-05:00,33131.21875,33264.7890625,33115.87890625,33245.55078125,38237510,0.0,0.0
2022-11-08 11:30:00-05:00,33241.94140625,33355.390625,33240.21875,33323.0390625,33219593,0.0,0.0
2022-11-08 12:30:00-05:00,33323.25,33352.78125,33107.12890625,33123.51171875,29834727,0.0,0.0
2022-11-08 13:30:00-05:00,33122.46875,33171.73046875,32860.4609375,32860.53125,36576273,0.0,0.0
2022-11-08 14:30:00-05:00,32860.51953125,33236.609375,32831.4609375,33234.62109375,38141208,0.0,0.0
2022-11-08 15:30:00-05:00,33234.76171875,33313.671875,33150.390625,33167.26953125,42536410,0.0,0.0
2022-11-09 09:30:00-05:00,33004.46875,33065.109375,32848.609375,32961.62890625,0,0.0,0.0
2022-11-09 10:30:00-05:00,32961.609375,32992.6015625,32812.9609375,32911.25,42902977,0.0,0.0
2022-11-09 11:30:00-05:00,32911.0,32984.96875,32818.87109375,32826.83984375,30637980,0.0,0.0
2022-11-09 12:30:00-05:00,32825.9609375,32876.359375,32747.9296875,32764.849609375,28124055,0.0,0.0
2022-11-09 13:30:00-05:00,32765.130859375,32765.130859375,32617.91015625,32665.5390625,34237438,0.0,0.0
2022-11-09 14:30:00-05:00,32666.279296875,32690.630859375,32562.109375,32625.05078125,37581034,0.0,0.0
2022-11-09 15:30:00-05:00,32625.23046875,32627.48046875,32478.869140625,32518.4609375,49784619,0.0,0.0
2022-11-10 09:30:00-05:00,33263.91015625,33465.19921875,33167.8203125,33388.3515625,0,0.0,0.0
2022-11-10 10:30:00-05:00,33388.26953125,33470.55078125,33265.44921875,33467.30859375,49880153,0.0,0.0
2022-11-10 11:30:00-05:00,33468.28125,33528.5390625,33407.6484375,33418.98046875,43940901,0.0,0.0
2022-11-10 12:30:00-05:00,33421.140625,33421.6015625,33283.01953125,33418.421875,34709704,0.0,0.0
2022-11-10 13:30:00-05:00,33418.21875,33559.98046875,33387.359375,33547.62890625,33098620,0.0,0.0
2022-11-10 14:30:00-05:00,33547.76171875,33660.5390625,33514.80859375,33637.55859375,42370161,0.0,0.0
2022-11-10 15:30:00-05:00,33637.76171875,33727.73046875,33610.0390625,33701.73046875,77518813,0.0,0.0
2022-11-11 09:30:00-05:00,33797.75,33797.75,33515.8203125,33639.87890625,0,0.0,0.0
2022-11-11 10:30:00-05:00,33638.890625,33655.19140625,33409.9609375,33409.9609375,57922812,0.0,0.0
2022-11-11 11:30:00-05:00,33410.58984375,33559.46875,33394.4296875,33523.609375,42180814,0.0,0.0
2022-11-11 12:30:00-05:00,33524.48828125,33676.890625,33473.9609375,33676.2109375,35690855,0.0,0.0
2022-11-11 13:30:00-05:00,33676.2890625,33749.03125,33617.78125,33746.73828125,37214675,0.0,0.0
2022-11-11 14:30:00-05:00,33745.51953125,33794.5,33658.21875,33762.28125,43133149,0.0,0.0
2022-11-11 15:30:00-05:00,33761.44921875,33817.9609375,33705.75,33742.609375,53822989,0.0,0.0
2022-11-14 09:30:00-05:00,33662.05078125,33870.328125,33629.73828125,33786.890625,0,0.0,0.0
2022-11-14 10:30:00-05:00,33786.98828125,33815.1796875,33677.078125,33713.62109375,39490830,0.0,0.0
2022-11-14 11:30:00-05:00,33713.2109375,33856.23828125,33699.30859375,33842.30078125,36743661,0.0,0.0
2022-11-14 12:30:00-05:00,33842.390625,33959.0703125,33836.5703125,33949.46875,28699801,0.0,0.0
2022-11-14 13:30:00-05:00,33949.5390625,33964.30078125,33860.01171875,33896.19140625,28904503,0.0,0.0
2022-11-14 14:30:00-05:00,33896.5,33905.76953125,33729.80859375,33770.66015625,35280254,0.0,0.0
2022-11-14 15:30:00-05:00,33771.390625,33774.578125,33533.9609375,33541.7109375,50336236,0.0,0.0
2022-11-15 09:30:00-05:00,33755.94140625,33987.05859375,33755.94140625,33866.66015625,0,0.0,0.0
2022-11-15 10:30:00-05:00,33869.078125,33909.48046875,33743.41015625,33768.359375,43069847,0.0,0.0
2022-11-15 11:30:00-05:00,33766.6484375,33855.23828125,33699.16015625,33699.48046875,33290749,0.0,0.0
2022-11-15 12:30:00-05:00,33699.609375,33736.94921875,33392.2109375,33417.2890625,36073551,0.0,0.0
2022-11-15 13:30:00-05:00,33417.421875,33621.109375,33320.19921875,33574.55859375,49967470,0.0,0.0
2022-11-15 14:30:00-05:00,33574.8515625,33664.19140625,33511.94921875,33625.30078125,35988690,0.0,0.0
2022-11-15 15:30:00-05:00,33625.171875,33666.328125,33521.44140625,33594.46875,43328122,0.0,0.0
2022-11-16 09:30:00-05:00,33554.9296875,33661.98046875,33516.98828125,33593.94921875,0,0.0,0.0
2022-11-16 10:30:00-05:00,33593.83984375,33659.640625,33521.01953125,33596.05859375,34870605,0.0,0.0
2022-11-16 11:30:00-05:00,33595.37890625,33657.640625,33560.44921875,33587.69140625,26297465,0.0,0.0
2022-11-16 12:30:00-05:00,33587.62890625,33682.828125,33577.46875,33609.94921875,26415815,0.0,0.0
2022-11-16 13:30:00-05:00,33609.69921875,33622.19140625,33527.25,33581.53125,21949661,0.0,0.0
2022-11-16 14:30:00-05:00,33582.19921875,33629.26171875,33528.51953125,33570.19921875,28756621,0.0,0.0
2022-11-16 15:30:00-05:00,33568.69921875,33622.5703125,33534.87109375,33561.78125,42858261,0.0,0.0
2022-11-17 09:30:00-05:00,33329.26953125,33395.1796875,33239.75,33389.7109375,0,0.0,0.0
2022-11-17 10:30:00-05:00,33390.0390625,33390.0390625,33277.7890625,33336.94921875,33870236,0.0,0.0
2022-11-17 11:30:00-05:00,33336.83984375,33561.48828125,33332.08984375,33520.6484375,31468148,0.0,0.0
2022-11-17 12:30:00-05:00,33518.96875,33616.01953125,33505.30859375,33584.6796875,29828985,0.0,0.0
2022-11-17 13:30:00-05:00,33585.5703125,33595.23046875,33482.1015625,33501.69921875,29444060,0.0,0.0
2022-11-17 14:30:00-05:00,33502.5703125,33510.83984375,33386.23046875,33413.0,33140838,0.0,0.0
2022-11-17 15:30:00-05:00,33412.3203125,33558.359375,33407.19140625,33555.578125,42327985,0.0,0.0
2022-11-18 09:30:00-05:00,33606.58984375,33827.94140625,33582.33984375,33669.8984375,0,0.0,0.0
2022-11-18 10:30:00-05:00,33670.390625,33748.12890625,33604.55859375,33727.671875,33082540,0.0,0.0
2022-11-18 11:30:00-05:00,33727.28125,33764.80859375,33540.640625,33608.51171875,29830197,0.0,0.0
2022-11-18 12:30:00-05:00,33608.5703125,33659.01171875,33543.19921875,33656.98828125,22419512,0.0,0.0
2022-11-18 13:30:00-05:00,33656.80078125,33671.55859375,33555.01953125,33636.19921875,24167376,0.0,0.0
2022-11-18 14:30:00-05:00,33636.03125,33728.2890625,33591.4296875,33728.078125,28852979,0.0,0.0
2022-11-18 15:30:00-05:00,33727.55859375,33810.26953125,33668.96875,33760.98828125,45999162,0.0,0.0
2022-11-21 09:30:00-05:00,33760.30078125,33864.58984375,33650.76953125,33669.98046875,0,0.0,0.0
2022-11-21 10:30:00-05:00,33670.0703125,33685.55078125,33611.44140625,33628.53125,46339234,0.0,0.0
2022-11-21 11:30:00-05:00,33632.55859375,33674.44140625,33559.1796875,33644.05859375,35754536,0.0,0.0
2022-11-21 12:30:00-05:00,33644.08984375,33779.53125,33640.37890625,33760.58984375,30352138,0.0,0.0
2022-11-21 13:30:00-05:00,33760.62109375,33805.578125,33740.4296875,33745.55078125,28313882,0.0,0.0
2022-11-21 14:30:00-05:00,33744.3984375,33767.98046875,33672.0703125,33696.2890625,28075263,0.0,0.0
2022-11-21 15:30:00-05:00,33696.1796875,33743.73046875,33680.1015625,33701.7890625,39615285,0.0,0.0
2022-11-22 09:30:00-05:00,33810.05078125,33994.76953125,33810.05078125,33967.16015625,0,0.0,0.0
2022-11-22 10:30:00-05:00,33971.1484375,34011.55859375,33936.19140625,33975.37890625,32218467,0.0,0.0
2022-11-22 11:30:00-05:00,33976.19921875,33993.03125,33950.5703125,33961.1015625,25551054,0.0,0.0
2022-11-22 12:30:00-05:00,33961.30859375,34035.05859375,33952.828125,34030.26171875,21998429,0.0,0.0
2022-11-22 13:30:00-05:00,34030.16015625,34044.28125,33994.0703125,34041.41015625,22608113,0.0,0.0
2022-11-22 14:30:00-05:00,34040.08984375,34091.83984375,34014.16015625,34083.83984375,27660399,0.0,0.0
2022-11-22 15:30:00-05:00,34083.12109375,34115.69921875,34073.21875,34096.21875,38667910,0.0,0.0
2022-11-23 09:30:00-05:00,34091.5703125,34243.87109375,34078.71875,34203.921875,0,0.0,0.0
2022-11-23 10:30:00-05:00,34203.94921875,34223.46875,34160.48046875,34196.859375,29157464,0.0,0.0
2022-11-23 11:30:00-05:00,34196.9296875,34197.23828125,34038.3203125,34104.44921875,23978178,0.0,0.0
2022-11-23 12:30:00-05:00,34104.51953125,34113.0390625,34004.640625,34096.6796875,17510541,0.0,0.0
2022-11-23 13:30:00-05:00,34096.921875,34262.0703125,34085.96875,34226.69140625,24831233,0.0,0.0
2022-11-23 14:30:00-05:00,34226.12890625,34252.44921875,34145.80859375,34216.921875,26182113,0.0,0.0
2022-11-23 15:30:00-05:00,34216.8203125,34216.8203125,34158.98828125,34196.8515625,27359282,0.0,0.0
2022-11-25 09:30:00-05:00,34213.0390625,34365.44921875,34199.5703125,34328.6015625,0,0.0,0.0
2022-11-25 10:30:00-05:00,34328.48046875,34378.5,34314.171875,34365.4296875,22525467,0.0,0.0
2022-11-25 11:30:00-05:00,34365.69140625,34386.51171875,34345.16015625,34367.73046875,22103344,0.0,0.0
2022-11-28 09:30:00-05:00,34275.91015625,34303.87890625,34138.640625,34174.01953125,0,0.0,0.0
2022-11-28 10:30:00-05:00,34174.01953125,34187.73828125,34072.41015625,34075.6796875,30147355,0.0,0.0
2022-11-28 11:30:00-05:00,34077.41015625,34123.53125,34005.71875,34073.28125,26419834,0.0,0.0
2022-11-28 12:30:00-05:00,34073.5390625,34091.76171875,33977.55078125,33986.109375,21590871,0.0,0.0
2022-11-28 13:30:00-05:00,33985.6796875,33988.4296875,33878.96875,33882.37890625,24833523,0.0,0.0
2022-11-28 14:30:00-05:00,33882.171875,33903.55078125,33802.80859375,33812.16015625,30011262,0.0,0.0
2022-11-28 15:30:00-05:00,33812.2109375,33869.3984375,33799.3515625,33851.9296875,41882002,0.0,0.0
2022-11-29 09:30:00-05:00,33847.80078125,33913.55078125,33763.01171875,33913.55078125,0,0.0,0.0
2022-11-29 10:30:00-05:00,33913.8203125,33933.91015625,33662.44921875,33681.48828125,42962285,0.0,0.0
2022-11-29 11:30:00-05:00,33682.25,33761.3984375,33671.94921875,33739.75,26880865,0.0,0.0
2022-11-29 12:30:00-05:00,33739.3984375,33819.25,33739.37890625,33764.21875,24452734,0.0,0.0
2022-11-29 13:30:00-05:00,33764.44140625,33918.51171875,33761.19140625,33808.609375,23238828,0.0,0.0
2022-11-29 14:30:00-05:00,33808.6015625,33831.328125,33765.6484375,33812.46875,26246415,0.0,0.0
2022-11-29 15:30:00-05:00,33812.71875,33865.08984375,33803.5703125,33846.98046875,36321144,0.0,0.0
2022-11-30 09:30:00-05:00,33795.4296875,33897.37109375,33611.5,33615.87890625,0,0.0,0.0
2022-11-30 10:30:00-05:00,33617.55859375,33722.4609375,33617.30078125,33708.6796875,27431155,0.0,0.0
2022-11-30 11:30:00-05:00,33709.26171875,33732.421875,33583.76953125,33610.03125,22730428,0.0,0.0
2022-11-30 12:30:00-05:00,33610.62890625,33713.87109375,33586.7890625,33695.7109375,19274073,0.0,0.0
2022-11-30 13:30:00-05:00,33695.9609375,34242.33984375,33659.7109375,34214.01953125,59399759,0.0,0.0
2022-11-30 14:30:00-05:00,34214.2109375,34412.37109375,34135.23046875,34412.0,48402695,0.0,0.0
2022-11-30 15:30:00-05:00,34412.46875,34576.3515625,34405.828125,34569.9609375,88409218,0.0,0.0
2022-12-01 09:30:00-05:00,34533.58984375,34595.51171875,34187.75,34207.55859375,0,0.0,0.0
2022-12-01 10:30:00-05:00,34206.140625,34310.6015625,34129.3515625,34254.6796875,42118004,0.0,0.0
2022-12-01 11:30:00-05:00,34252.94140625,34341.359375,34214.87109375,34339.76953125,32588438,0.0,0.0
2022-12-01 12:30:00-05:00,34339.4609375,34419.5,34302.0703125,34314.55078125,27572040,0.0,0.0
2022-12-01 13:30:00-05:00,34315.0390625,34404.73828125,34282.5703125,34388.5,28408135,0.0,0.0
2022-12-01 14:30:00-05:00,34388.171875,34454.2109375,34371.3515625,34386.37109375,31449196,0.0,0.0
2022-12-01 15:30:00-05:00,34386.328125,34461.01953125,34375.0390625,34393.03125,46229829,0.0,0.0
2022-12-02 09:30:00-05:00,34265.44921875,34265.44921875,34039.73046875,34144.62890625,0,0.0,0.0
2022-12-02 10:30:00-05:00,34144.44140625,34280.26171875,34123.921875,34251.16015625,35873811,0.0,0.0
2022-12-02 11:30:00-05:00,34251.12890625,34365.859375,34230.66015625,34322.12109375,29485556,0.0,0.0
2022-12-02 12:30:00-05:00,34321.921875,34339.421875,34252.25,34275.578125,24948701,0.0,0.0
2022-12-02 13:30:00-05:00,34275.921875,34308.12109375,34243.98046875,34296.26953125,22129964,0.0,0.0
2022-12-02 14:30:00-05:00,34295.80859375,34483.2109375,34281.078125,34408.98828125,35695842,0.0,0.0
2022-12-02 15:30:00-05:00,34409.19140625,34438.1015625,34344.69140625,34424.1796875,38801054,0.0,0.0
2022-12-05 09:30:00-05:00,34335.73046875,34335.73046875,34040.44921875,34175.75,0,0.0,0.0
2022-12-05 10:30:00-05:00,34175.4609375,34272.12109375,34152.140625,34166.7109375,34574122,0.0,0.0
2022-12-05 11:30:00-05:00,34170.671875,34174.80078125,34017.37890625,34081.421875,33658569,0.0,0.0
2022-12-05 12:30:00-05:00,34079.94921875,34083.6015625,33978.921875,33998.2890625,34197702,0.0,0.0
2022-12-05 13:30:00-05:00,33999.8203125,34034.76171875,33873.421875,33886.6796875,28569507,0.0,0.0
2022-12-05 14:30:00-05:00,33886.48828125,33961.44140625,33846.80859375,33890.71875,30268253,0.0,0.0
2022-12-05 15:30:00-05:00,33890.37109375,33974.6484375,33888.921875,33946.01953125,38793302,0.0,0.0
2022-12-06 09:30:00-05:00,33936.87109375,34006.62890625,33763.5390625,33765.48828125,0,0.0,0.0
2022-12-06 10:30:00-05:00,33765.66015625,33804.73828125,33670.3984375,33714.421875,35737709,0.0,0.0
2022-12-06 11:30:00-05:00,33714.78125,33743.05078125,33600.609375,33634.01953125,28380846,0.0,0.0
2022-12-06 12:30:00-05:00,33634.01953125,33646.44140625,33498.9296875,33511.30859375,27888688,0.0,0.0
2022-12-06 13:30:00-05:00,33511.21875,33561.859375,33453.6796875,33458.41015625,29360559,0.0,0.0
2022-12-06 14:30:00-05:00,33457.890625,33522.28125,33418.58984375,33453.3203125,34977318,0.0,0.0
2022-12-06 15:30:00-05:00,33453.421875,33618.8203125,33451.75,33598.3203125,43048600,0.0,0.0
2022-12-07 09:30:00-05:00,33556.3984375,33743.25,33503.671875,33742.55078125,0,0.0,0.0
2022-12-07 10:30:00-05:00,33742.9609375,33774.26953125,33530.23828125,33541.48046875,35014183,0.0,0.0
2022-12-07 11:30:00-05:00,33541.3203125,33645.91015625,33507.94921875,33592.55078125,24684428,0.0,0.0
2022-12-07 12:30:00-05:00,33592.91015625,33692.55859375,33573.140625,33664.328125,21500122,0.0,0.0
2022-12-07 13:30:00-05:00,33664.28125,33670.23046875,33532.73046875,33584.33984375,20562861,0.0,0.0
2022-12-07 14:30:00-05:00,33584.5390625,33623.51953125,33510.19921875,33567.37109375,27260876,0.0,0.0
2022-12-07 15:30:00-05:00,33567.37109375,33617.4296875,33553.3203125,33588.0390625,33773193,0.0,0.0
2022-12-08 09:30:00-05:00,33695.96875,33899.171875,33685.0,33886.109375,0,0.0,0.0
2022-12-08 10:30:00-05:00,33888.03125,33894.41015625,33757.828125,33800.5703125,33764417,0.0,0.0
2022-12-08 11:30:00-05:00,33800.48828125,33831.69921875,33771.8984375,33781.05859375,24617732,0.0,0.0
2022-12-08 12:30:00-05:00,33781.1484375,33809.71875,33708.30078125,33808.62109375,20615874,0.0,0.0
2022-12-08 13:30:00-05:00,33808.7890625,33864.171875,33669.21875,33676.08984375,28114927,0.0,0.0
2022-12-08 14:30:00-05:00,33675.9609375,33763.05859375,33642.4609375,33746.37890625,28105252,0.0,0.0
2022-12-08 15:30:00-05:00,33746.26953125,33787.609375,33670.0,33772.80859375,34341136,0.0,0.0
2022-12-09 09:30:00-05:00,33746.7109375,33790.19140625,33641.12890625,33705.78125,0,0.0,0.0
2022-12-09 10:30:00-05:00,33705.69140625,33815.359375,33687.640625,33787.5390625,39633317,0.0,0.0
2022-12-09 11:30:00-05:00,33787.828125,33844.62890625,33749.7109375,33760.01953125,29139861,0.0,0.0
2022-12-09 12:30:00-05:00,33760.12109375,33797.58984375,33675.71875,33706.828125,23060496,0.0,0.0
2022-12-09 13:30:00-05:00,33706.171875,33732.26171875,33641.12890625,33692.58984375,21288186,0.0,0.0
2022-12-09 14:30:00-05:00,33691.25,33719.44921875,33657.078125,33658.6796875,24632724,0.0,0.0
2022-12-09 15:30:00-05:00,33658.41015625,33660.8515625,33462.6484375,33474.80859375,38739794,0.0,0.0
2022-12-12 09:30:00-05:00,33519.5,33670.671875,33519.5,33650.6484375,0,0.0,0.0
2022-12-12 10:30:00-05:00,33648.73046875,33778.890625,33641.51953125,33748.16015625,37651789,0.0,0.0
2022-12-12 11:30:00-05:00,33747.76953125,33782.23828125,33710.109375,33749.890625,23804476,0.0,0.0
2022-12-12 12:30:00-05:00,33749.890625,33812.69140625,33736.94140625,33761.609375,22408588,0.0,0.0
2022-12-12 13:30:00-05:00,33761.28125,33810.96875,33745.6015625,33770.0,23430907,0.0,0.0
2022-12-12 14:30:00-05:00,33769.609375,33949.96875,33754.5,33939.41015625,34072942,0.0,0.0
2022-12-12 15:30:00-05:00,33939.23046875,34001.76953125,33926.30859375,34000.23046875,48214156,0.0,0.0
2022-12-13 09:30:00-05:00,34268.44140625,34712.28125,34235.171875,34288.1796875,0,0.0,0.0
2022-12-13 10:30:00-05:00,34289.8515625,34343.71875,34171.0703125,34228.6796875,45713345,0.0,0.0
2022-12-13 11:30:00-05:00,34229.16015625,34325.1796875,33953.30078125,33978.37890625,41144440,0.0,0.0
2022-12-13 12:30:00-05:00,33978.16015625,34128.08984375,33890.87890625,34108.2890625,33429596,0.0,0.0
2022-12-13 13:30:00-05:00,34108.12109375,34146.26953125,34032.98046875,34082.578125,28175649,0.0,0.0
2022-12-13 14:30:00-05:00,34082.26953125,34191.91015625,33959.69140625,34088.51953125,34824222,0.0,0.0
2022-12-13 15:30:00-05:00,34088.671875,34186.25,34073.87109375,34111.62890625,53406626,0.0,0.0
2022-12-14 09:30:00-05:00,34086.0703125,34284.2890625,34086.0703125,34265.83984375,0,0.0,0.0
2022-12-14 10:30:00-05:00,34265.1015625,34354.91015625,34230.96875,34352.9609375,32933252,0.0,0.0
2022-12-14 11:30:00-05:00,34352.921875,34365.0,34291.078125,34304.23046875,23495773,0.0,0.0
2022-12-14 12:30:00-05:00,34302.6015625,34343.71875,34271.609375,34312.87890625,20385550,0.0,0.0
2022-12-14 13:30:00-05:00,34312.87890625,34395.6484375,33926.33984375,34008.03125,46771869,0.0,0.0
2022-12-14 14:30:00-05:00,34007.6796875,34210.0703125,33704.171875,33895.66015625,66176306,0.0,0.0
2022-12-14 15:30:00-05:00,33895.5703125,34059.26953125,33812.96875,33960.98046875,44168537,0.0,0.0
2022-12-15 09:30:00-05:00,33773.0,33773.0,33247.44921875,33295.94140625,0,0.0,0.0
2022-12-15 10:30:00-05:00,33295.83984375,33367.1484375,33186.37890625,33201.48828125,44622342,0.0,0.0
2022-12-15 11:30:00-05:00,33202.6484375,33219.19140625,33117.94140625,33168.8203125,34235700,0.0,0.0
2022-12-15 12:30:00-05:00,33168.91015625,33223.2109375,33016.16015625,33052.359375,30792305,0.0,0.0
2022-12-15 13:30:00-05:00,33052.23046875,33114.1015625,33029.58984375,33079.6796875,31383834,0.0,0.0
2022-12-15 14:30:00-05:00,33078.2109375,33284.80078125,33076.8515625,33276.921875,45611594,0.0,0.0
2022-12-15 15:30:00-05:00,33276.94921875,33296.4609375,33143.16015625,33217.078125,56467973,0.0,0.0
2022-12-16 09:30:00-05:00,33166.4609375,33166.4609375,32798.98828125,32798.98828125,0,0.0,0.0
2022-12-16 10:30:00-05:00,32798.37109375,32890.26171875,32748.0703125,32805.640625,43862859,0.0,0.0
2022-12-16 11:30:00-05:00,32805.4296875,32846.1796875,32712.900390625,32750.01953125,32835394,0.0,0.0
2022-12-16 12:30:00-05:00,32750.009765625,32798.7109375,32654.58984375,32668.189453125,31549771,0.0,0.0
2022-12-16 13:30:00-05:00,32665.140625,32804.19921875,32660.7890625,32732.05078125,29972428,0.0,0.0
2022-12-16 14:30:00-05:00,32731.560546875,32945.66015625,32703.66015625,32939.46875,37691067,0.0,0.0
2022-12-16 15:30:00-05:00,32939.359375,33001.30859375,32898.30859375,32908.53125,74381922,0.0,0.0
2022-12-19 09:30:00-05:00,32921.44921875,33038.94140625,32862.87890625,33034.98828125,0,0.0,0.0
2022-12-19 10:30:00-05:00,33035.25,33035.3515625,32866.66015625,32900.12890625,37605746,0.0,0.0
2022-12-19 11:30:00-05:00,32898.91015625,32898.91015625,32802.87109375,32831.609375,30021358,0.0,0.0
2022-12-19 12:30:00-05:00,32831.01171875,32857.8515625,32793.23046875,32798.80078125,26820633,0.0,0.0
2022-12-19 13:30:00-05:00,32798.44140625,32808.26171875,32620.33984375,32620.5,29896264,0.0,0.0
2022-12-19 14:30:00-05:00,32620.349609375,32668.640625,32581.970703125,32653.5703125,37007317,0.0,0.0
2022-12-19 15:30:00-05:00,32653.669921875,32776.2890625,32644.119140625,32755.849609375,48432587,0.0,0.0
2022-12-20 09:30:00-05:00,32735.240234375,32902.390625,32649.44921875,32884.3984375,0,0.0,0.0
2022-12-20 10:30:00-05:00,32884.8515625,32939.2890625,32716.470703125,32733.640625,40107801,0.0,0.0
2022-12-20 11:30:00-05:00,32734.150390625,32891.109375,32733.279296875,32861.75,28896087,0.0,0.0
2022-12-20 12:30:00-05:00,32857.5390625,32956.4609375,32816.421875,32939.0,24178972,0.0,0.0
2022-12-20 13:30:00-05:00,32939.421875,32992.23046875,32908.26953125,32924.25,27125032,0.0,0.0
2022-12-20 14:30:00-05:00,32924.33984375,32926.91015625,32816.37109375,32880.328125,28521916,0.0,0.0
2022-12-20 15:30:00-05:00,32880.33984375,32926.109375,32842.16015625,32852.078125,35868415,0.0,0.0
2022-12-21 09:30:00-05:00,33028.08984375,33290.640625,33028.08984375,33288.171875,0,0.0,0.0
2022-12-21 10:30:00-05:00,33288.23046875,33437.83984375,33279.12109375,33381.76953125,44778482,0.0,0.0
2022-12-21 11:30:00-05:00,33382.078125,33403.98046875,33309.390625,33318.58984375,32286504,0.0,0.0
2022-12-21 12:30:00-05:00,33318.62890625,33392.6484375,33301.1484375,33318.48046875,27374714,0.0,0.0
2022-12-21 13:30:00-05:00,33318.58984375,33436.05859375,33312.921875,33369.7109375,27222309,0.0,0.0
2022-12-21 14:30:00-05:00,33369.51953125,33400.140625,33314.828125,33317.859375,29491772,0.0,0.0
2022-12-21 15:30:00-05:00,33318.140625,33383.359375,33281.80859375,33372.94921875,39986144,0.0,0.0
2022-12-22 09:30:00-05:00,33233.3515625,33233.3515625,32887.3515625,32939.921875,0,0.0,0.0
2022-12-22 10:30:00-05:00,32939.62890625,32981.1015625,32875.3203125,32911.30859375,39690695,0.0,0.0
2022-12-22 11:30:00-05:00,32910.890625,32933.0,32734.630859375,32747.94921875,30704211,0.0,0.0
2022-12-22 12:30:00-05:00,32747.759765625,32761.3203125,32613.890625,32638.150390625,28187608,0.0,0.0
2022-12-22 13:30:00-05:00,32637.94921875,32767.619140625,32573.4296875,32764.73046875,29420410,0.0,0.0
2022-12-22 14:30:00-05:00,32765.0703125,33003.6484375,32733.33984375,32999.91015625,38160871,0.0,0.0
2022-12-22 15:30:00-05:00,33000.1484375,33036.921875,32902.8203125,33032.80859375,47121008,0.0,0.0
2022-12-23 09:30:00-05:00,32961.05859375,33102.2109375,32814.01953125,33065.26953125,0,0.0,0.0
2022-12-23 10:30:00-05:00,33065.33984375,33154.37109375,32991.91015625,33050.4296875,31949378,0.0,0.0
2022-12-23 11:30:00-05:00,33049.78125,33207.109375,33044.3984375,33178.44140625,23269434,0.0,0.0
2022-12-23 12:30:00-05:00,33177.30078125,33218.69921875,33135.76953125,33166.3984375,19861440,0.0,0.0
2022-12-23 13:30:00-05:00,33166.3984375,33189.01953125,33077.2890625,33119.5703125,18179712,0.0,0.0
2022-12-23 14:30:00-05:00,33119.41015625,33226.140625,33119.30859375,33148.46875,21813769,0.0,0.0
2022-12-23 15:30:00-05:00,33147.9609375,33209.6015625,33104.3203125,33199.96875,26870339,0.0,0.0
2022-12-27 09:30:00-05:00,33224.23046875,33340.69140625,33069.578125,33296.87109375,0,0.0,0.0
2022-12-27 10:30:00-05:00,33297.01171875,33344.171875,33250.890625,33310.33984375,32270085,0.0,0.0
2022-12-27 11:30:00-05:00,33311.0703125,33387.71875,33291.3515625,33318.30078125,24693311,0.0,0.0
2022-12-27 12:30:00-05:00,33318.30078125,33344.19921875,33259.9296875,33305.1015625,20834616,0.0,0.0
2022-12-27 13:30:00-05:00,33304.8203125,33311.2890625,33203.05078125,33213.01171875,21730952,0.0,0.0
2022-12-27 14:30:00-05:00,33212.7890625,33300.7890625,33184.71875,33288.01953125,24573138,0.0,0.0
2022-12-27 15:30:00-05:00,33287.859375,33312.96875,33213.859375,33243.51171875,30346757,0.0,0.0
2022-12-28 09:30:00-05:00,33264.76171875,33379.55078125,33159.55078125,33170.9609375,0,0.0,0.0
2022-12-28 10:30:00-05:00,33171.890625,33218.03125,33057.94140625,33079.5703125,34561925,0.0,0.0
2022-12-28 11:30:00-05:00,33080.171875,33091.96875,32926.4609375,32963.890625,30242674,0.0,0.0
2022-12-28 12:30:00-05:00,32963.87890625,33140.828125,32963.87890625,33082.4609375,26324694,0.0,0.0
2022-12-28 13:30:00-05:00,33082.6015625,33082.8984375,32988.19921875,33022.44140625,21331210,0.0,0.0
2022-12-28 14:30:00-05:00,33021.66015625,33103.7890625,32906.91015625,32929.62890625,29268165,0.0,0.0
2022-12-28 15:30:00-05:00,32929.55859375,32959.75,32869.1484375,32874.2890625,35030623,0.0,0.0
2022-12-29 09:30:00-05:00,33021.4296875,33220.21875,33020.3515625,33172.359375,0,0.0,0.0
2022-12-29 10:30:00-05:00,33173.44140625,33221.23046875,33150.6796875,33200.1484375,30980525,0.0,0.0
2022-12-29 11:30:00-05:00,33199.6796875,33292.1796875,33199.1796875,33265.828125,26381774,0.0,0.0
2022-12-29 12:30:00-05:00,33266.12109375,33276.609375,33223.01953125,33240.05078125,22441001,0.0,0.0
2022-12-29 13:30:00-05:00,33239.98828125,33293.421875,33226.0703125,33242.75,21016560,0.0,0.0
2022-12-29 14:30:00-05:00,33242.5,33284.25,33196.6015625,33212.62890625,23660493,0.0,0.0
2022-12-29 15:30:00-05:00,33212.640625,33253.76171875,33206.109375,33217.87109375,30581091,0.0,0.0
2022-12-30 09:30:00-05:00,33121.609375,33121.609375,32925.12109375,33028.80859375,0,0.0,0.0
2022-12-30 10:30:00-05:00,33029.21875,33084.4609375,32923.44921875,32936.87109375,31519232,0.0,0.0
2022-12-30 11:30:00-05:00,32937.30078125,33039.9609375,32928.01171875,33030.5390625,23266899,0.0,0.0
2022-12-30 12:30:00-05:00,33030.6484375,33060.4609375,32847.8203125,32909.33984375,21909500,0.0,0.0
2022-12-30 13:30:00-05:00,32909.1484375,32962.53125,32864.23828125,32899.1015625,22223094,0.0,0.0
2022-12-30 14:30:00-05:00,32898.96875,33039.98046875,32869.23046875,32993.62109375,28533460,0.0,0.0
2022-12-30 15:30:00-05:00,32993.6015625,33152.55078125,32987.69921875,33152.55078125,49769799,0.0,0.0
2023-01-03 09:30:00-05:00,33148.8984375,33387.51953125,33005.75,33060.48046875,0,0.0,0.0
2023-01-03 10:30:00-05:00,33065.4296875,33156.5703125,32941.80078125,32997.0,48283673,0.0,0.0
2023-01-03 11:30:00-05:00,32996.9296875,32996.9296875,32896.8203125,32929.05078125,32624194,0.0,0.0
2023-01-03 12:30:00-05:00,32929.6484375,33016.62109375,32850.5703125,32979.69140625,27672840,0.0,0.0
2023-01-03 13:30:00-05:00,32980.01171875,33023.26171875,32914.19140625,32928.73828125,27529555,0.0,0.0
2023-01-03 14:30:00-05:00,32928.87109375,33108.8515625,32863.48046875,33051.328125,38910047,0.0,0.0
2023-01-03 15:30:00-05:00,33051.4609375,33147.30859375,33048.03125,33134.921875,41893425,0.0,0.0
2023-01-04 09:30:00-05:00,33165.140625,33340.921875,33033.48046875,33148.859375,0,0.0,0.0
2023-01-04 10:30:00-05:00,33149.91015625,33239.4296875,33085.78125,33229.7890625,46416461,0.0,0.0
2023-01-04 11:30:00-05:00,33229.3203125,33409.1015625,33229.3203125,33369.03125,38682528,0.0,0.0
2023-01-04 12:30:00-05:00,33369.0,33399.5390625,33245.58984375,33325.94921875,29198427,0.0,0.0
2023-01-04 13:30:00-05:00,33325.05859375,33370.94140625,33072.2890625,33084.62109375,38842919,0.0,0.0
2023-01-04 14:30:00-05:00,33084.12890625,33258.26953125,33065.30859375,33186.6484375,37549146,0.0,0.0
2023-01-04 15:30:00-05:00,33186.5390625,33278.9609375,33073.83984375,33271.30078125,45851290,0.0,0.0
2023-01-05 09:30:00-05:00,33191.71875,33191.71875,32856.75,32968.44140625,0,0.0,0.0
2023-01-05 10:30:00-05:00,32969.12890625,33000.5390625,32812.328125,32850.51171875,36606237,0.0,0.0
2023-01-05 11:30:00-05:00,32851.46875,32912.01171875,32834.73046875,32895.8515625,30227440,0.0,0.0
2023-01-05 12:30:00-05:00,32895.30859375,33025.25,32849.6484375,32982.3984375,29161992,0.0,0.0
2023-01-05 13:30:00-05:00,32982.41015625,33030.2890625,32945.62109375,32947.5390625,28856011,0.0,0.0
2023-01-05 14:30:00-05:00,32947.9296875,33077.328125,32928.328125,32940.328125,36864671,0.0,0.0
2023-01-05 15:30:00-05:00,32940.33984375,32967.7890625,32891.19921875,32930.01953125,44788468,0.0,0.0
2023-01-06 09:30:00-05:00,33055.30078125,33350.2109375,32997.390625,33291.05078125,0,0.0,0.0
2023-01-06 10:30:00-05:00,33290.578125,33496.94921875,33290.578125,33452.55078125,44692661,0.0,0.0
2023-01-06 11:30:00-05:00,33452.578125,33560.66015625,33435.87890625,33461.73828125,33629804,0.0,0.0
2023-01-06 12:30:00-05:00,33461.5703125,33502.828125,33430.671875,33491.48046875,25524187,0.0,0.0
2023-01-06 13:30:00-05:00,33492.1015625,33610.25,33483.9296875,33589.390625,31419465,0.0,0.0
2023-01-06 14:30:00-05:00,33589.44140625,33710.66015625,33588.21875,33632.87890625,40587688,0.0,0.0
2023-01-06 15:30:00-05:00,33632.390625,33692.08984375,33604.37890625,33623.30078125,53291829,0.0,0.0
2023-01-09 09:30:00-05:00,33664.390625,33832.55859375,33664.390625,33764.1484375,0,0.0,0.0
2023-01-09 10:30:00-05:00,33762.6015625,33935.109375,33758.98828125,33913.21875,39685575,0.0,0.0
2023-01-09 11:30:00-05:00,33914.4609375,33915.421875,33829.03125,33854.73828125,31192604,0.0,0.0
2023-01-09 12:30:00-05:00,33855.5703125,33855.5703125,33743.05859375,33768.94140625,26763449,0.0,0.0
2023-01-09 13:30:00-05:00,33769.19921875,33769.19921875,33615.75,33662.80859375,31808056,0.0,0.0
2023-01-09 14:30:00-05:00,33662.98046875,33677.26953125,33504.5703125,33512.23828125,30369202,0.0,0.0
2023-01-09 15:30:00-05:00,33512.30859375,33561.01171875,33487.66015625,33519.12890625,42472076,0.0,0.0
2023-01-10 09:30:00-05:00,33516.4296875,33668.91015625,33480.33984375,33560.48046875,0,0.0,0.0
2023-01-10 10:30:00-05:00,33560.55859375,33603.46875,33421.80078125,33536.3984375,37453156,0.0,0.0
2023-01-10 11:30:00-05:00,33536.46875,33584.421875,33484.078125,33524.05859375,25259621,0.0,0.0
2023-01-10 12:30:00-05:00,33524.58984375,33599.5390625,33522.3984375,33582.96875,22728412,0.0,0.0
2023-01-10 13:30:00-05:00,33582.3515625,33652.51953125,33573.83984375,33643.05078125,24747699,0.0,0.0
2023-01-10 14:30:00-05:00,33642.8515625,33663.4296875,33572.37890625,33624.05078125,26183490,0.0,0.0
2023-01-10 15:30:00-05:00,33624.3515625,33726.5390625,33604.3203125,33707.0703125,33130847,0.0,0.0
2023-01-11 09:30:00-05:00,33754.03125,33868.83984375,33751.48828125,33796.609375,0,0.0,0.0
2023-01-11 10:30:00-05:00,33797.2890625,33797.6015625,33711.0390625,33789.44921875,34505763,0.0,0.0
2023-01-11 11:30:00-05:00,33790.0,33844.6484375,33769.359375,33831.71875,27196774,0.0,0.0
2023-01-11 12:30:00-05:00,33831.6796875,33897.66015625,33789.98046875,33875.3203125,24862613,0.0,0.0
2023-01-11 13:30:00-05:00,33875.48046875,33908.26171875,33826.44140625,33869.73828125,23064109,0.0,0.0
2023-01-11 14:30:00-05:00,33869.5,33945.19140625,33869.5,33918.94140625,28228292,0.0,0.0
2023-01-11 15:30:00-05:00,33918.78125,33974.69140625,33870.0390625,33967.8984375,45091549,0.0,0.0
2023-01-12 09:30:00-05:00,34047.859375,34138.171875,33792.1015625,34080.25,0,0.0,0.0
2023-01-12 10:30:00-05:00,34078.5390625,34166.3515625,34010.83984375,34107.26953125,35318678,0.0,0.0
2023-01-12 11:30:00-05:00,34106.55078125,34275.140625,34033.828125,34274.9296875,29621709,0.0,0.0
2023-01-12 12:30:00-05:00,34274.30078125,34292.671875,34116.94140625,34129.6015625,27878771,0.0,0.0
2023-01-12 13:30:00-05:00,34129.33984375,34285.2109375,34091.7890625,34213.8203125,26249735,0.0,0.0
2023-01-12 14:30:00-05:00,34213.94921875,34250.1484375,34140.48046875,34162.0,30076972,0.0,0.0
2023-01-12 15:30:00-05:00,34161.828125,34205.55859375,34102.87109375,34190.33984375,41252594,0.0,0.0
2023-01-13 09:30:00-05:00,34075.30859375,34242.69921875,33915.48828125,34242.69921875,0,0.0,0.0
2023-01-13 10:30:00-05:00,34242.5703125,34269.91015625,34182.28125,34236.73046875,34890950,0.0,0.0
2023-01-13 11:30:00-05:00,34233.9296875,34237.078125,34180.9609375,34222.87890625,23284917,0.0,0.0
2023-01-13 12:30:00-05:00,34223.1015625,34224.7890625,34148.48046875,34159.46875,20764315,0.0,0.0
2023-01-13 13:30:00-05:00,34159.5390625,34262.8515625,34153.26953125,34231.8515625,23474639,0.0,0.0
2023-01-13 14:30:00-05:00,34231.98046875,34279.0390625,34208.44921875,34268.3984375,24899393,0.0,0.0
2023-01-13 15:30:00-05:00,34268.609375,34342.3203125,34264.23046875,34299.28125,39409931,0.0,0.0
2023-01-17 09:30:00-05:00,34222.3203125,34269.96875,34100.8984375,34113.30859375,0,0.0,0.0
2023-01-17 10:30:00-05:00,34115.828125,34123.140625,33891.8203125,33933.87890625,45367187,0.0,0.0
2023-01-17 11:30:00-05:00,33934.48828125,33986.75,33904.33984375,33909.6015625,28800377,0.0,0.0
2023-01-17 12:30:00-05:00,33909.890625,33950.5703125,33906.640625,33941.7890625,24141203,0.0,0.0
2023-01-17 13:30:00-05:00,33941.69140625,34002.4296875,33929.30859375,33941.05078125,27757442,0.0,0.0
2023-01-17 14:30:00-05:00,33941.12890625,34017.80078125,33934.69140625,33941.7890625,31116091,0.0,0.0
2023-01-17 15:30:00-05:00,33941.51171875,33948.390625,33860.671875,33908.73828125,47009002,0.0,0.0
2023-01-18 09:30:00-05:00,33948.48828125,34016.53125,33860.0,33889.3984375,0,0.0,0.0
2023-01-18 10:30:00-05:00,33889.7890625,33893.75,33565.0703125,33603.8984375,48139550,0.0,0.0
2023-01-18 11:30:00-05:00,33600.6484375,33600.6484375,33482.76953125,33502.44140625,33522559,0.0,0.0
2023-01-18 12:30:00-05:00,33503.01171875,33535.73046875,33425.359375,33477.44921875,28042812,0.0,0.0
2023-01-18 13:30:00-05:00,33477.421875,33516.73046875,33446.51171875,33489.94140625,29087822,0.0,0.0
2023-01-18 14:30:00-05:00,33489.75,33510.37109375,33410.80078125,33414.73828125,31102282,0.0,0.0
2023-01-18 15:30:00-05:00,33414.76171875,33419.73046875,33269.8984375,33298.28125,52665268,0.0,0.0
2023-01-19 09:30:00-05:00,33171.3515625,33191.8515625,33048.078125,33102.75,0,0.0,0.0
2023-01-19 10:30:00-05:00,33102.80078125,33111.51953125,33016.1015625,33041.62109375,39224694,0.0,0.0
2023-01-19 11:30:00-05:00,33041.3984375,33102.44140625,32982.05078125,33044.48828125,28486784,0.0,0.0
2023-01-19 12:30:00-05:00,33044.12890625,33157.8203125,33009.55859375,33119.859375,25396458,0.0,0.0
2023-01-19 13:30:00-05:00,33119.78125,33218.69140625,33114.37109375,33201.6796875,28038996,0.0,0.0
2023-01-19 14:30:00-05:00,33202.03125,33227.48828125,33138.44140625,33164.94921875,31192638,0.0,0.0
2023-01-19 15:30:00-05:00,33165.3203125,33168.171875,33035.37109375,33039.2109375,47098730,0.0,0.0
2023-01-20 09:30:00-05:00,33073.4609375,33085.328125,32948.9296875,33080.109375,0,0.0,0.0
2023-01-20 10:30:00-05:00,33080.2109375,33235.08984375,33059.30078125,33232.4296875,34659682,0.0,0.0
2023-01-20 11:30:00-05:00,33232.4296875,33238.3203125,33111.51953125,33160.73046875,32634649,0.0,0.0
2023-01-20 12:30:00-05:00,33160.859375,33175.171875,33069.83984375,33102.0,25746953,0.0,0.0
2023-01-20 13:30:00-05:00,33101.55859375,33238.98046875,33100.73046875,33231.80078125,27599975,0.0,0.0
2023-01-20 14:30:00-05:00,33230.33984375,33362.80078125,33229.01171875,33328.609375,37649197,0.0,0.0
2023-01-20 15:30:00-05:00,33328.5703125,33381.94921875,33297.08984375,33372.7890625,55149081,0.0,0.0
2023-01-23 09:30:00-05:00,33439.55859375,33584.6484375,33316.25,33569.28125,0,0.0,0.0
2023-01-23 10:30:00-05:00,33569.609375,33769.21875,33566.23046875,33684.23046875,46821959,0.0,0.0
2023-01-23 11:30:00-05:00,33681.640625,33717.390625,33598.0703125,33647.19140625,37592014,0.0,0.0
2023-01-23 12:30:00-05:00,33647.4609375,33717.2890625,33632.46875,33704.98828125,31441841,0.0,0.0
2023-01-23 13:30:00-05:00,33704.890625,33782.87890625,33624.109375,33633.94921875,33375796,0.0,0.0
2023-01-23 14:30:00-05:00,33633.23046875,33659.05078125,33480.28125,33560.83984375,41546113,0.0,0.0
2023-01-23 15:30:00-05:00,33561.03125,33654.69921875,33538.609375,33628.0,47291308,0.0,0.0
2023-01-24 09:30:00-05:00,33444.71875,33572.890625,33310.55859375,33560.23828125,0,0.0,0.0
2023-01-24 10:30:00-05:00,33564.25,33688.7890625,33521.19140625,33676.12890625,37739093,0.0,0.0
2023-01-24 11:30:00-05:00,33675.7890625,33677.05859375,33566.9296875,33645.7890625,30462107,0.0,0.0
2023-01-24 12:30:00-05:00,33645.7890625,33716.6484375,33617.62109375,33707.58984375,23928444,0.0,0.0
2023-01-24 13:30:00-05:00,33707.578125,33758.94140625,33677.7109375,33717.08984375,26422032,0.0,0.0
2023-01-24 14:30:00-05:00,33716.859375,33782.921875,33715.4609375,33743.859375,30452687,0.0,0.0
2023-01-24 15:30:00-05:00,33743.23828125,33760.6484375,33661.3203125,33728.87890625,39992163,0.0,0.0
2023-01-25 09:30:00-05:00,33538.359375,33545.390625,33387.6484375,33401.5,0,0.0,0.0
2023-01-25 10:30:00-05:00,33402.03125,33445.03125,33273.2109375,33435.98828125,49482507,0.0,0.0
2023-01-25 11:30:00-05:00,33437.078125,33565.5,33426.0390625,33501.58984375,39137032,0.0,0.0
2023-01-25 12:30:00-05:00,33502.80078125,33663.44140625,33502.80078125,33654.69921875,25206852,0.0,0.0
2023-01-25 13:30:00-05:00,33654.21875,33732.51171875,33634.828125,33669.16015625,33828953,0.0,0.0
2023-01-25 14:30:00-05:00,33669.328125,33773.08984375,33636.2109375,33716.48046875,34875005,0.0,0.0
2023-01-25 15:30:00-05:00,33716.69921875,33739.62890625,33668.1796875,33739.62890625,40255518,0.0,0.0
2023-01-26 09:30:00-05:00,33771.66015625,33921.23046875,33664.5,33808.421875,0,0.0,0.0
2023-01-26 10:30:00-05:00,33807.6796875,33849.01953125,33635.6015625,33704.87109375,39794272,0.0,0.0
2023-01-26 11:30:00-05:00,33704.9609375,33843.421875,33696.87890625,33801.96875,27602334,0.0,0.0
2023-01-26 12:30:00-05:00,33801.609375,33820.78125,33757.30078125,33805.328125,25913018,0.0,0.0
2023-01-26 13:30:00-05:00,33805.7109375,33906.76953125,33805.0390625,33831.328125,30424949,0.0,0.0
2023-01-26 14:30:00-05:00,33831.55078125,33931.078125,33831.55078125,33904.37890625,36965719,0.0,0.0
2023-01-26 15:30:00-05:00,33903.98046875,33953.7890625,33872.48828125,33946.30859375,50608674,0.0,0.0
2023-01-27 09:30:00-05:00,33952.9296875,34116.44921875,33908.7890625,34001.73046875,0,0.0,0.0
2023-01-27 10:30:00-05:00,34001.12890625,34010.3515625,33830.8515625,33946.1796875,58996236,0.0,0.0
2023-01-27 11:30:00-05:00,33944.76953125,34054.8984375,33944.76953125,33997.2109375,42457931,0.0,0.0
2023-01-27 12:30:00-05:00,33996.78125,34080.328125,33990.25,34021.55078125,32244387,0.0,0.0
2023-01-27 13:30:00-05:00,34020.44140625,34091.98828125,34005.83984375,34085.69921875,34974942,0.0,0.0
2023-01-27 14:30:00-05:00,34084.8515625,34164.328125,34074.328125,34115.359375,41038939,0.0,0.0
2023-01-27 15:30:00-05:00,34115.6796875,34125.03125,33955.30859375,33974.62109375,51855070,0.0,0.0
2023-01-30 09:30:00-05:00,33909.2109375,34055.2890625,33855.66015625,34027.62109375,0,0.0,0.0
2023-01-30 10:30:00-05:00,34028.3515625,34028.80859375,33858.8203125,33924.08984375,46324069,0.0,0.0
2023-01-30 11:30:00-05:00,33924.12109375,33940.51171875,33832.16015625,33907.109375,34445596,0.0,0.0
2023-01-30 12:30:00-05:00,33906.859375,33931.83984375,33833.08984375,33903.87890625,29943156,0.0,0.0
2023-01-30 13:30:00-05:00,33903.94921875,33903.94921875,33784.8984375,33784.8984375,26945322,0.0,0.0
2023-01-30 14:30:00-05:00,33784.94140625,33814.62890625,33703.33984375,33711.2109375,37706127,0.0,0.0
2023-01-30 15:30:00-05:00,33711.0703125,33779.37890625,33695.1796875,33720.921875,46790326,0.0,0.0
2023-01-31 09:30:00-05:00,33803.55859375,33803.55859375,33664.91015625,33784.91015625,0,0.0,0.0
2023-01-31 10:30:00-05:00,33786.80859375,33828.578125,33750.9296875,33807.01171875,32609137,0.0,0.0
2023-01-31 11:30:00-05:00,33807.23828125,33860.66015625,33762.87109375,33858.69140625,25041733,0.0,0.0
2023-01-31 12:30:00-05:00,33858.8515625,33896.890625,33849.75,33888.8203125,20439812,0.0,0.0
2023-01-31 13:30:00-05:00,33888.94921875,33959.8203125,33879.23046875,33929.828125,23822848,0.0,0.0
2023-01-31 14:30:00-05:00,33929.76171875,33957.5,33883.171875,33888.98828125,28230894,0.0,0.0
2023-01-31 15:30:00-05:00,33888.76171875,34095.23046875,33887.41015625,34087.75,51546604,0.0,0.0
2023-02-01 09:30:00-05:00,34039.6015625,34039.6015625,33831.0703125,33883.6015625,0,0.0,0.0
2023-02-01 10:30:00-05:00,33883.71875,33895.328125,33702.05859375,33838.19921875,38577482,0.0,0.0
2023-02-01 11:30:00-05:00,33839.62890625,33862.62109375,33701.640625,33728.48828125,28623232,0.0,0.0
2023-02-01 12:30:00-05:00,33728.87890625,33776.41015625,33713.2109375,33768.1015625,21191424,0.0,0.0
2023-02-01 13:30:00-05:00,33768.37109375,33855.91015625,33679.390625,33744.8984375,35566189,0.0,0.0
2023-02-01 14:30:00-05:00,33744.7109375,34213.80078125,33581.421875,34167.890625,71186122,0.0,0.0
2023-02-01 15:30:00-05:00,34167.390625,34334.69921875,34034.828125,34095.03125,59311267,0.0,0.0
2023-02-02 09:30:00-05:00,34129.30078125,34145.140625,33814.78125,33919.03125,0,0.0,0.0
2023-02-02 10:30:00-05:00,33919.5390625,34068.890625,33916.91015625,33990.12890625,61953209,0.0,0.0
2023-02-02 11:30:00-05:00,33988.921875,34005.0703125,33910.37109375,33933.08984375,41827722,0.0,0.0
2023-02-02 12:30:00-05:00,33933.41015625,34040.01171875,33928.890625,33977.109375,36152980,0.0,0.0
2023-02-02 13:30:00-05:00,33977.73828125,34098.8984375,33920.8203125,33936.3203125,40298534,0.0,0.0
2023-02-02 14:30:00-05:00,33936.01953125,33982.23828125,33827.078125,33969.98828125,45986433,0.0,0.0
2023-02-02 15:30:00-05:00,33970.0703125,34059.94140625,33926.9609375,34048.41015625,57453545,0.0,0.0
2023-02-03 09:30:00-05:00,33926.30078125,34059.41015625,33833.51171875,34021.26171875,0,0.0,0.0
2023-02-03 10:30:00-05:00,34021.0,34151.7109375,34020.609375,34135.66015625,59827955,0.0,0.0
2023-02-03 11:30:00-05:00,34135.37109375,34179.578125,34041.58984375,34146.48828125,41399826,0.0,0.0
2023-02-03 12:30:00-05:00,34147.21875,34169.19140625,33880.6796875,33894.19921875,35371079,0.0,0.0
2023-02-03 13:30:00-05:00,33894.828125,33942.48828125,33834.30859375,33899.23046875,35951507,0.0,0.0
2023-02-03 14:30:00-05:00,33899.01953125,33948.1484375,33813.859375,33905.80859375,35921933,0.0,0.0
2023-02-03 15:30:00-05:00,33905.48046875,33941.28125,33845.94140625,33923.98046875,46637920,0.0,0.0
2023-02-06 09:30:00-05:00,33874.44140625,33874.44140625,33711.8515625,33729.5390625,0,0.0,0.0
2023-02-06 10:30:00-05:00,33727.73046875,33884.609375,33683.578125,33872.9609375,34781014,0.0,0.0
2023-02-06 11:30:00-05:00,33872.78125,33886.7890625,33797.8515625,33812.12109375,25549059,0.0,0.0
2023-02-06 12:30:00-05:00,33812.640625,33913.41015625,33812.640625,33873.51171875,24620824,0.0,0.0
2023-02-06 13:30:00-05:00,33873.01953125,33962.83984375,33845.55859375,33921.33984375,25389248,0.0,0.0
2023-02-06 14:30:00-05:00,33921.08984375,33927.328125,33823.8984375,33831.28125,32252604,0.0,0.0
2023-02-06 15:30:00-05:00,33831.078125,33904.98828125,33803.390625,33887.76953125,40879392,0.0,0.0
2023-02-07 09:30:00-05:00,33769.78125,33813.5390625,33704.671875,33750.1796875,0,0.0,0.0
2023-02-07 10:30:00-05:00,33750.2890625,33811.390625,33728.87109375,33788.58984375,35413775,0.0,0.0
2023-02-07 11:30:00-05:00,33788.98828125,33855.0,33787.0390625,33796.23046875,27995276,0.0,0.0
2023-02-07 12:30:00-05:00,33795.921875,34169.3984375,33778.62109375,33801.94140625,53499909,0.0,0.0
2023-02-07 13:30:00-05:00,33801.23046875,33976.328125,33634.1015625,33944.51953125,42506733,0.0,0.0
2023-02-07 14:30:00-05:00,33943.62890625,34107.51171875,33936.1015625,34101.01953125,35755129,0.0,0.0
2023-02-07 15:30:00-05:00,34100.73046875,34240.0,34061.41015625,34158.01171875,52271299,0.0,0.0
2023-02-08 09:30:00-05:00,34132.8984375,34161.6484375,34017.51171875,34101.171875,0,0.0,0.0
2023-02-08 10:30:00-05:00,34100.578125,34108.75,33948.6484375,33971.0703125,41993207,0.0,0.0
2023-02-08 11:30:00-05:00,33971.48046875,34032.921875,33915.12890625,34032.921875,31145078,0.0,0.0
2023-02-08 12:30:00-05:00,34032.1796875,34114.0703125,33968.578125,34059.171875,28062973,0.0,0.0
2023-02-08 13:30:00-05:00,34058.73828125,34069.7109375,33993.25,33995.37109375,25907494,0.0,0.0
2023-02-08 14:30:00-05:00,33995.109375,34006.96875,33899.7890625,33942.48828125,30001435,0.0,0.0
2023-02-08 15:30:00-05:00,33942.01171875,33982.62890625,33922.26171875,33954.01953125,43694821,0.0,0.0
2023-02-09 09:30:00-05:00,34105.609375,34252.5703125,34105.609375,34147.5,0,0.0,0.0
2023-02-09 10:30:00-05:00,34147.30078125,34184.171875,34009.7109375,34034.96875,39376643,0.0,0.0
2023-02-09 11:30:00-05:00,34034.48828125,34063.19140625,33998.3203125,34008.51953125,28448085,0.0,0.0
2023-02-09 12:30:00-05:00,34008.05859375,34009.44921875,33849.5703125,33862.578125,28432969,0.0,0.0
2023-02-09 13:30:00-05:00,33863.390625,33907.51171875,33769.66015625,33776.671875,26012301,0.0,0.0
2023-02-09 14:30:00-05:00,33776.73828125,33806.3515625,33664.2890625,33677.0703125,35182491,0.0,0.0
2023-02-09 15:30:00-05:00,33677.01171875,33778.44921875,33607.12890625,33704.0390625,52279259,0.0,0.0
2023-02-10 09:30:00-05:00,33671.5390625,33819.671875,33591.98828125,33764.83984375,0,0.0,0.0
2023-02-10 10:30:00-05:00,33765.91015625,33822.62890625,33661.0703125,33782.8203125,37980663,0.0,0.0
2023-02-10 11:30:00-05:00,33782.28125,33798.55078125,33698.359375,33735.73046875,28023040,0.0,0.0
2023-02-10 12:30:00-05:00,33735.6015625,33886.5703125,33726.05859375,33851.3984375,22528194,0.0,0.0
2023-02-10 13:30:00-05:00,33851.51953125,33851.73828125,33766.390625,33776.4296875,21430281,0.0,0.0
2023-02-10 14:30:00-05:00,33776.390625,33859.08984375,33759.3515625,33810.609375,32189290,0.0,0.0
2023-02-10 15:30:00-05:00,33810.55859375,33897.30859375,33810.37890625,33869.21875,37530252,0.0,0.0
2023-02-13 09:30:00-05:00,33887.390625,34122.0390625,33887.390625,34122.0390625,0,0.0,0.0
2023-02-13 10:30:00-05:00,34122.5390625,34168.328125,34094.828125,34143.9296875,33855706,0.0,0.0
2023-02-13 11:30:00-05:00,34144.01953125,34206.66015625,34113.4609375,34186.33984375,29345861,0.0,0.0
2023-02-13 12:30:00-05:00,34186.80078125,34203.26171875,34147.30078125,34184.55078125,26331101,0.0,0.0
2023-02-13 13:30:00-05:00,34184.078125,34238.73046875,34163.8984375,34167.98828125,22983069,0.0,0.0
2023-02-13 14:30:00-05:00,34168.12109375,34186.87890625,34119.0703125,34181.12109375,29330928,0.0,0.0
2023-02-13 15:30:00-05:00,34181.98828125,34243.83984375,34181.33984375,34243.83984375,43179829,0.0,0.0
2023-02-14 09:30:00-05:00,34194.08984375,34331.46875,34005.890625,34221.671875,0,0.0,0.0
2023-02-14 10:30:00-05:00,34221.0,34239.87890625,33919.16015625,33923.390625,39452178,0.0,0.0
2023-02-14 11:30:00-05:00,33922.80859375,34013.5390625,33827.44921875,33983.66015625,27769370,0.0,0.0
2023-02-14 12:30:00-05:00,33983.62890625,34183.8515625,33976.359375,34123.21875,24146578,0.0,0.0
2023-02-14 13:30:00-05:00,34123.62890625,34165.73046875,34049.609375,34118.16015625,22569087,0.0,0.0
2023-02-14 14:30:00-05:00,34118.671875,34197.91015625,34107.140625,34140.94921875,25576225,0.0,0.0
2023-02-14 15:30:00-05:00,34140.98828125,34170.1796875,34076.37890625,34089.30078125,36564603,0.0,0.0
2023-02-15 09:30:00-05:00,34008.62890625,34008.62890625,33833.1015625,33927.80078125,0,0.0,0.0
2023-02-15 10:30:00-05:00,33929.0703125,34008.0703125,33907.51171875,33991.80859375,32303865,0.0,0.0
2023-02-15 11:30:00-05:00,33991.7890625,34039.80078125,33896.0,33898.828125,29732169,0.0,0.0
2023-02-15 12:30:00-05:00,33898.609375,34004.08984375,33891.87109375,34000.16015625,25848158,0.0,0.0
2023-02-15 13:30:00-05:00,33999.94921875,34090.890625,33990.5390625,34065.01171875,24604335,0.0,0.0
2023-02-15 14:30:00-05:00,34065.16015625,34076.96875,33995.62109375,34047.12890625,27487297,0.0,0.0
2023-02-15 15:30:00-05:00,34047.390625,34128.69140625,34044.140625,34126.33984375,36282451,0.0,0.0
2023-02-16 09:30:00-05:00,33992.08984375,33992.08984375,33717.12890625,33816.6796875,0,0.0,0.0
2023-02-16 10:30:00-05:00,33817.2890625,33915.33984375,33814.8203125,33904.62890625,32639951,0.0,0.0
2023-02-16 11:30:00-05:00,33905.16015625,33985.01171875,33878.19921875,33962.37109375,26744290,0.0,0.0
2023-02-16 12:30:00-05:00,33962.73828125,34023.8515625,33942.96875,33948.76953125,25693337,0.0,0.0
2023-02-16 13:30:00-05:00,33949.01953125,34035.0390625,33937.3203125,34027.140625,24319765,0.0,0.0
2023-02-16 14:30:00-05:00,34026.7890625,34041.16015625,33811.66015625,33812.1484375,34853502,0.0,0.0
2023-02-16 15:30:00-05:00,33809.5390625,33813.30859375,33686.58984375,33694.73828125,49465689,0.0,0.0
2023-02-17 09:30:00-05:00,33677.01171875,33745.66015625,33517.73046875,33688.8515625,0,0.0,0.0
2023-02-17 10:30:00-05:00,33690.4609375,33795.9609375,33573.01953125,33600.48828125,35163423,0.0,0.0
2023-02-17 11:30:00-05:00,33600.6484375,33730.328125,33581.94140625,33717.91015625,32535564,0.0,0.0
2023-02-17 12:30:00-05:00,33716.87890625,33716.87890625,33593.19921875,33640.55078125,24059710,0.0,0.0
2023-02-17 13:30:00-05:00,33640.640625,33760.078125,33630.94921875,33741.69921875,23996766,0.0,0.0
2023-02-17 14:30:00-05:00,33741.78125,33834.390625,33741.78125,33783.7890625,30299917,0.0,0.0
2023-02-17 15:30:00-05:00,33782.9609375,33846.640625,33772.76953125,33827.4296875,40835063,0.0,0.0
2023-02-21 09:30:00-05:00,33699.69140625,33699.69140625,33317.08984375,33351.859375,0,0.0,0.0
2023-02-21 10:30:00-05:00,33353.69921875,33437.96875,33288.78125,33293.609375,39049594,0.0,0.0
2023-02-21 11:30:00-05:00,33293.328125,33311.96875,33240.6484375,33251.53125,38063409,0.0,0.0
2023-02-21 12:30:00-05:00,33251.23046875,33303.80078125,33221.03125,33229.21875,27337470,0.0,0.0
2023-02-21 13:30:00-05:00,33228.828125,33229.16015625,33117.7890625,33155.55859375,27644890,0.0,0.0
2023-02-21 14:30:00-05:00,33155.41015625,33212.62890625,33144.66015625,33179.8515625,29676944,0.0,0.0
2023-02-21 15:30:00-05:00,33180.25,33217.26171875,33115.73828125,33129.05859375,46922457,0.0,0.0
2023-02-22 09:30:00-05:00,33169.328125,33209.109375,33075.23828125,33131.51953125,0,0.0,0.0
2023-02-22 10:30:00-05:00,33128.44921875,33174.80078125,33064.1015625,33163.62109375,33529502,0.0,0.0
2023-02-22 11:30:00-05:00,33164.28125,33234.25,33141.66015625,33211.7890625,26762840,0.0,0.0
2023-02-22 12:30:00-05:00,33211.53125,33245.96875,33190.01953125,33240.98046875,27640896,0.0,0.0
2023-02-22 13:30:00-05:00,33240.6484375,33241.3984375,33071.390625,33118.78125,34306884,0.0,0.0
2023-02-22 14:30:00-05:00,33115.98046875,33115.98046875,32958.12890625,32977.51953125,39291581,0.0,0.0
2023-02-22 15:30:00-05:00,32977.6015625,33052.80078125,32948.26953125,33051.26953125,42169631,0.0,0.0
2023-02-23 09:30:00-05:00,33175.390625,33272.3984375,33135.9609375,33186.51953125,0,0.0,0.0
2023-02-23 10:30:00-05:00,33186.55078125,33199.05078125,32944.69140625,32954.3203125,36280433,0.0,0.0
2023-02-23 11:30:00-05:00,32954.609375,32963.421875,32795.671875,32827.6484375,30543938,0.0,0.0
2023-02-23 12:30:00-05:00,32827.44140625,32911.0,32809.3515625,32895.078125,24667681,0.0,0.0
2023-02-23 13:30:00-05:00,32895.58984375,33072.578125,32870.671875,33067.48828125,25836421,0.0,0.0
2023-02-23 14:30:00-05:00,33067.73046875,33190.26171875,33066.87109375,33187.05859375,28864060,0.0,0.0
2023-02-23 15:30:00-05:00,33187.23828125,33202.48046875,33137.1015625,33153.921875,36470778,0.0,0.0
2023-02-24 09:30:00-05:00,32999.19140625,32999.19140625,32649.1796875,32674.130859375,0,0.0,0.0
2023-02-24 10:30:00-05:00,32674.150390625,32803.6796875,32643.48046875,32784.390625,32132296,0.0,0.0
2023-02-24 11:30:00-05:00,32784.8203125,32865.7890625,32759.01953125,32784.71875,26457071,0.0,0.0
2023-02-24 12:30:00-05:00,32784.6015625,32812.8203125,32682.9609375,32746.259765625,21978102,0.0,0.0
2023-02-24 13:30:00-05:00,32745.720703125,32839.48828125,32704.060546875,32806.421875,22475950,0.0,0.0
2023-02-24 14:30:00-05:00,32806.5703125,32909.28125,32755.2109375,32861.25,27307707,0.0,0.0
2023-02-24 15:30:00-05:00,32860.98828125,32866.44921875,32730.650390625,32818.44140625,39891008,0.0,0.0
2023-02-27 09:30:00-05:00,32906.16015625,33189.28125,32906.16015625,33145.37109375,0,0.0,0.0
2023-02-27 10:30:00-05:00,33144.421875,33156.23828125,32895.0,32904.62109375,32023746,0.0,0.0
2023-02-27 11:30:00-05:00,32906.33984375,32918.28125,32854.05859375,32895.62890625,22614592,0.0,0.0
2023-02-27 12:30:00-05:00,32894.671875,32988.71875,32894.0,32955.46875,20132966,0.0,0.0
2023-02-27 13:30:00-05:00,32955.73828125,33017.30859375,32913.05078125,32948.08984375,21896994,0.0,0.0
2023-02-27 14:30:00-05:00,32948.3515625,32962.94921875,32845.37109375,32872.3515625,26447394,0.0,0.0
2023-02-27 15:30:00-05:00,32872.26953125,32895.55078125,32814.1796875,32890.109375,36558478,0.0,0.0
2023-02-28 09:30:00-05:00,32873.46875,32873.46875,32688.91015625,32728.509765625,0,0.0,0.0
2023-02-28 10:30:00-05:00,32729.560546875,32814.5703125,32678.779296875,32780.25,27289622,0.0,0.0
2023-02-28 11:30:00-05:00,32779.421875,32792.078125,32707.259765625,32770.48046875,21022318,0.0,0.0
2023-02-28 12:30:00-05:00,32770.44921875,32815.80078125,32741.880859375,32793.98046875,21333175,0.0,0.0
2023-02-28 13:30:00-05:00,32793.44921875,32812.328125,32744.650390625,32752.19921875,19302070,0.0,0.0
2023-02-28 14:30:00-05:00,32752.19921875,32773.19921875,32672.5390625,32677.369140625,24269053,0.0,0.0
2023-02-28 15:30:00-05:00,32677.099609375,32724.619140625,32636.4296875,32646.91015625,51136516,0.0,0.0
2023-03-01 09:30:00-05:00,32656.369140625,32729.169921875,32558.4296875,32613.05078125,0,0.0,0.0
2023-03-01 10:30:00-05:00,32610.7109375,32724.640625,32500.7109375,32599.900390625,39720644,0.0,0.0
2023-03-01 11:30:00-05:00,32600.150390625,32746.150390625,32592.8203125,32702.91015625,28536820,0.0,0.0
2023-03-01 12:30:00-05:00,32703.01953125,32743.48046875,32640.990234375,32647.9609375,20695645,0.0,0.0
2023-03-01 13:30:00-05:00,32648.0,32648.0,32572.490234375,32573.689453125,22046293,0.0,0.0
2023-03-01 14:30:00-05:00,32574.01953125,32627.529296875,32553.98046875,32598.73046875,27502164,0.0,0.0
2023-03-01 15:30:00-05:00,32599.0390625,32694.630859375,32593.94921875,32663.8203125,41474107,0.0,0.0
2023-03-02 09:30:00-05:00,32780.96875,32810.4609375,32665.849609375,32797.12890625,0,0.0,0.0
2023-03-02 10:30:00-05:00,32799.19140625,32838.26953125,32750.66015625,32763.759765625,37749203,0.0,0.0
2023-03-02 11:30:00-05:00,32758.140625,32783.30078125,32707.55078125,32758.279296875,24796691,0.0,0.0
2023-03-02 12:30:00-05:00,32758.150390625,32805.30859375,32753.330078125,32754.529296875,20770722,0.0,0.0
2023-03-02 13:30:00-05:00,32754.720703125,32975.05859375,32754.26953125,32966.98828125,33603386,0.0,0.0
2023-03-02 14:30:00-05:00,32966.73828125,33005.83984375,32920.421875,32991.62890625,33366293,0.0,0.0
2023-03-02 15:30:00-05:00,32992.2109375,33083.44921875,32978.76171875,33004.05078125,48945538,0.0,0.0
2023-03-03 09:30:00-05:00,33076.328125,33161.71875,33008.41015625,33152.26171875,0,0.0,0.0
2023-03-03 10:30:00-05:00,33154.37109375,33171.98046875,33099.26953125,33169.390625,30802114,0.0,0.0
2023-03-03 11:30:00-05:00,33169.078125,33268.73828125,33159.5390625,33236.5,27196910,0.0,0.0
2023-03-03 12:30:00-05:00,33236.828125,33310.6484375,33223.58984375,33294.12890625,24651738,0.0,0.0
2023-03-03 13:30:00-05:00,33294.58984375,33343.5,33264.98046875,33343.16015625,23704514,0.0,0.0
2023-03-03 14:30:00-05:00,33342.28125,33405.8203125,33328.75,33372.55078125,32006392,0.0,0.0
2023-03-03 15:30:00-05:00,33372.6796875,33398.1796875,33342.37109375,33389.66015625,41231035,0.0,0.0
2023-03-06 09:30:00-05:00,33425.3203125,33554.671875,33395.578125,33501.19921875,0,0.0,0.0
2023-03-06 10:30:00-05:00,33501.28125,33551.80078125,33466.80078125,33472.75,41609678,0.0,0.0
2023-03-06 11:30:00-05:00,33472.76171875,33572.21875,33461.109375,33532.3984375,32687230,0.0,0.0
2023-03-06 12:30:00-05:00,33532.26953125,33538.0703125,33441.48828125,33448.83984375,31352692,0.0,0.0
2023-03-06 13:30:00-05:00,33448.9296875,33453.08984375,33396.23828125,33416.0390625,28869277,0.0,0.0
2023-03-06 14:30:00-05:00,33416.05078125,33436.01953125,33383.46875,33393.44140625,33818700,0.0,0.0
2023-03-06 15:30:00-05:00,33393.23828125,33452.3984375,33389.51953125,33430.828125,41288657,0.0,0.0
2023-03-07 09:30:00-05:00,33428.30859375,33453.25,33206.9296875,33277.9296875,0,0.0,0.0
2023-03-07 10:30:00-05:00,33276.19140625,33349.609375,33085.05859375,33090.55859375,37414816,0.0,0.0
2023-03-07 11:30:00-05:00,33089.48046875,33186.6796875,33016.78125,33097.41015625,31019571,0.0,0.0
2023-03-07 12:30:00-05:00,33097.609375,33121.3984375,32950.83984375,32960.828125,22674298,0.0,0.0
2023-03-07 13:30:00-05:00,32960.73828125,32980.6015625,32859.0703125,32879.94140625,27117911,0.0,0.0
2023-03-07 14:30:00-05:00,32879.9296875,32916.1796875,32838.2109375,32888.41015625,27167696,0.0,0.0
2023-03-07 15:30:00-05:00,32888.5,32936.87109375,32843.94140625,32858.33984375,40865026,0.0,0.0
2023-03-08 09:30:00-05:00,32872.078125,32903.44140625,32729.9296875,32807.80859375,0,0.0,0.0
2023-03-08 10:30:00-05:00,32804.0,32868.640625,32732.58984375,32761.7109375,27579144,0.0,0.0
2023-03-08 11:30:00-05:00,32762.0703125,32843.30078125,32696.669921875,32698.830078125,24528773,0.0,0.0
2023-03-08 12:30:00-05:00,32699.69921875,32730.880859375,32621.83984375,32623.349609375,21201947,0.0,0.0
2023-03-08 13:30:00-05:00,32623.890625,32715.990234375,32612.69921875,32711.5,18718053,0.0,0.0
2023-03-08 14:30:00-05:00,32711.509765625,32721.66015625,32661.650390625,32680.029296875,27562945,0.0,0.0
2023-03-08 15:30:00-05:00,32680.16015625,32828.3203125,32677.830078125,32796.21875,37668918,0.0,0.0
2023-03-09 09:30:00-05:00,32876.828125,32990.4609375,32828.5703125,32876.23828125,55262758,0.0,0.0
2023-03-09 10:30:00-05:00,32877.7890625,32961.3203125,32835.359375,32837.78125,32877304,0.0,0.0
2023-03-09 11:30:00-05:00,32837.26953125,32857.9296875,32739.0390625,32806.3984375,28027039,0.0,0.0
2023-03-09 12:30:00-05:00,32806.671875,32815.19921875,32604.91015625,32630.060546875,27497148,0.0,0.0
2023-03-09 13:30:00-05:00,32629.939453125,32635.30078125,32489.150390625,32515.560546875,30734259,0.0,0.0
2023-03-09 14:30:00-05:00,32515.6796875,32515.880859375,32190.599609375,32266.2890625,39579944,0.0,0.0
2023-03-09 15:30:00-05:00,32262.830078125,32361.470703125,32236.69921875,32264.2109375,50626191,0.0,0.0
2023-03-10 09:30:00-05:00,32185.140625,32257.470703125,32038.470703125,32139.640625,0,0.0,0.0
2023-03-10 10:30:00-05:00,32136.669921875,32382.119140625,32122.73046875,32374.0390625,51425179,0.0,0.0
2023-03-10 11:30:00-05:00,32374.279296875,32422.099609375,32074.150390625,32115.259765625,39420916,0.0,0.0
2023-03-10 12:30:00-05:00,32115.529296875,32213.16015625,31859.23046875,31892.580078125,34872538,0.0,0.0
2023-03-10 13:30:00-05:00,31891.630859375,32008.8203125,31783.41015625,31890.060546875,39905491,0.0,0.0
2023-03-10 14:30:00-05:00,31888.7109375,32093.58984375,31886.30078125,31959.58984375,46973114,0.0,0.0
2023-03-10 15:30:00-05:00,31951.859375,31965.130859375,31799.51953125,31908.7109375,51667372,0.0,0.0
2023-03-13 09:30:00-04:00,31819.9296875,32125.48046875,31624.869140625,31821.419921875,0,0.0,0.0
2023-03-13 10:30:00-04:00,31821.509765625,32212.060546875,31821.509765625,32202.869140625,62980061,0.0,0.0
2023-03-13 11:30:00-04:00,32203.9296875,32240.349609375,32010.109375,32066.369140625,48736678,0.0,0.0
2023-03-13 12:30:00-04:00,32065.080078125,32086.189453125,31846.400390625,31934.009765625,36595023,0.0,0.0
2023-03-13 13:30:00-04:00,31933.880859375,32116.08984375,31863.919921875,32056.509765625,35056004,0.0,0.0
2023-03-13 14:30:00-04:00,32057.119140625,32130.4609375,31820.8203125,31857.369140625,42181320,0.0,0.0
2023-03-13 15:30:00-04:00,31852.80078125,31987.16015625,31806.05078125,31821.380859375,52224534,0.0,0.0
2023-03-14 09:30:00-04:00,32055.2890625,32223.8203125,32054.01953125,32206.0390625,0,0.0,0.0
2023-03-14 10:30:00-04:00,32206.25,32302.0703125,32201.619140625,32274.890625,43288820,0.0,0.0
2023-03-14 11:30:00-04:00,32272.560546875,32306.58984375,32153.5,32159.5703125,34971005,0.0,0.0
2023-03-14 12:30:00-04:00,32159.16015625,32204.029296875,31889.83984375,31973.330078125,37217029,0.0,0.0
2023-03-14 13:30:00-04:00,31973.279296875,32027.130859375,31843.140625,31961.369140625,36141752,0.0,0.0
2023-03-14 14:30:00-04:00,31961.380859375,32014.099609375,31805.400390625,31894.390625,37294571,0.0,0.0
2023-03-14 15:30:00-04:00,31894.720703125,32177.98046875,31874.5703125,32143.939453125,54768230,0.0,0.0
2023-03-15 09:30:00-04:00,31759.869140625,31775.009765625,31583.779296875,31648.640625,0,0.0,0.0
2023-03-15 10:30:00-04:00,31620.7109375,31730.0,31516.240234375,31638.279296875,50206568,0.0,0.0
2023-03-15 11:30:00-04:00,31635.33984375,31698.33984375,31457.5703125,31499.1796875,38141316,0.0,0.0
2023-03-15 12:30:00-04:00,31501.580078125,31645.369140625,31429.8203125,31635.439453125,35824832,0.0,0.0
2023-03-15 13:30:00-04:00,31635.009765625,31906.470703125,31563.130859375,31826.08984375,39745122,0.0,0.0
2023-03-15 14:30:00-04:00,31827.7890625,31887.650390625,31718.970703125,31818.7890625,47494796,0.0,0.0
2023-03-15 15:30:00-04:00,31820.0,31890.720703125,31685.66015625,31890.720703125,55691551,0.0,0.0
2023-03-16 09:30:00-04:00,31827.650390625,31827.650390625,31571.4609375,31662.33984375,0,0.0,0.0
2023-03-16 10:30:00-04:00,31664.689453125,32037.91015625,31662.30078125,32007.01953125,59504543,0.0,0.0
2023-03-16 11:30:00-04:00,32009.91015625,32109.630859375,31967.44921875,32065.0,51230142,0.0,0.0
2023-03-16 12:30:00-04:00,32064.330078125,32268.23046875,32009.91015625,32201.0,48291812,0.0,0.0
2023-03-16 13:30:00-04:00,32200.4609375,32221.259765625,32125.220703125,32169.580078125,35430126,0.0,0.0
2023-03-16 14:30:00-04:00,32169.0703125,32237.0390625,32090.140625,32231.08984375,45086815,0.0,0.0
2023-03-16 15:30:00-04:00,32231.810546875,32281.609375,32191.4609375,32244.25,57571916,0.0,0.0
2023-03-17 09:30:00-04:00,32217.3203125,32217.3203125,31850.169921875,31893.58984375,0,0.0,0.0
2023-03-17 10:30:00-04:00,31895.099609375,31908.119140625,31777.109375,31814.029296875,44765190,0.0,0.0
2023-03-17 11:30:00-04:00,31813.9296875,31901.48046875,31747.80078125,31893.55078125,35430239,0.0,0.0
2023-03-17 12:30:00-04:00,31894.720703125,31975.919921875,31866.400390625,31918.240234375,32887413,0.0,0.0
2023-03-17 13:30:00-04:00,31917.98046875,31952.900390625,31751.55078125,31760.009765625,33998505,0.0,0.0
2023-03-17 14:30:00-04:00,31757.55078125,31892.419921875,31728.69921875,31882.119140625,43140937,0.0,0.0
2023-03-17 15:30:00-04:00,31883.109375,31883.69921875,31791.0390625,31858.169921875,71403586,0.0,0.0
2023-03-20 09:30:00-04:00,31872.330078125,32253.880859375,31872.330078125,32187.439453125,0,0.0,0.0
2023-03-20 10:30:00-04:00,32188.970703125,32264.140625,32131.380859375,32256.669921875,46265995,0.0,0.0
2023-03-20 11:30:00-04:00,32257.0390625,32263.19921875,32041.439453125,32105.779296875,34829858,0.0,0.0
2023-03-20 12:30:00-04:00,32106.33984375,32280.0703125,32103.80078125,32234.369140625,29536200,0.0,0.0
2023-03-20 13:30:00-04:00,32233.990234375,32249.630859375,32140.029296875,32173.099609375,27909524,0.0,0.0
2023-03-20 14:30:00-04:00,32173.669921875,32203.630859375,32101.849609375,32194.130859375,32617986,0.0,0.0
2023-03-20 15:30:00-04:00,32193.75,32277.619140625,32183.69921875,32236.30078125,44424043,0.0,0.0
2023-03-21 09:30:00-04:00,32420.7109375,32593.6796875,32420.7109375,32468.509765625,0,0.0,0.0
2023-03-21 10:30:00-04:00,32468.890625,32508.369140625,32429.580078125,32462.5703125,39229238,0.0,0.0
2023-03-21 11:30:00-04:00,32463.2109375,32496.060546875,32370.439453125,32433.48046875,35746487,0.0,0.0
2023-03-21 12:30:00-04:00,32433.029296875,32457.220703125,32392.240234375,32415.580078125,28009754,0.0,0.0
2023-03-21 13:30:00-04:00,32415.4296875,32443.80078125,32346.119140625,32423.44921875,29489764,0.0,0.0
2023-03-21 14:30:00-04:00,32423.44921875,32527.779296875,32406.099609375,32507.4296875,33756363,0.0,0.0
2023-03-21 15:30:00-04:00,32507.349609375,32590.900390625,32491.900390625,32560.109375,48068512,0.0,0.0
2023-03-22 09:30:00-04:00,32570.189453125,32608.650390625,32513.259765625,32603.380859375,0,0.0,0.0
2023-03-22 10:30:00-04:00,32602.990234375,32614.419921875,32499.7109375,32518.310546875,30596717,0.0,0.0
2023-03-22 11:30:00-04:00,32518.41015625,32538.83984375,32495.779296875,32511.990234375,26980316,0.0,0.0
2023-03-22 12:30:00-04:00,32511.810546875,32511.810546875,32411.0390625,32467.900390625,21668912,0.0,0.0
2023-03-22 13:30:00-04:00,32467.9296875,32708.650390625,32460.4609375,32577.779296875,37425042,0.0,0.0
2023-03-22 14:30:00-04:00,32577.19921875,32761.890625,32289.0703125,32490.73046875,60034017,0.0,0.0
2023-03-22 15:30:00-04:00,32490.8203125,32506.029296875,32020.4609375,32024.41015625,56035707,0.0,0.0
2023-03-23 09:30:00-04:00,32101.490234375,32345.009765625,32101.490234375,32304.98046875,0,0.0,0.0
2023-03-23 10:30:00-04:00,32304.9296875,32511.490234375,32274.0,32406.109375,36069841,0.0,0.0
2023-03-23 11:30:00-04:00,32406.75,32459.859375,32371.669921875,32393.83984375,32294215,0.0,0.0
2023-03-23 12:30:00-04:00,32394.33984375,32425.58984375,32153.279296875,32190.599609375,28984679,0.0,0.0
2023-03-23 13:30:00-04:00,32190.119140625,32246.990234375,32032.859375,32032.859375,26123937,0.0,0.0
2023-03-23 14:30:00-04:00,32032.3203125,32168.58984375,31864.740234375,31966.4609375,48821658,0.0,0.0
2023-03-23 15:30:00-04:00,31967.25,32219.19921875,31933.419921875,32096.810546875,51852503,0.0,0.0
2023-03-24 09:30:00-04:00,32038.220703125,32038.220703125,31805.1796875,31997.01953125,0,0.0,0.0
2023-03-24 10:30:00-04:00,31997.2109375,32036.25,31818.609375,31900.80078125,42364337,0.0,0.0
2023-03-24 11:30:00-04:00,31899.76953125,32145.19921875,31871.69921875,32031.80078125,36620570,0.0,0.0
2023-03-24 12:30:00-04:00,32031.830078125,32160.25,32024.810546875,32121.330078125,28047425,0.0,0.0
2023-03-24 13:30:00-04:00,32121.669921875,32183.140625,32063.509765625,32143.609375,27022584,0.0,0.0
2023-03-24 14:30:00-04:00,32143.48046875,32247.240234375,32130.26953125,32230.779296875,30803740,0.0,0.0
2023-03-24 15:30:00-04:00,32230.830078125,32257.240234375,32149.740234375,32241.740234375,39898194,0.0,0.0
2023-03-27 09:30:00-04:00,32276.720703125,32543.08984375,32276.720703125,32421.919921875,0,0.0,0.0
2023-03-27 10:30:00-04:00,32421.91015625,32422.33984375,32347.720703125,32410.51953125,29817690,0.0,0.0
2023-03-27 11:30:00-04:00,32411.48046875,32468.900390625,32367.849609375,32460.599609375,28373505,0.0,0.0
2023-03-27 12:30:00-04:00,32460.609375,32502.390625,32429.3203125,32499.810546875,23877704,0.0,0.0
2023-03-27 13:30:00-04:00,32499.80078125,32519.439453125,32421.259765625,32499.94921875,24348868,0.0,0.0
2023-03-27 14:30:00-04:00,32500.060546875,32564.0,32487.939453125,32525.76953125,26759553,0.0,0.0
2023-03-27 15:30:00-04:00,32527.33984375,32541.94921875,32406.470703125,32434.75,39825375,0.0,0.0
2023-03-28 09:30:00-04:00,32434.849609375,32551.009765625,32384.240234375,32502.1796875,0,0.0,0.0
2023-03-28 10:30:00-04:00,32501.7890625,32506.580078125,32421.740234375,32499.58984375,30660419,0.0,0.0
2023-03-28 11:30:00-04:00,32495.119140625,32527.380859375,32458.75,32471.099609375,23253677,0.0,0.0
2023-03-28 12:30:00-04:00,32471.5703125,32473.7890625,32379.439453125,32389.810546875,19826740,0.0,0.0
2023-03-28 13:30:00-04:00,32389.75,32395.5390625,32295.5,32329.220703125,24200260,0.0,0.0
2023-03-28 14:30:00-04:00,32329.369140625,32387.25,32303.01953125,32326.75,25263313,0.0,0.0
2023-03-28 15:30:00-04:00,32326.7890625,32396.359375,32306.73046875,32394.44921875,34349859,0.0,0.0
2023-03-29 09:30:00-04:00,32566.5390625,32659.1796875,32566.5390625,32605.939453125,0,0.0,0.0
2023-03-29 10:30:00-04:00,32605.859375,32616.609375,32539.939453125,32566.330078125,30099805,0.0,0.0
2023-03-29 11:30:00-04:00,32567.220703125,32638.9609375,32564.349609375,32618.080078125,30233789,0.0,0.0
2023-03-29 12:30:00-04:00,32618.080078125,32659.759765625,32605.44921875,32654.58984375,27866472,0.0,0.0
2023-03-29 13:30:00-04:00,32654.5703125,32655.150390625,32574.26953125,32606.66015625,26271020,0.0,0.0
2023-03-29 14:30:00-04:00,32606.80078125,32715.759765625,32604.349609375,32707.7109375,40287773,0.0,0.0
2023-03-29 15:30:00-04:00,32707.55078125,32728.0390625,32660.0703125,32717.19921875,46814036,0.0,0.0
2023-03-30 09:30:00-04:00,32807.4296875,32905.80078125,32764.05078125,32823.3515625,0,0.0,0.0
2023-03-30 10:30:00-04:00,32823.4296875,32853.8984375,32759.580078125,32796.3984375,37722356,0.0,0.0
2023-03-30 11:30:00-04:00,32796.359375,32796.359375,32727.609375,32741.119140625,26428526,0.0,0.0
2023-03-30 12:30:00-04:00,32741.060546875,32748.41015625,32682.869140625,32728.41015625,23421295,0.0,0.0
2023-03-30 13:30:00-04:00,32728.439453125,32816.33984375,32696.3203125,32816.33984375,23869470,0.0,0.0
2023-03-30 14:30:00-04:00,32815.30859375,32861.55078125,32801.94921875,32853.12890625,25974496,0.0,0.0
2023-03-30 15:30:00-04:00,32852.75,32873.80078125,32833.4296875,32855.23046875,35317310,0.0,0.0
2023-03-31 09:30:00-04:00,32901.9609375,33053.19921875,32901.9609375,33014.3984375,0,0.0,0.0
2023-03-31 10:30:00-04:00,33014.2109375,33113.94921875,33008.12890625,33082.76953125,32927817,0.0,0.0
2023-03-31 11:30:00-04:00,33082.140625,33173.94921875,33076.5703125,33160.73828125,25826191,0.0,0.0
2023-03-31 12:30:00-04:00,33160.46875,33163.109375,33101.640625,33102.859375,27217263,0.0,0.0
2023-03-31 13:30:00-04:00,33102.9296875,33150.28125,33074.9296875,33102.25,24126070,0.0,0.0
2023-03-31 14:30:00-04:00,33103.109375,33254.94921875,33091.7890625,33246.12890625,33879718,0.0,0.0
2023-03-31 15:30:00-04:00,33246.23828125,33291.0,33181.2109375,33261.37109375,61844006,0.0,0.0
2023-04-03 09:30:00-04:00,33245.78125,33632.8984375,33245.78125,33615.75,0,0.0,0.0
2023-04-03 10:30:00-04:00,33617.140625,33627.73046875,33396.140625,33459.23046875,38324212,0.0,0.0
2023-04-03 11:30:00-04:00,33459.0,33519.96875,33454.578125,33510.140625,25924959,0.0,0.0
2023-04-03 12:30:00-04:00,33510.1484375,33543.71875,33477.640625,33515.03125,25048263,0.0,0.0
2023-04-03 13:30:00-04:00,33514.71875,33550.71875,33495.9296875,33546.4609375,22532126,0.0,0.0
2023-04-03 14:30:00-04:00,33546.08984375,33621.19921875,33543.140625,33607.921875,31278768,0.0,0.0
2023-04-03 15:30:00-04:00,33607.9609375,33628.8203125,33574.44921875,33600.08984375,41956770,0.0,0.0
2023-04-04 09:30:00-04:00,33594.7890625,33634.71875,33493.4296875,33498.4296875,0,0.0,0.0
2023-04-04 10:30:00-04:00,33500.23828125,33539.71875,33361.16015625,33406.23828125,35436340,0.0,0.0
2023-04-04 11:30:00-04:00,33406.25,33415.0703125,33275.62109375,33347.96875,28347137,0.0,0.0
2023-04-04 12:30:00-04:00,33347.80078125,33405.4296875,33312.51171875,33390.23046875,22836489,0.0,0.0
2023-04-04 13:30:00-04:00,33390.55078125,33410.609375,33327.23046875,33329.80078125,23297553,0.0,0.0
2023-04-04 14:30:00-04:00,33329.73046875,33402.859375,33312.69140625,33356.1015625,26636242,0.0,0.0
2023-04-04 15:30:00-04:00,33356.01953125,33410.890625,33330.6796875,33401.8203125,36406005,0.0,0.0
2023-04-05 09:30:00-04:00,33394.6015625,33543.83984375,33381.328125,33436.03125,0,0.0,0.0
2023-04-05 10:30:00-04:00,33434.6484375,33480.5703125,33386.4296875,33413.578125,36867548,0.0,0.0
2023-04-05 11:30:00-04:00,33413.328125,33486.19921875,33381.44921875,33396.98828125,29971823,0.0,0.0
2023-04-05 12:30:00-04:00,33397.0390625,33473.75,33376.26953125,33459.23828125,25423924,0.0,0.0
2023-04-05 13:30:00-04:00,33459.2890625,33494.2890625,33412.76171875,33469.98828125,22723006,0.0,0.0
2023-04-05 14:30:00-04:00,33470.03125,33509.140625,33448.828125,33472.80078125,27925008,0.0,0.0
2023-04-05 15:30:00-04:00,33474.62890625,33502.16015625,33469.0390625,33483.671875,41640725,0.0,0.0
2023-04-06 09:30:00-04:00,33420.9609375,33444.94921875,33338.73828125,33393.890625,0,0.0,0.0
2023-04-06 10:30:00-04:00,33396.328125,33414.69140625,33325.37109375,33394.71875,28605030,0.0,0.0
2023-04-06 11:30:00-04:00,33394.9609375,33486.58984375,33383.12890625,33475.2109375,25080336,0.0,0.0
2023-04-06 12:30:00-04:00,33475.01953125,33525.78125,33472.76171875,33512.2890625,21719269,0.0,0.0
2023-04-06 13:30:00-04:00,33512.48046875,33525.9609375,33471.58984375,33494.5703125,22136750,0.0,0.0
2023-04-06 14:30:00-04:00,33494.41015625,33509.828125,33436.69140625,33454.828125,25702475,0.0,0.0
2023-04-06 15:30:00-04:00,33454.6015625,33491.0,33438.44140625,33486.7109375,37948861,0.0,0.0
2023-04-10 09:30:00-04:00,33425.25,33511.69140625,33343.4296875,33439.53125,0,0.0,0.0
2023-04-10 10:30:00-04:00,33438.51171875,33496.73828125,33438.51171875,33480.5,28086578,0.0,0.0
2023-04-10 11:30:00-04:00,33480.30859375,33509.921875,33414.30078125,33455.390625,21692993,0.0,0.0
2023-04-10 12:30:00-04:00,33456.01171875,33562.48828125,33456.01171875,33538.80078125,20259175,0.0,0.0
2023-04-10 13:30:00-04:00,33538.62890625,33557.578125,33509.828125,33520.25,17243185,0.0,0.0
2023-04-10 14:30:00-04:00,33520.1484375,33551.8203125,33494.05078125,33513.3515625,20317414,0.0,0.0
2023-04-10 15:30:00-04:00,33513.26171875,33583.71875,33498.75,33583.71875,30469747,0.0,0.0
2023-04-11 09:30:00-04:00,33586.75,33684.16015625,33586.75,33675.390625,0,0.0,0.0
2023-04-11 10:30:00-04:00,33676.37890625,33709.8515625,33606.3515625,33698.5703125,30236042,0.0,0.0
2023-04-11 11:30:00-04:00,33698.08984375,33754.87890625,33667.51171875,33748.5390625,24799691,0.0,0.0
2023-04-11 12:30:00-04:00,33748.8203125,33761.94140625,33714.4609375,33741.19140625,20076191,0.0,0.0
2023-04-11 13:30:00-04:00,33740.921875,33766.140625,33719.6484375,33764.25,18884832,0.0,0.0
2023-04-11 14:30:00-04:00,33764.23046875,33781.2890625,33736.859375,33765.1796875,22356516,0.0,0.0
2023-04-11 15:30:00-04:00,33766.03125,33772.66015625,33658.87109375,33686.640625,36967291,0.0,0.0
2023-04-12 09:30:00-04:00,33764.2109375,33894.0703125,33764.2109375,33853.41015625,0,0.0,0.0
2023-04-12 10:30:00-04:00,33854.05078125,33860.28125,33623.1796875,33717.08984375,34114250,0.0,0.0
2023-04-12 11:30:00-04:00,33717.55078125,33803.21875,33698.6484375,33792.30859375,19997377,0.0,0.0
2023-04-12 12:30:00-04:00,33793.26171875,33867.2109375,33771.640625,33855.41015625,17442930,0.0,0.0
2023-04-12 13:30:00-04:00,33855.30078125,33895.4296875,33755.0390625,33764.58984375,22523556,0.0,0.0
2023-04-12 14:30:00-04:00,33764.55859375,33764.55859375,33598.76953125,33604.87890625,29435529,0.0,0.0
2023-04-12 15:30:00-04:00,33604.19140625,33662.94140625,33593.3203125,33650.96875,36283627,0.0,0.0
2023-04-13 09:30:00-04:00,33668.96875,33781.390625,33605.171875,33773.0,0,0.0,0.0
2023-04-13 10:30:00-04:00,33773.19140625,33816.28125,33735.109375,33815.640625,25930976,0.0,0.0
2023-04-13 11:30:00-04:00,33815.640625,33864.1015625,33781.3515625,33856.3203125,21128657,0.0,0.0
2023-04-13 12:30:00-04:00,33856.609375,33940.140625,33834.109375,33913.890625,21023700,0.0,0.0
2023-04-13 13:30:00-04:00,33913.62109375,34006.94921875,33903.51171875,33986.91015625,25584986,0.0,0.0
2023-04-13 14:30:00-04:00,33987.0390625,34054.98828125,33979.859375,34041.08984375,27905486,0.0,0.0
2023-04-13 15:30:00-04:00,34041.05078125,34047.37890625,34000.44921875,34027.08984375,40942702,0.0,0.0
2023-04-14 09:30:00-04:00,33981.7109375,34082.94140625,33830.94140625,33846.80078125,0,0.0,0.0
2023-04-14 10:30:00-04:00,33846.30859375,33900.8515625,33793.73828125,33801.921875,34089643,0.0,0.0
2023-04-14 11:30:00-04:00,33801.66015625,33853.08984375,33785.46875,33796.921875,24848094,0.0,0.0
2023-04-14 12:30:00-04:00,33796.6484375,33855.46875,33741.109375,33774.3515625,22169368,0.0,0.0
2023-04-14 13:30:00-04:00,33774.3515625,33847.078125,33730.8515625,33845.26953125,22329816,0.0,0.0
2023-04-14 14:30:00-04:00,33844.3984375,33856.921875,33752.01953125,33832.30078125,24923950,0.0,0.0
2023-04-14 15:30:00-04:00,33832.12109375,33901.78125,33825.921875,33879.37890625,33753395,0.0,0.0
2023-04-17 09:30:00-04:00,33930.4609375,33951.58984375,33874.12890625,33925.12109375,0,0.0,0.0
2023-04-17 10:30:00-04:00,33925.25,33948.26953125,33878.171875,33902.37109375,28243083,0.0,0.0
2023-04-17 11:30:00-04:00,33903.78125,33905.48046875,33828.9296875,33884.30078125,23451373,0.0,0.0
2023-04-17 12:30:00-04:00,33884.7890625,33889.71875,33828.33984375,33871.01171875,17554584,0.0,0.0
2023-04-17 13:30:00-04:00,33871.01171875,33879.859375,33796.91015625,33845.390625,17811970,0.0,0.0
2023-04-17 14:30:00-04:00,33845.609375,33964.28125,33839.3984375,33962.01953125,22693323,0.0,0.0
2023-04-17 15:30:00-04:00,33961.51953125,33987.359375,33918.828125,33987.359375,32956156,0.0,0.0
2023-04-18 09:30:00-04:00,33965.16015625,33985.421875,33831.01953125,33835.3515625,0,0.0,0.0
2023-04-18 10:30:00-04:00,33834.859375,33890.75,33791.890625,33890.75,29367056,0.0,0.0
2023-04-18 11:30:00-04:00,33891.1796875,33975.78125,33839.73828125,33975.2890625,26483210,0.0,0.0
2023-04-18 12:30:00-04:00,33975.19921875,33994.26171875,33944.3203125,33959.69921875,21961280,0.0,0.0
2023-04-18 13:30:00-04:00,33959.5,34018.62109375,33952.19140625,34005.2890625,22197299,0.0,0.0
2023-04-18 14:30:00-04:00,34005.26171875,34015.078125,33933.01171875,33984.23046875,24629697,0.0,0.0
2023-04-18 15:30:00-04:00,33984.2109375,34001.76171875,33963.08984375,33977.71875,34043862,0.0,0.0
2023-04-19 09:30:00-04:00,33889.828125,33951.859375,33814.6484375,33874.51171875,0,0.0,0.0
2023-04-19 10:30:00-04:00,33874.80859375,33910.01953125,33862.21875,33879.640625,29675701,0.0,0.0
2023-04-19 11:30:00-04:00,33879.58984375,33906.44140625,33845.48828125,33886.16015625,26021453,0.0,0.0
2023-04-19 12:30:00-04:00,33886.05859375,33925.55859375,33879.69140625,33909.23828125,22396560,0.0,0.0
2023-04-19 13:30:00-04:00,33909.30078125,33957.98046875,33888.48828125,33904.44921875,22292134,0.0,0.0
2023-04-19 14:30:00-04:00,33905.75,33914.3203125,33874.48046875,33886.671875,25814157,0.0,0.0
2023-04-19 15:30:00-04:00,33886.7890625,33899.51953125,33827.23046875,33898.921875,39196888,0.0,0.0
2023-04-20 09:30:00-04:00,33740.6015625,33768.890625,33681.19921875,33751.37890625,0,0.0,0.0
2023-04-20 10:30:00-04:00,33751.4609375,33854.51953125,33748.1484375,33802.76953125,33515055,0.0,0.0
2023-04-20 11:30:00-04:00,33803.12890625,33827.76171875,33768.2109375,33822.7890625,28028580,0.0,0.0
2023-04-20 12:30:00-04:00,33821.83984375,33869.5390625,33817.44140625,33864.46875,25321498,0.0,0.0
2023-04-20 13:30:00-04:00,33864.1796875,33875.390625,33808.19921875,33825.51171875,23671530,0.0,0.0
2023-04-20 14:30:00-04:00,33825.21875,33825.44921875,33678.8203125,33687.83984375,35992004,0.0,0.0
2023-04-20 15:30:00-04:00,33687.69921875,33792.62109375,33687.44140625,33787.94921875,44989479,0.0,0.0
2023-04-21 09:30:00-04:00,33793.6015625,33854.69921875,33717.33984375,33837.80859375,0,0.0,0.0
2023-04-21 10:30:00-04:00,33838.140625,33858.828125,33688.5703125,33738.7109375,34769855,0.0,0.0
2023-04-21 11:30:00-04:00,33738.921875,33797.578125,33694.3515625,33747.73046875,23244170,0.0,0.0
2023-04-21 12:30:00-04:00,33747.6484375,33783.71875,33730.51171875,33754.76953125,22868038,0.0,0.0
2023-04-21 13:30:00-04:00,33754.7890625,33824.9609375,33754.421875,33800.80078125,24065136,0.0,0.0
2023-04-21 14:30:00-04:00,33800.87109375,33807.91015625,33746.55078125,33785.48828125,26032639,0.0,0.0
2023-04-21 15:30:00-04:00,33785.71875,33830.48046875,33771.8984375,33808.80078125,39580813,0.0,0.0
2023-04-24 09:30:00-04:00,33805.0390625,33884.80078125,33793.37109375,33880.55859375,0,0.0,0.0
2023-04-24 10:30:00-04:00,33882.69921875,33891.1484375,33787.328125,33789.62109375,31161319,0.0,0.0
2023-04-24 11:30:00-04:00,33790.2109375,33806.6796875,33726.08984375,33786.171875,30204779,0.0,0.0
2023-04-24 12:30:00-04:00,33786.0390625,33824.21875,33782.48046875,33814.828125,19715308,0.0,0.0
2023-04-24 13:30:00-04:00,33815.19140625,33844.87109375,33808.48828125,33820.30859375,21577054,0.0,0.0
2023-04-24 14:30:00-04:00,33820.3515625,33873.73046875,33808.8984375,33863.01171875,26546700,0.0,0.0
2023-04-24 15:30:00-04:00,33862.9296875,33878.87109375,33841.171875,33875.69921875,37371096,0.0,0.0
2023-04-25 09:30:00-04:00,33828.33984375,33875.48828125,33766.78125,33793.5,0,0.0,0.0
2023-04-25 10:30:00-04:00,33793.73046875,33854.62890625,33746.46875,33783.26953125,31306196,0.0,0.0
2023-04-25 11:30:00-04:00,33782.5390625,33782.5390625,33701.62109375,33720.859375,26821352,0.0,0.0
2023-04-25 12:30:00-04:00,33720.76171875,33735.671875,33553.73046875,33591.7890625,23822875,0.0,0.0
2023-04-25 13:30:00-04:00,33591.8203125,33593.1796875,33541.328125,33584.98046875,25548342,0.0,0.0
2023-04-25 14:30:00-04:00,33584.8203125,33606.41015625,33538.69921875,33582.62890625,31791587,0.0,0.0
2023-04-25 15:30:00-04:00,33582.03125,33597.1015625,33525.390625,33532.48046875,47360287,0.0,0.0
2023-04-26 09:30:00-04:00,33596.33984375,33645.828125,33360.30078125,33380.359375,0,0.0,0.0
2023-04-26 10:30:00-04:00,33380.140625,33522.46875,33380.140625,33515.859375,41534019,0.0,0.0
2023-04-26 11:30:00-04:00,33516.01171875,33564.98828125,33477.9296875,33503.0,31672574,0.0,0.0
2023-04-26 12:30:00-04:00,33502.9609375,33520.0390625,33440.44921875,33454.2890625,23509845,0.0,0.0
2023-04-26 13:30:00-04:00,33454.55078125,33464.71875,33315.94921875,33366.2890625,26006362,0.0,0.0
2023-04-26 14:30:00-04:00,33366.75,33369.0390625,33261.0390625,33279.9296875,31402624,0.0,0.0
2023-04-26 15:30:00-04:00,33280.80859375,33340.4609375,33235.8515625,33306.0,44165183,0.0,0.0
2023-04-27 09:30:00-04:00,33381.66015625,33562.3515625,33374.6484375,33522.8203125,0,0.0,0.0
2023-04-27 10:30:00-04:00,33524.01171875,33554.51171875,33421.1484375,33520.859375,39662515,0.0,0.0
2023-04-27 11:30:00-04:00,33521.359375,33638.328125,33521.359375,33612.1484375,27912674,0.0,0.0
2023-04-27 12:30:00-04:00,33611.9609375,33642.69921875,33589.3984375,33639.3515625,24894423,0.0,0.0
2023-04-27 13:30:00-04:00,33639.55078125,33789.76953125,33639.12109375,33784.8984375,28906770,0.0,0.0
2023-04-27 14:30:00-04:00,33784.7890625,33859.75,33777.390625,33827.140625,40164241,0.0,0.0
2023-04-27 15:30:00-04:00,33827.16015625,33841.2890625,33803.7890625,33821.8515625,49174174,0.0,0.0
2023-04-28 09:30:00-04:00,33797.4296875,33992.71875,33728.37109375,33983.0,0,0.0,0.0
2023-04-28 10:30:00-04:00,33982.859375,34026.98046875,33850.7890625,33957.8515625,45429354,0.0,0.0
2023-04-28 11:30:00-04:00,33957.890625,34056.21875,33957.890625,34043.62109375,27812019,0.0,0.0
2023-04-28 12:30:00-04:00,34043.76953125,34085.26171875,34026.71875,34068.62109375,27672011,0.0,0.0
2023-04-28 13:30:00-04:00,34068.5,34075.71875,33989.71875,34007.73046875,27849206,0.0,0.0
2023-04-28 14:30:00-04:00,34008.359375,34069.28125,33951.2890625,34018.48046875,27913574,0.0,0.0
2023-04-28 15:30:00-04:00,34018.51953125,34103.078125,33997.62890625,34102.21875,43581659,0.0,0.0
2023-05-01 09:30:00-04:00,34116.80859375,34205.6015625,34116.80859375,34158.55859375,0,0.0,0.0
2023-05-01 10:30:00-04:00,34158.58984375,34243.73828125,34131.1484375,34153.16015625,32840006,0.0,0.0
2023-05-01 11:30:00-04:00,34152.859375,34203.5390625,34139.8984375,34197.4609375,22148630,0.0,0.0
2023-05-01 12:30:00-04:00,34197.2890625,34257.828125,34169.640625,34171.03125,21029933,0.0,0.0
2023-05-01 13:30:00-04:00,34171.26171875,34181.30859375,34124.19921875,34134.80078125,19383403,0.0,0.0
2023-05-01 14:30:00-04:00,34135.73828125,34135.73828125,34044.328125,34067.80859375,23440540,0.0,0.0
2023-05-01 15:30:00-04:00,34068.078125,34081.2109375,34030.140625,34047.73828125,32711140,0.0,0.0
2023-05-02 09:30:00-04:00,34017.62109375,34017.75,33639.26171875,33657.26953125,0,0.0,0.0
2023-05-02 10:30:00-04:00,33656.96875,33656.96875,33462.359375,33476.890625,40876508,0.0,0.0
2023-05-02 11:30:00-04:00,33477.66015625,33560.5,33436.66015625,33551.12109375,28840628,0.0,0.0
2023-05-02 12:30:00-04:00,33550.26171875,33616.01953125,33533.5,33606.078125,22419406,0.0,0.0
2023-05-02 13:30:00-04:00,33606.01171875,33683.87890625,33577.1484375,33611.30078125,21950634,0.0,0.0
2023-05-02 14:30:00-04:00,33611.859375,33704.6796875,33598.6796875,33702.8515625,25095056,0.0,0.0
2023-05-02 15:30:00-04:00,33700.16015625,33710.03125,33647.21875,33681.890625,35772035,0.0,0.0
2023-05-03 09:30:00-04:00,33726.640625,33763.0703125,33635.71875,33687.12109375,0,0.0,0.0
2023-05-03 10:30:00-04:00,33687.55859375,33698.3515625,33598.1796875,33621.41015625,29660771,0.0,0.0
2023-05-03 11:30:00-04:00,33621.69140625,33696.828125,33611.87109375,33694.80078125,21918554,0.0,0.0
2023-05-03 12:30:00-04:00,33694.69921875,33746.7890625,33667.859375,33744.8984375,18670500,0.0,0.0
2023-05-03 13:30:00-04:00,33744.91015625,33810.3203125,33649.12109375,33728.46875,27361317,0.0,0.0
2023-05-03 14:30:00-04:00,33728.33984375,33811.83984375,33452.671875,33458.890625,50703920,0.0,0.0
2023-05-03 15:30:00-04:00,33458.1015625,33472.109375,33396.05078125,33418.58984375,42885009,0.0,0.0
2023-05-04 09:30:00-04:00,33347.78125,33354.859375,33026.3515625,33026.3515625,0,0.0,0.0
2023-05-04 10:30:00-04:00,33025.37109375,33178.87890625,33013.6796875,33059.78125,41769546,0.0,0.0
2023-05-04 11:30:00-04:00,33060.19921875,33073.609375,32937.5,33062.16015625,29895851,0.0,0.0
2023-05-04 12:30:00-04:00,33062.78125,33201.8515625,33010.41015625,33154.609375,26812288,0.0,0.0
2023-05-04 13:30:00-04:00,33154.4609375,33178.4609375,33074.51953125,33075.890625,25294804,0.0,0.0
2023-05-04 14:30:00-04:00,33075.6796875,33178.62109375,33042.51171875,33114.73046875,29261426,0.0,0.0
2023-05-04 15:30:00-04:00,33113.25,33192.05859375,33078.671875,33125.69921875,41826073,0.0,0.0
2023-05-05 09:30:00-04:00,33248.55078125,33612.41015625,33248.55078125,33561.421875,0,0.0,0.0
2023-05-05 10:30:00-04:00,33559.71875,33604.3984375,33531.109375,33563.69140625,41845747,0.0,0.0
2023-05-05 11:30:00-04:00,33564.03125,33568.23046875,33490.12109375,33524.109375,26804959,0.0,0.0
2023-05-05 12:30:00-04:00,33524.30078125,33564.921875,33469.1796875,33560.6484375,23374958,0.0,0.0
2023-05-05 13:30:00-04:00,33561.05078125,33650.05859375,33560.33984375,33639.8515625,24932091,0.0,0.0
2023-05-05 14:30:00-04:00,33639.578125,33748.4296875,33639.05078125,33703.26953125,30869594,0.0,0.0
2023-05-05 15:30:00-04:00,33703.46875,33708.75,33643.69921875,33673.58984375,38746467,0.0,0.0
2023-05-08 09:30:00-04:00,33715.1484375,33747.48828125,33572.30859375,33578.078125,0,0.0,0.0
2023-05-08 10:30:00-04:00,33578.109375,33634.69140625,33566.109375,33578.80859375,26657219,0.0,0.0
2023-05-08 11:30:00-04:00,33578.71875,33620.73828125,33560.55859375,33595.66015625,19647152,0.0,0.0
2023-05-08 12:30:00-04:00,33595.41015625,33605.33984375,33550.140625,33580.55859375,17505178,0.0,0.0
2023-05-08 13:30:00-04:00,33580.640625,33633.73046875,33509.23046875,33621.05859375,22575326,0.0,0.0
2023-05-08 14:30:00-04:00,33621.23828125,33641.53125,33592.73046875,33601.30859375,21086945,0.0,0.0
2023-05-08 15:30:00-04:00,33601.21875,33630.37890625,33595.21875,33618.359375,27501218,0.0,0.0
2023-05-09 09:30:00-04:00,33589.8515625,33656.3984375,33509.71875,33601.48046875,0,0.0,0.0
2023-05-09 10:30:00-04:00,33601.078125,33611.05078125,33551.26953125,33582.19921875,26792049,0.0,0.0
2023-05-09 11:30:00-04:00,33582.46875,33617.66015625,33536.4296875,33537.7109375,21048165,0.0,0.0
2023-05-09 12:30:00-04:00,33537.2109375,33591.03125,33534.26953125,33587.16015625,17269714,0.0,0.0
2023-05-09 13:30:00-04:00,33586.890625,33639.21875,33574.7109375,33614.359375,19094954,0.0,0.0
2023-05-09 14:30:00-04:00,33614.7890625,33625.26171875,33558.37890625,33621.69921875,20968229,0.0,0.0
2023-05-09 15:30:00-04:00,33622.01171875,33631.4609375,33559.98828125,33562.5,33912759,0.0,0.0
2023-05-10 09:30:00-04:00,33707.19921875,33772.08984375,33451.921875,33505.73046875,0,0.0,0.0
2023-05-10 10:30:00-04:00,33506.1796875,33527.1015625,33359.078125,33487.7109375,29520469,0.0,0.0
2023-05-10 11:30:00-04:00,33487.609375,33518.6796875,33404.73828125,33417.8984375,22145356,0.0,0.0
2023-05-10 12:30:00-04:00,33417.53125,33422.96875,33244.46875,33266.609375,23089927,0.0,0.0
2023-05-10 13:30:00-04:00,33265.859375,33381.23046875,33239.44921875,33367.62109375,21182481,0.0,0.0
2023-05-10 14:30:00-04:00,33367.62890625,33566.6015625,33367.62890625,33535.53125,28475726,0.0,0.0
2023-05-10 15:30:00-04:00,33535.5703125,33584.78125,33512.96875,33528.359375,34026382,0.0,0.0
2023-05-11 09:30:00-04:00,33383.890625,33389.87890625,33127.69921875,33200.6015625,0,0.0,0.0
2023-05-11 10:30:00-04:00,33200.859375,33282.6796875,33165.578125,33267.9296875,39097878,0.0,0.0
2023-05-11 11:30:00-04:00,33267.37109375,33319.0,33247.73828125,33276.3515625,29276065,0.0,0.0
2023-05-11 12:30:00-04:00,33277.5,33303.26171875,33236.5703125,33250.8203125,23052061,0.0,0.0
2023-05-11 13:30:00-04:00,33251.0,33276.69140625,33150.66015625,33243.109375,24389928,0.0,0.0
2023-05-11 14:30:00-04:00,33243.01171875,33311.5,33236.78125,33270.53125,27370656,0.0,0.0
2023-05-11 15:30:00-04:00,33269.828125,33320.71875,33249.44140625,33303.98046875,33747219,0.0,0.0
2023-05-12 09:30:00-04:00,33370.578125,33406.3984375,33299.1796875,33327.140625,0,0.0,0.0
2023-05-12 10:30:00-04:00,33327.03125,33327.03125,33208.12890625,33217.94921875,29079051,0.0,0.0
2023-05-12 11:30:00-04:00,33217.58984375,33280.390625,33163.1015625,33181.140625,22993008,0.0,0.0
2023-05-12 12:30:00-04:00,33181.140625,33226.55078125,33124.7109375,33203.23046875,19700165,0.0,0.0
2023-05-12 13:30:00-04:00,33203.1796875,33220.25,33119.78125,33157.140625,21120846,0.0,0.0
2023-05-12 14:30:00-04:00,33149.08984375,33216.3203125,33110.609375,33211.4296875,23699844,0.0,0.0
2023-05-12 15:30:00-04:00,33211.44921875,33304.01171875,33211.44921875,33300.9609375,32007980,0.0,0.0
2023-05-15 09:30:00-04:00,33321.2109375,33339.2109375,33161.9296875,33224.75,0,0.0,0.0
2023-05-15 10:30:00-04:00,33224.73046875,33310.75,33218.80859375,33296.140625,28541255,0.0,0.0
2023-05-15 11:30:00-04:00,33296.328125,33305.5703125,33258.0703125,33281.4296875,20976760,0.0,0.0
2023-05-15 12:30:00-04:00,33280.98046875,33400.30078125,33275.51953125,33300.25,20135430,0.0,0.0
2023-05-15 13:30:00-04:00,33301.01953125,33321.8984375,33246.5390625,33286.16015625,18750640,0.0,0.0
2023-05-15 14:30:00-04:00,33286.2890625,33338.37890625,33283.609375,33333.01171875,20208089,0.0,0.0
2023-05-15 15:30:00-04:00,33333.0390625,33353.28125,33308.6796875,33350.671875,33704857,0.0,0.0
2023-05-16 09:30:00-04:00,33275.37109375,33290.8515625,33084.359375,33163.53125,0,0.0,0.0
2023-05-16 10:30:00-04:00,33163.48828125,33180.46875,33104.078125,33153.05078125,33126688,0.0,0.0
2023-05-16 11:30:00-04:00,33153.08984375,33162.91015625,33098.12109375,33155.23828125,23524964,0.0,0.0
2023-05-16 12:30:00-04:00,33155.2109375,33186.30078125,33107.859375,33113.390625,18896325,0.0,0.0
2023-05-16 13:30:00-04:00,33114.140625,33132.48046875,33070.73828125,33078.640625,19893621,0.0,0.0
2023-05-16 14:30:00-04:00,33078.7109375,33123.78125,33063.46875,33101.05078125,25575064,0.0,0.0
2023-05-16 15:30:00-04:00,33101.16015625,33102.53125,33006.19140625,33013.58984375,33885397,0.0,0.0
2023-05-17 09:30:00-04:00,33092.48046875,33175.41015625,33050.41015625,33126.21875,0,0.0,0.0
2023-05-17 10:30:00-04:00,33125.80078125,33211.12109375,33101.75,33152.4296875,32474463,0.0,0.0
2023-05-17 11:30:00-04:00,33152.1484375,33249.7890625,33137.62109375,33248.62890625,26444252,0.0,0.0
2023-05-17 12:30:00-04:00,33249.3203125,33444.2890625,33249.3203125,33418.83984375,31646785,0.0,0.0
2023-05-17 13:30:00-04:00,33418.75,33472.37890625,33399.12109375,33413.3515625,28113753,0.0,0.0
2023-05-17 14:30:00-04:00,33413.46875,33423.1015625,33353.01953125,33369.48828125,28702365,0.0,0.0
2023-05-17 15:30:00-04:00,33370.05859375,33441.58984375,33360.30859375,33422.94140625,43509061,0.0,0.0
2023-05-18 09:30:00-04:00,33374.55859375,33425.69140625,33287.08984375,33425.69140625,0,0.0,0.0
2023-05-18 10:30:00-04:00,33425.55859375,33492.48046875,33361.21875,33377.0,42613925,0.0,0.0
2023-05-18 11:30:00-04:00,33377.03125,33426.66015625,33240.76953125,33293.78125,37289431,0.0,0.0
2023-05-18 12:30:00-04:00,33293.78125,33330.2109375,33228.55859375,33258.37109375,26279707,0.0,0.0
2023-05-18 13:30:00-04:00,33258.0390625,33347.73828125,33212.08984375,33329.828125,24458462,0.0,0.0
2023-05-18 14:30:00-04:00,33330.1015625,33429.30859375,33330.1015625,33416.23046875,28023677,0.0,0.0
2023-05-18 15:30:00-04:00,33416.0,33579.91015625,33413.37890625,33533.890625,48921544,0.0,0.0
2023-05-19 09:30:00-04:00,33582.94921875,33622.9296875,33540.53125,33614.1484375,0,0.0,0.0
2023-05-19 10:30:00-04:00,33613.640625,33652.8984375,33448.08984375,33448.08984375,36749707,0.0,0.0
2023-05-19 11:30:00-04:00,33447.05859375,33465.62109375,33344.421875,33395.6484375,35275406,0.0,0.0
2023-05-19 12:30:00-04:00,33395.69921875,33480.01171875,33336.66015625,33455.3515625,24046778,0.0,0.0
2023-05-19 13:30:00-04:00,33455.37890625,33462.94140625,33359.19140625,33392.26953125,23199602,0.0,0.0
2023-05-19 14:30:00-04:00,33392.5703125,33459.26171875,33382.859375,33411.671875,24593677,0.0,0.0
2023-05-19 15:30:00-04:00,33411.6796875,33460.1796875,33393.62109375,33424.87890625,36485352,0.0,0.0
2023-05-22 09:30:00-04:00,33408.5390625,33512.30078125,33207.8515625,33347.30859375,0,0.0,0.0
2023-05-22 10:30:00-04:00,33346.1796875,33368.01171875,33253.37109375,33356.12109375,34188322,0.0,0.0
2023-05-22 11:30:00-04:00,33356.55859375,33387.69140625,33296.109375,33308.578125,26114709,0.0,0.0
2023-05-22 12:30:00-04:00,33309.08984375,33339.9609375,33263.12890625,33322.66015625,22943503,0.0,0.0
2023-05-22 13:30:00-04:00,33322.5390625,33357.01953125,33312.23046875,33354.8515625,20369608,0.0,0.0
2023-05-22 14:30:00-04:00,33354.7890625,33390.19140625,33296.9296875,33315.4296875,26011690,0.0,0.0
2023-05-22 15:30:00-04:00,33315.5390625,33317.1484375,33272.109375,33287.01171875,36445818,0.0,0.0
2023-05-23 09:30:00-04:00,33190.6015625,33293.69140625,33113.19921875,33285.46875,0,0.0,0.0
2023-05-23 10:30:00-04:00,33285.3203125,33305.3203125,33248.48046875,33287.44921875,32691107,0.0,0.0
2023-05-23 11:30:00-04:00,33287.76171875,33310.171875,33268.26953125,33288.6015625,27934256,0.0,0.0
2023-05-23 12:30:00-04:00,33288.69140625,33299.8515625,33177.6484375,33180.44921875,27529878,0.0,0.0
2023-05-23 13:30:00-04:00,33180.23828125,33224.5390625,33013.2890625,33064.5,28820132,0.0,0.0
2023-05-23 14:30:00-04:00,33064.5,33117.76171875,33044.28125,33111.98046875,28889026,0.0,0.0
2023-05-23 15:30:00-04:00,33112.140625,33134.171875,33057.6484375,33058.171875,42446176,0.0,0.0
2023-05-24 09:30:00-04:00,33021.76171875,33031.75,32814.0390625,32848.76171875,0,0.0,0.0
2023-05-24 10:30:00-04:00,32848.30078125,32912.921875,32803.0703125,32851.3515625,29802825,0.0,0.0
2023-05-24 11:30:00-04:00,32851.671875,32858.2890625,32752.439453125,32764.26953125,23495927,0.0,0.0
2023-05-24 12:30:00-04:00,32764.310546875,32847.6796875,32752.849609375,32799.12890625,19798809,0.0,0.0
2023-05-24 13:30:00-04:00,32799.01171875,32874.5390625,32764.58984375,32772.76953125,18621524,0.0,0.0
2023-05-24 14:30:00-04:00,32772.55859375,32911.171875,32759.630859375,32876.94921875,24418343,0.0,0.0
2023-05-24 15:30:00-04:00,32876.48828125,32931.12890625,32781.98828125,32797.91015625,36058925,0.0,0.0
2023-05-25 09:30:00-04:00,32854.26171875,32854.26171875,32665.029296875,32731.990234375,0,0.0,0.0
2023-05-25 10:30:00-04:00,32732.609375,32773.78125,32661.130859375,32666.630859375,45497694,0.0,0.0
2023-05-25 11:30:00-04:00,32667.48046875,32716.990234375,32586.560546875,32683.080078125,36837217,0.0,0.0
2023-05-25 12:30:00-04:00,32683.310546875,32751.9296875,32608.810546875,32738.310546875,28605578,0.0,0.0
2023-05-25 13:30:00-04:00,32737.8203125,32870.4296875,32734.94921875,32787.30859375,28511358,0.0,0.0
2023-05-25 14:30:00-04:00,32787.44140625,32812.21875,32710.369140625,32797.87109375,30711609,0.0,0.0
2023-05-25 15:30:00-04:00,32798.41015625,32824.30078125,32756.23046875,32768.76953125,42619620,0.0,0.0
2023-05-26 09:30:00-04:00,32795.5,33132.51953125,32795.5,33132.51953125,0,0.0,0.0
2023-05-26 10:30:00-04:00,33132.19140625,33151.30859375,33007.6015625,33020.28125,44758625,0.0,0.0
2023-05-26 11:30:00-04:00,33020.3984375,33103.578125,33020.3984375,33099.328125,31133051,0.0,0.0
2023-05-26 12:30:00-04:00,33101.1015625,33110.1015625,33025.75,33054.7890625,23723814,0.0,0.0
2023-05-26 13:30:00-04:00,33054.8515625,33085.1015625,33021.8203125,33075.44140625,24676226,0.0,0.0
2023-05-26 14:30:00-04:00,33074.48828125,33133.26171875,33074.48828125,33094.578125,30649798,0.0,0.0
2023-05-26 15:30:00-04:00,33094.71875,33133.26171875,33080.3203125,33090.53125,46318079,0.0,0.0
2023-05-30 09:30:00-04:00,33103.6484375,33132.69921875,32952.26171875,32985.7890625,0,0.0,0.0
2023-05-30 10:30:00-04:00,32986.1015625,33038.921875,32893.96875,32945.578125,36844498,0.0,0.0
2023-05-30 11:30:00-04:00,32945.421875,32988.98828125,32943.53125,32973.23046875,28004069,0.0,0.0
2023-05-30 12:30:00-04:00,32973.140625,32987.78125,32916.98828125,32936.1484375,27189429,0.0,0.0
2023-05-30 13:30:00-04:00,32935.6015625,33003.1796875,32912.671875,32994.078125,25190042,0.0,0.0
2023-05-30 14:30:00-04:00,32994.0390625,33045.96875,32975.05078125,33019.0703125,31301900,0.0,0.0
2023-05-30 15:30:00-04:00,33019.3515625,33061.48828125,33010.5,33041.859375,42269989,0.0,0.0
2023-05-31 09:30:00-04:00,32948.7109375,32952.578125,32758.76953125,32778.76171875,0,0.0,0.0
2023-05-31 10:30:00-04:00,32777.98046875,32796.5390625,32739.73046875,32763.779296875,56773439,0.0,0.0
2023-05-31 11:30:00-04:00,32761.4296875,32816.578125,32761.259765625,32803.41015625,37707273,0.0,0.0
2023-05-31 12:30:00-04:00,32803.5390625,32857.5,32782.05078125,32846.0390625,32669991,0.0,0.0
2023-05-31 13:30:00-04:00,32847.0,32940.01171875,32826.8203125,32930.66015625,38005217,0.0,0.0
2023-05-31 14:30:00-04:00,32930.58984375,32937.5,32871.0390625,32919.71875,38712210,0.0,0.0
2023-05-31 15:30:00-04:00,32920.23828125,32984.828125,32890.80078125,32927.37890625,89558625,0.0,0.0
2023-06-01 09:30:00-04:00,32929.8515625,32929.8515625,32704.509765625,32859.23046875,0,0.0,0.0
2023-06-01 10:30:00-04:00,32858.62109375,33010.53125,32827.12109375,33001.12890625,46521898,0.0,0.0
2023-06-01 11:30:00-04:00,33001.44140625,33131.171875,33001.44140625,33115.9296875,31023103,0.0,0.0
2023-06-01 12:30:00-04:00,33117.921875,33131.03125,33089.08984375,33108.0390625,27522702,0.0,0.0
2023-06-01 13:30:00-04:00,33107.69921875,33116.80078125,33070.05859375,33106.1015625,26394011,0.0,0.0
2023-06-01 14:30:00-04:00,33106.328125,33167.75,33079.96875,33084.05859375,36324722,0.0,0.0
2023-06-01 15:30:00-04:00,33085.03125,33091.921875,33016.859375,33060.37890625,44525689,0.0,0.0
2023-06-02 09:30:00-04:00,33187.578125,33523.5,33187.578125,33491.1484375,0,0.0,0.0
2023-06-02 10:30:00-04:00,33491.421875,33668.3203125,33465.26171875,33659.05859375,49784160,0.0,0.0
2023-06-02 11:30:00-04:00,33656.51953125,33685.91015625,33606.03125,33682.80859375,43341088,0.0,0.0
2023-06-02 12:30:00-04:00,33682.80859375,33754.328125,33670.73046875,33749.328125,29320810,0.0,0.0
2023-06-02 13:30:00-04:00,33749.12109375,33764.87890625,33712.46875,33759.390625,28149398,0.0,0.0
2023-06-02 14:30:00-04:00,33759.55859375,33805.0,33755.171875,33762.87890625,33664275,0.0,0.0
2023-06-02 15:30:00-04:00,33762.80859375,33786.19140625,33744.30078125,33756.75,48714995,0.0,0.0
2023-06-05 09:30:00-04:00,33771.12890625,33804.21875,33658.58984375,33676.0390625,0,0.0,0.0
2023-06-05 10:30:00-04:00,33675.5703125,33704.87109375,33621.0390625,33667.671875,41540946,0.0,0.0
2023-06-05 11:30:00-04:00,33666.80078125,33720.1796875,33634.671875,33706.421875,27116665,0.0,0.0
2023-06-05 12:30:00-04:00,33706.48828125,33731.390625,33627.078125,33644.69921875,33457437,0.0,0.0
2023-06-05 13:30:00-04:00,33644.80078125,33667.69140625,33613.46875,33637.87890625,38626898,0.0,0.0
2023-06-05 14:30:00-04:00,33637.9296875,33643.28125,33552.7890625,33591.9296875,69670798,0.0,0.0
2023-06-05 15:30:00-04:00,33591.921875,33628.62109375,33562.05078125,33565.33984375,47564305,0.0,0.0
2023-06-06 09:30:00-04:00,33547.671875,33584.26171875,33489.421875,33550.03125,0,0.0,0.0
2023-06-06 10:30:00-04:00,33549.05078125,33631.25,33487.890625,33528.46875,42651373,0.0,0.0
2023-06-06 11:30:00-04:00,33528.8203125,33571.2109375,33512.1484375,33526.0703125,29453778,0.0,0.0
2023-06-06 12:30:00-04:00,33526.25,33558.8984375,33474.08984375,33495.96875,25426268,0.0,0.0
2023-06-06 13:30:00-04:00,33495.76953125,33504.859375,33399.69140625,33502.55078125,30541838,0.0,0.0
2023-06-06 14:30:00-04:00,33500.62109375,33580.01171875,33495.01953125,33573.55078125,26284813,0.0,0.0
2023-06-06 15:30:00-04:00,33573.51953125,33602.640625,33537.078125,33572.109375,38510934,0.0,0.0
2023-06-07 09:30:00-04:00,33562.46875,33677.01171875,33546.109375,33647.08984375,0,0.0,0.0
2023-06-07 10:30:00-04:00,33647.05078125,33666.078125,33570.71875,33603.71875,39815607,0.0,0.0
2023-06-07 11:30:00-04:00,33603.96875,33645.53125,33572.71875,33639.44921875,33043938,0.0,0.0
2023-06-07 12:30:00-04:00,33639.12109375,33665.828125,33576.859375,33618.19140625,31874376,0.0,0.0
2023-06-07 13:30:00-04:00,33618.6484375,33686.4296875,33606.890625,33664.2109375,27278937,0.0,0.0
2023-06-07 14:30:00-04:00,33663.921875,33708.78125,33635.26953125,33690.25,29037999,0.0,0.0
2023-06-07 15:30:00-04:00,33690.28125,33702.96875,33636.51171875,33665.87890625,50139585,0.0,0.0
2023-06-08 09:30:00-04:00,33656.98046875,33751.78125,33630.0390625,33747.75,0,0.0,0.0
2023-06-08 10:30:00-04:00,33745.98046875,33771.26953125,33704.94921875,33755.01953125,28460135,0.0,0.0
2023-06-08 11:30:00-04:00,33754.7109375,33819.26171875,33703.140625,33816.30859375,26647213,0.0,0.0
2023-06-08 12:30:00-04:00,33816.23046875,33833.26953125,33779.19921875,33810.1015625,22817859,0.0,0.0
2023-06-08 13:30:00-04:00,33810.03125,33832.03125,33782.3203125,33826.3203125,22947046,0.0,0.0
2023-06-08 14:30:00-04:00,33826.28125,33851.55078125,33820.69921875,33843.05859375,25951955,0.0,0.0
2023-06-08 15:30:00-04:00,33843.3515625,33873.80859375,33826.03125,33830.96875,38450475,0.0,0.0
2023-06-09 09:30:00-04:00,33813.7109375,33943.69921875,33787.16015625,33939.8515625,0,0.0,0.0
2023-06-09 10:30:00-04:00,33940.3203125,33975.3203125,33834.12890625,33861.859375,37392974,0.0,0.0
2023-06-09 11:30:00-04:00,33861.19140625,33863.66015625,33795.91015625,33822.2890625,26394584,0.0,0.0
2023-06-09 12:30:00-04:00,33822.12890625,33853.01171875,33796.01171875,33849.23828125,20780815,0.0,0.0
2023-06-09 13:30:00-04:00,33849.28125,33920.28125,33848.9609375,33901.0703125,21249053,0.0,0.0
2023-06-09 14:30:00-04:00,33901.390625,33915.30859375,33864.7890625,33911.25,21581833,0.0,0.0
2023-06-09 15:30:00-04:00,33911.19921875,33916.55859375,33876.140625,33880.37109375,35743614,0.0,0.0
2023-06-12 09:30:00-04:00,33906.80078125,34004.26953125,33906.80078125,33935.30859375,0,0.0,0.0
2023-06-12 10:30:00-04:00,33936.03125,33939.6015625,33878.4609375,33911.5390625,33665138,0.0,0.0
2023-06-12 11:30:00-04:00,33911.53125,33949.0390625,33898.51171875,33940.53125,29188689,0.0,0.0
2023-06-12 12:30:00-04:00,33940.23828125,33999.41015625,33939.80078125,33972.9609375,24329012,0.0,0.0
2023-06-12 13:30:00-04:00,33972.87890625,33976.0,33934.921875,33934.921875,24510734,0.0,0.0
2023-06-12 14:30:00-04:00,33935.0703125,34076.73046875,33934.78125,34050.5390625,32265259,0.0,0.0
2023-06-12 15:30:00-04:00,34050.0390625,34077.83984375,34025.171875,34069.03125,42692085,0.0,0.0
2023-06-13 09:30:00-04:00,34111.078125,34310.28125,34107.98046875,34199.0390625,0,0.0,0.0
2023-06-13 10:30:00-04:00,34200.671875,34272.1015625,34166.62109375,34226.328125,36566331,0.0,0.0
2023-06-13 11:30:00-04:00,34226.12890625,34261.6484375,34171.390625,34254.78125,28907141,0.0,0.0
2023-06-13 12:30:00-04:00,34254.62890625,34294.73046875,34235.55859375,34276.12890625,22744760,0.0,0.0
2023-06-13 13:30:00-04:00,34276.171875,34277.55859375,34181.6484375,34194.6015625,23928040,0.0,0.0
2023-06-13 14:30:00-04:00,34194.2890625,34212.1796875,34143.08984375,34198.58984375,29131044,0.0,0.0
2023-06-13 15:30:00-04:00,34198.37890625,34216.6015625,34164.609375,34213.2109375,35280879,0.0,0.0
2023-06-14 09:30:00-04:00,34044.69921875,34131.16015625,34011.33984375,34061.171875,0,0.0,0.0
2023-06-14 10:30:00-04:00,34061.46875,34151.421875,34055.359375,34127.41015625,38932250,0.0,0.0
2023-06-14 11:30:00-04:00,34126.55859375,34137.51171875,34080.44140625,34122.08984375,31179052,0.0,0.0
2023-06-14 12:30:00-04:00,34122.03125,34122.05078125,34041.671875,34053.3203125,27317035,0.0,0.0
2023-06-14 13:30:00-04:00,34052.71875,34066.53125,33783.55078125,33834.75,39586877,0.0,0.0
2023-06-14 14:30:00-04:00,33834.2109375,34066.921875,33803.19921875,33972.83984375,48143359,0.0,0.0
2023-06-14 15:30:00-04:00,33972.1484375,33997.109375,33868.109375,33981.7109375,49092814,0.0,0.0
2023-06-15 09:30:00-04:00,33945.98046875,34224.7109375,33945.98046875,34204.75,0,0.0,0.0
2023-06-15 10:30:00-04:00,34205.609375,34360.0,34147.62890625,34358.390625,40948763,0.0,0.0
2023-06-15 11:30:00-04:00,34358.5703125,34377.421875,34300.109375,34371.828125,32341896,0.0,0.0
2023-06-15 12:30:00-04:00,34373.3984375,34393.91015625,34309.109375,34347.44921875,31354244,0.0,0.0
2023-06-15 13:30:00-04:00,34347.51953125,34399.73046875,34331.1484375,34385.6796875,30241908,0.0,0.0
2023-06-15 14:30:00-04:00,34385.75,34488.98046875,34385.75,34439.359375,41681939,0.0,0.0
2023-06-15 15:30:00-04:00,34439.0703125,34456.109375,34383.16015625,34414.6484375,45672334,0.0,0.0
2023-06-16 09:30:00-04:00,34464.01953125,34588.6796875,34416.5390625,34529.5390625,0,0.0,0.0
2023-06-16 10:30:00-04:00,34529.4609375,34529.4609375,34383.9609375,34407.37109375,38279813,0.0,0.0
2023-06-16 11:30:00-04:00,34406.66015625,34461.609375,34368.46875,34454.8203125,32383561,0.0,0.0
2023-06-16 12:30:00-04:00,34456.421875,34491.4609375,34444.421875,34457.7890625,24142552,0.0,0.0
2023-06-16 13:30:00-04:00,34457.98046875,34464.26171875,34392.75,34412.421875,26389972,0.0,0.0
2023-06-16 14:30:00-04:00,34412.578125,34414.08984375,34313.078125,34327.05078125,41062054,0.0,0.0
2023-06-16 15:30:00-04:00,34325.48828125,34373.7109375,34285.69140625,34302.96875,65773838,0.0,0.0
2023-06-20 09:30:00-04:00,34206.66015625,34206.66015625,33915.9296875,33937.76953125,0,0.0,0.0
2023-06-20 10:30:00-04:00,33937.26953125,34033.76953125,33919.37109375,33982.2890625,37673368,0.0,0.0
2023-06-20 11:30:00-04:00,33981.140625,34072.51171875,33967.73046875,34059.69921875,29160433,0.0,0.0
2023-06-20 12:30:00-04:00,34059.5,34151.12890625,34050.1015625,34135.3984375,25592273,0.0,0.0
2023-06-20 13:30:00-04:00,34135.53125,34145.44921875,34084.37890625,34131.96875,23500251,0.0,0.0
2023-06-20 14:30:00-04:00,34132.1015625,34132.62109375,34070.5390625,34082.41015625,25247950,0.0,0.0
2023-06-20 15:30:00-04:00,34081.98046875,34116.390625,34051.83984375,34055.41015625,44922843,0.0,0.0
2023-06-21 09:30:00-04:00,33990.55859375,33990.55859375,33876.171875,33965.28125,0,0.0,0.0
2023-06-21 10:30:00-04:00,33966.55078125,34067.12109375,33950.41015625,34067.12109375,39795402,0.0,0.0
2023-06-21 11:30:00-04:00,34067.01171875,34095.5703125,34037.828125,34076.51171875,37229626,0.0,0.0
2023-06-21 12:30:00-04:00,34076.390625,34092.19921875,34002.51953125,34014.41015625,27405150,0.0,0.0
2023-06-21 13:30:00-04:00,34014.30859375,34077.0,34000.46875,34077.0,24271750,0.0,0.0
2023-06-21 14:30:00-04:00,34076.9296875,34097.9296875,33998.2109375,33998.28125,25383006,0.0,0.0
2023-06-21 15:30:00-04:00,33998.53125,34006.3203125,33939.69140625,33951.8203125,40032835,0.0,0.0
2023-06-22 09:30:00-04:00,33903.9609375,34003.55859375,33835.390625,33954.2890625,0,0.0,0.0
2023-06-22 10:30:00-04:00,33954.1484375,33968.01171875,33848.80859375,33899.5390625,37234959,0.0,0.0
2023-06-22 11:30:00-04:00,33900.4296875,33943.0,33876.87890625,33910.5,28140525,0.0,0.0
2023-06-22 12:30:00-04:00,33911.0390625,33936.640625,33853.390625,33879.94140625,20535402,0.0,0.0
2023-06-22 13:30:00-04:00,33879.55078125,33950.53125,33861.78125,33948.75,20536252,0.0,0.0
2023-06-22 14:30:00-04:00,33948.76171875,33972.76953125,33908.76171875,33908.80078125,27612816,0.0,0.0
2023-06-22 15:30:00-04:00,33909.01171875,33949.87109375,33879.0390625,33944.7890625,37342345,0.0,0.0
2023-06-23 09:30:00-04:00,33835.66015625,33835.66015625,33646.48828125,33779.48046875,0,0.0,0.0
2023-06-23 10:30:00-04:00,33779.421875,33783.859375,33720.9296875,33744.75,31665284,0.0,0.0
2023-06-23 11:30:00-04:00,33746.30078125,33808.98828125,33739.53125,33807.2890625,23311646,0.0,0.0
2023-06-23 12:30:00-04:00,33806.76953125,33824.7890625,33783.2890625,33812.8984375,20807592,0.0,0.0
2023-06-23 13:30:00-04:00,33812.921875,33830.23046875,33760.98046875,33763.87890625,21667164,0.0,0.0
2023-06-23 14:30:00-04:00,33763.859375,33774.69140625,33663.23046875,33720.03125,26786683,0.0,0.0
2023-06-23 15:30:00-04:00,33720.171875,33779.94140625,33710.73046875,33728.94921875,45369655,0.0,0.0
2023-06-26 09:30:00-04:00,33730.7890625,33799.80078125,33692.2109375,33711.1015625,0,0.0,0.0
2023-06-26 10:30:00-04:00,33711.05078125,33712.0390625,33610.3203125,33669.73046875,31954519,0.0,0.0
2023-06-26 11:30:00-04:00,33669.76953125,33774.44921875,33666.6796875,33768.109375,26744091,0.0,0.0
2023-06-26 12:30:00-04:00,33768.0703125,33792.05078125,33729.08984375,33790.30078125,20847276,0.0,0.0
2023-06-26 13:30:00-04:00,33790.44140625,33791.87109375,33693.12890625,33727.69921875,19625327,0.0,0.0
2023-06-26 14:30:00-04:00,33728.62109375,33809.4296875,33726.21875,33806.19140625,23381046,0.0,0.0
2023-06-26 15:30:00-04:00,33806.23046875,33819.48828125,33700.6484375,33720.51171875,43088970,0.0,0.0
2023-06-27 09:30:00-04:00,33739.03125,33855.390625,33730.390625,33806.19140625,0,0.0,0.0
2023-06-27 10:30:00-04:00,33806.44921875,33859.96875,33796.26171875,33850.62890625,33338009,0.0,0.0
2023-06-27 11:30:00-04:00,33849.96875,33879.98828125,33837.8515625,33869.01953125,25555600,0.0,0.0
2023-06-27 12:30:00-04:00,33869.5703125,33923.98046875,33858.0703125,33918.73828125,25340873,0.0,0.0
2023-06-27 13:30:00-04:00,33918.76171875,33975.6484375,33918.359375,33960.62109375,25359234,0.0,0.0
2023-06-27 14:30:00-04:00,33960.55859375,33967.69140625,33935.80859375,33958.48046875,28475807,0.0,0.0
2023-06-27 15:30:00-04:00,33958.1484375,33961.51953125,33923.6484375,33925.37109375,40351744,0.0,0.0
2023-06-28 09:30:00-04:00,33881.37890625,33881.37890625,33771.33984375,33788.2109375,0,0.0,0.0
2023-06-28 10:30:00-04:00,33788.69921875,33823.140625,33755.921875,33808.62109375,32905389,0.0,0.0
2023-06-28 11:30:00-04:00,33808.66015625,33903.76171875,33808.66015625,33887.71875,24283289,0.0,0.0
2023-06-28 12:30:00-04:00,33887.80078125,33891.26953125,33762.08984375,33817.51953125,22516190,0.0,0.0
2023-06-28 13:30:00-04:00,33818.94140625,33830.87109375,33780.30859375,33817.62109375,22196965,0.0,0.0
2023-06-28 14:30:00-04:00,33817.53125,33830.109375,33763.55078125,33794.71875,24919582,0.0,0.0
2023-06-28 15:30:00-04:00,33794.5,33859.83984375,33785.828125,33859.83984375,40464772,0.0,0.0
2023-06-29 09:30:00-04:00,33854.5703125,34074.76953125,33828.62890625,34045.41015625,0,0.0,0.0
2023-06-29 10:30:00-04:00,34045.859375,34068.421875,33967.19140625,34066.53125,34139578,0.0,0.0
2023-06-29 11:30:00-04:00,34066.0,34147.6796875,34051.48828125,34138.87890625,25857811,0.0,0.0
2023-06-29 12:30:00-04:00,34139.390625,34147.05078125,34054.171875,34104.78125,19289999,0.0,0.0
2023-06-29 13:30:00-04:00,34104.62890625,34105.44140625,34016.421875,34066.44140625,22076356,0.0,0.0
2023-06-29 14:30:00-04:00,34066.6796875,34107.578125,34050.05078125,34105.1484375,23547885,0.0,0.0
2023-06-29 15:30:00-04:00,34105.37109375,34127.03125,34063.62109375,34127.03125,39543221,0.0,0.0
2023-06-30 09:30:00-04:00,34269.921875,34398.671875,34269.921875,34376.03125,68890058,0.0,0.0
2023-06-30 10:30:00-04:00,34376.5703125,34389.359375,34291.16015625,34361.58984375,38077994,0.0,0.0
2023-06-30 11:30:00-04:00,34361.62109375,34384.0390625,34318.08984375,34381.859375,29930654,0.0,0.0
2023-06-30 12:30:00-04:00,34381.8984375,34413.5703125,34366.41015625,34407.7109375,22907395,0.0,0.0
2023-06-30 13:30:00-04:00,34407.609375,34454.26953125,34403.7109375,34449.98046875,24179925,0.0,0.0
2023-06-30 14:30:00-04:00,34449.98046875,34459.28125,34423.75,34454.75,28818741,0.0,0.0
2023-06-30 15:30:00-04:00,34454.33984375,34467.3515625,34400.421875,34400.421875,51133521,0.0,0.0
2023-07-03 09:30:00-04:00,34369.78125,34388.4609375,34286.5390625,34383.05078125,0,0.0,0.0
2023-07-03 10:30:00-04:00,34383.30859375,34419.2890625,34354.2109375,34416.4296875,32827044,0.0,0.0
2023-07-03 11:30:00-04:00,34415.76171875,34465.6015625,34414.0703125,34461.359375,24074935,0.0,0.0
2023-07-05 09:30:00-04:00,34344.71875,34344.71875,34226.98046875,34291.76953125,0,0.0,0.0
2023-07-05 10:30:00-04:00,34291.9296875,34374.640625,34285.21875,34363.23046875,34641769,0.0,0.0
2023-07-05 11:30:00-04:00,34362.1484375,34376.109375,34290.48046875,34304.78125,25244212,0.0,0.0
2023-07-05 12:30:00-04:00,34305.53125,34312.6484375,34270.9296875,34285.3515625,22459378,0.0,0.0
2023-07-05 13:30:00-04:00,34285.33984375,34312.48828125,34242.75,34267.01171875,21772167,0.0,0.0
2023-07-05 14:30:00-04:00,34266.78125,34320.5,34263.28125,34315.71875,22575380,0.0,0.0
2023-07-05 15:30:00-04:00,34316.26171875,34316.96875,34285.6796875,34287.87890625,37343030,0.0,0.0
2023-07-06 09:30:00-04:00,34171.390625,34171.390625,33829.94921875,33839.98046875,0,0.0,0.0
2023-07-06 10:30:00-04:00,33841.55859375,33841.55859375,33771.46875,33790.6484375,35746956,0.0,0.0
2023-07-06 11:30:00-04:00,33790.0,33855.359375,33787.48828125,33854.890625,25567858,0.0,0.0
2023-07-06 12:30:00-04:00,33854.76171875,33918.37109375,33838.75,33908.1796875,22005540,0.0,0.0
2023-07-06 13:30:00-04:00,33907.4609375,33937.140625,33901.16015625,33907.87109375,22827431,0.0,0.0
2023-07-06 14:30:00-04:00,33907.7109375,33957.16015625,33906.87890625,33935.62890625,24306291,0.0,0.0
2023-07-06 15:30:00-04:00,33936.12109375,33946.41015625,33910.6015625,33919.78125,38676411,0.0,0.0
2023-07-07 09:30:00-04:00,33837.0703125,33919.8984375,33769.98046875,33869.76171875,0,0.0,0.0
2023-07-07 10:30:00-04:00,33864.5,33892.62890625,33837.73828125,33872.48046875,28229843,0.0,0.0
2023-07-07 11:30:00-04:00,33872.62109375,33933.5703125,33849.58984375,33931.5,25004219,0.0,0.0
2023-07-07 12:30:00-04:00,33932.078125,34036.37890625,33931.171875,34024.44140625,22871208,0.0,0.0
2023-07-07 13:30:00-04:00,34024.609375,34025.5703125,33946.69140625,33959.73046875,20684720,0.0,0.0
2023-07-07 14:30:00-04:00,33960.171875,33964.23828125,33853.55078125,33859.9609375,22253941,0.0,0.0
2023-07-07 15:30:00-04:00,33860.26171875,33875.05859375,33716.75,33734.05078125,40559884,0.0,0.0
2023-07-10 09:30:00-04:00,33705.6796875,33958.359375,33705.6796875,33895.921875,0,0.0,0.0
2023-07-10 10:30:00-04:00,33895.8203125,33901.76953125,33826.73828125,33879.078125,34630520,0.0,0.0
2023-07-10 11:30:00-04:00,33879.171875,33900.390625,33816.80078125,33864.48828125,30004146,0.0,0.0
2023-07-10 12:30:00-04:00,33864.62890625,33914.6015625,33856.640625,33914.6015625,24949976,0.0,0.0
2023-07-10 13:30:00-04:00,33914.62890625,33937.96875,33888.55859375,33937.328125,22313253,0.0,0.0
2023-07-10 14:30:00-04:00,33937.578125,33939.55859375,33893.44140625,33912.62890625,26079928,0.0,0.0
2023-07-10 15:30:00-04:00,33912.48828125,33950.3515625,33893.96875,33950.3515625,43088237,0.0,0.0
2023-07-11 09:30:00-04:00,34056.94140625,34114.73828125,33993.01171875,34039.94140625,0,0.0,0.0
2023-07-11 10:30:00-04:00,34039.671875,34116.23046875,34020.359375,34096.05078125,37378400,0.0,0.0
2023-07-11 11:30:00-04:00,34095.41015625,34196.390625,34081.390625,34142.66015625,29277775,0.0,0.0
2023-07-11 12:30:00-04:00,34142.62890625,34171.87109375,34118.8515625,34153.328125,21453738,0.0,0.0
2023-07-11 13:30:00-04:00,34153.0390625,34179.3984375,34121.76171875,34152.26171875,23271718,0.0,0.0
2023-07-11 14:30:00-04:00,34152.94140625,34203.55078125,34142.8203125,34195.9609375,25505945,0.0,0.0
2023-07-11 15:30:00-04:00,34196.05078125,34288.87109375,34170.53125,34261.91015625,42724369,0.0,0.0
2023-07-12 09:30:00-04:00,34395.28125,34586.94140625,34395.28125,34537.96875,0,0.0,0.0
2023-07-12 10:30:00-04:00,34539.16015625,34558.2109375,34496.33984375,34498.71875,35069321,0.0,0.0
2023-07-12 11:30:00-04:00,34498.859375,34504.37890625,34371.921875,34382.1796875,35481358,0.0,0.0
2023-07-12 12:30:00-04:00,34381.98046875,34423.3515625,34379.62109375,34392.21875,25750387,0.0,0.0
2023-07-12 13:30:00-04:00,34392.19921875,34428.91015625,34380.44921875,34410.0390625,24879327,0.0,0.0
2023-07-12 14:30:00-04:00,34410.08984375,34416.859375,34308.78125,34339.08984375,30482889,0.0,0.0
2023-07-12 15:30:00-04:00,34339.1484375,34375.46875,34329.6484375,34353.58984375,44314902,0.0,0.0
2023-07-13 09:30:00-04:00,34412.30859375,34482.26171875,34412.30859375,34433.171875,0,0.0,0.0
2023-07-13 10:30:00-04:00,34432.80859375,34462.25,34381.3984375,34382.16015625,30092964,0.0,0.0
2023-07-13 11:30:00-04:00,34382.75,34427.3203125,34365.328125,34408.8984375,23928932,0.0,0.0
2023-07-13 12:30:00-04:00,34408.96875,34432.359375,34369.26953125,34393.0390625,19625593,0.0,0.0
2023-07-13 13:30:00-04:00,34392.94921875,34418.640625,34380.859375,34386.23828125,22721444,0.0,0.0
2023-07-13 14:30:00-04:00,34386.1796875,34431.83984375,34377.19140625,34420.671875,27387677,0.0,0.0
2023-07-13 15:30:00-04:00,34420.58984375,34458.37890625,34384.83984375,34392.80078125,39112237,0.0,0.0
2023-07-14 09:30:00-04:00,34425.328125,34592.26171875,34425.328125,34528.8203125,0,0.0,0.0
2023-07-14 10:30:00-04:00,34527.30078125,34538.37109375,34450.12109375,34497.9296875,38174075,0.0,0.0
2023-07-14 11:30:00-04:00,34497.91015625,34536.03125,34487.5703125,34491.609375,28230139,0.0,0.0
2023-07-14 12:30:00-04:00,34492.0703125,34525.73828125,34483.53125,34511.9296875,23910966,0.0,0.0
2023-07-14 13:30:00-04:00,34512.91015625,34571.87109375,34505.94921875,34544.37109375,22140532,0.0,0.0
2023-07-14 14:30:00-04:00,34544.3515625,34556.73046875,34483.69140625,34526.30078125,27054811,0.0,0.0
2023-07-14 15:30:00-04:00,34527.8203125,34531.44140625,34475.6796875,34513.6796875,38168089,0.0,0.0
2023-07-17 09:30:00-04:00,34499.73828125,34560.87890625,34418.71875,34529.87890625,0,0.0,0.0
2023-07-17 10:30:00-04:00,34529.44921875,34585.48828125,34519.58984375,34575.359375,43807818,0.0,0.0
2023-07-17 11:30:00-04:00,34575.26953125,34601.5703125,34552.4609375,34568.78125,35422515,0.0,0.0
2023-07-17 12:30:00-04:00,34569.23828125,34601.51171875,34549.44140625,34589.51171875,31763050,0.0,0.0
2023-07-17 13:30:00-04:00,34589.55078125,34608.80859375,34562.75,34604.859375,39296345,0.0,0.0
2023-07-17 14:30:00-04:00,34605.05859375,34665.1484375,34581.5703125,34639.75,43747836,0.0,0.0
2023-07-17 15:30:00-04:00,34639.921875,34639.921875,34567.62890625,34582.16015625,51156075,0.0,0.0
2023-07-18 09:30:00-04:00,34597.078125,34820.46875,34530.609375,34816.73046875,0,0.0,0.0
2023-07-18 10:30:00-04:00,34815.578125,34965.25,34803.37109375,34943.7890625,37372858,0.0,0.0
2023-07-18 11:30:00-04:00,34944.3515625,34986.359375,34897.3515625,34923.55859375,57862193,0.0,0.0
2023-07-18 12:30:00-04:00,34924.94140625,34934.05078125,34881.4609375,34891.4609375,38723292,0.0,0.0
2023-07-18 13:30:00-04:00,34891.46875,34957.8203125,34881.37890625,34957.6015625,33205623,0.0,0.0
2023-07-18 14:30:00-04:00,34957.73828125,34974.12890625,34920.76171875,34954.6484375,38000496,0.0,0.0
2023-07-18 15:30:00-04:00,34954.8203125,34978.71875,34930.6015625,34957.859375,51869513,0.0,0.0
2023-07-19 09:30:00-04:00,34991.2109375,35234.05078125,34991.2109375,35177.55859375,0,0.0,0.0
2023-07-19 10:30:00-04:00,35177.41015625,35191.1015625,35058.671875,35104.359375,42445002,0.0,0.0
2023-07-19 11:30:00-04:00,35104.62890625,35142.359375,35078.140625,35088.75,57012272,0.0,0.0
2023-07-19 12:30:00-04:00,35088.421875,35108.91015625,35044.19921875,35100.12109375,32264055,0.0,0.0
2023-07-19 13:30:00-04:00,35099.80078125,35100.890625,35036.6484375,35071.12890625,29836314,0.0,0.0
2023-07-19 14:30:00-04:00,35071.33984375,35128.26953125,35071.30859375,35107.23828125,29534874,0.0,0.0
2023-07-19 15:30:00-04:00,35106.94921875,35106.94921875,35060.16015625,35061.421875,40186137,0.0,0.0
2023-07-20 09:30:00-04:00,35091.98046875,35288.55859375,35091.98046875,35220.640625,71367152,0.0,0.0
2023-07-20 10:30:00-04:00,35222.1015625,35339.4609375,35216.30859375,35326.62109375,43642650,0.0,0.0
2023-07-20 11:30:00-04:00,35325.609375,35372.76953125,35316.421875,35339.828125,35906630,0.0,0.0
2023-07-20 12:30:00-04:00,35341.421875,35348.890625,35289.73046875,35326.3984375,27005706,0.0,0.0
2023-07-20 13:30:00-04:00,35325.98828125,35334.8203125,35203.12109375,35204.05859375,26913889,0.0,0.0
2023-07-20 14:30:00-04:00,35203.28125,35278.359375,35198.46875,35204.140625,35127746,0.0,0.0
2023-07-20 15:30:00-04:00,35203.73828125,35236.73828125,35191.2109375,35225.078125,47308144,0.0,0.0
2023-07-21 09:30:00-04:00,35274.3203125,35331.859375,35186.05078125,35260.87109375,0,0.0,0.0
2023-07-21 10:30:00-04:00,35260.3515625,35317.16015625,35254.83984375,35303.55859375,34806295,0.0,0.0
2023-07-21 11:30:00-04:00,35302.5703125,35330.109375,35285.25,35286.05078125,30264144,0.0,0.0
2023-07-21 12:30:00-04:00,35285.078125,35315.640625,35259.73828125,35310.73046875,26057988,0.0,0.0
2023-07-21 13:30:00-04:00,35310.671875,35340.66015625,35287.140625,35294.37890625,31593238,0.0,0.0
2023-07-21 14:30:00-04:00,35294.19140625,35326.16015625,35240.359375,35255.609375,31636499,0.0,0.0
2023-07-21 15:30:00-04:00,35257.26171875,35272.37109375,35222.62109375,35233.390625,61902365,0.0,0.0
2023-07-24 09:30:00-04:00,35230.7890625,35410.05078125,35230.7890625,35386.578125,0,0.0,0.0
2023-07-24 10:30:00-04:00,35388.1015625,35440.859375,35379.609375,35424.23828125,34385613,0.0,0.0
2023-07-24 11:30:00-04:00,35423.69140625,35440.8515625,35397.4609375,35428.58984375,31282083,0.0,0.0
2023-07-24 12:30:00-04:00,35428.8203125,35437.51171875,35407.4296875,35433.890625,29165878,0.0,0.0
2023-07-24 13:30:00-04:00,35433.5390625,35463.96875,35424.1796875,35450.51171875,24464743,0.0,0.0
2023-07-24 14:30:00-04:00,35450.08984375,35450.3515625,35383.78125,35385.21875,25809425,0.0,0.0
2023-07-24 15:30:00-04:00,35385.41015625,35438.359375,35385.41015625,35414.80078125,37228763,0.0,0.0
2023-07-25 09:30:00-04:00,35421.48828125,35438.3203125,35365.26171875,35436.37890625,0,0.0,0.0
2023-07-25 10:30:00-04:00,35435.30859375,35443.94921875,35402.6015625,35438.01171875,34644758,0.0,0.0
2023-07-25 11:30:00-04:00,35437.55078125,35497.19140625,35436.37890625,35473.05859375,27973862,0.0,0.0
2023-07-25 12:30:00-04:00,35473.01953125,35513.921875,35464.55078125,35488.5703125,23156665,0.0,0.0
2023-07-25 13:30:00-04:00,35488.6015625,35512.8203125,35476.62109375,35504.921875,24790247,0.0,0.0
2023-07-25 14:30:00-04:00,35504.83984375,35527.5703125,35459.37109375,35468.80078125,33148747,0.0,0.0
2023-07-25 15:30:00-04:00,35468.55859375,35480.28125,35434.80859375,35445.44921875,45258272,0.0,0.0
2023-07-26 09:30:00-04:00,35345.98828125,35462.37890625,35306.26953125,35448.921875,71272050,0.0,0.0
2023-07-26 10:30:00-04:00,35448.1796875,35472.87890625,35391.359375,35458.8984375,47026969,0.0,0.0
2023-07-26 11:30:00-04:00,35458.328125,35506.48046875,35443.5703125,35484.23828125,26895939,0.0,0.0
2023-07-26 12:30:00-04:00,35484.03125,35485.71875,35425.4609375,35431.7109375,24195742,0.0,0.0
2023-07-26 13:30:00-04:00,35431.73046875,35488.3203125,35407.44140625,35474.41015625,26407083,0.0,0.0
2023-07-26 14:30:00-04:00,35474.6796875,35633.609375,35392.73046875,35457.55859375,46204806,0.0,0.0
2023-07-26 15:30:00-04:00,35458.03125,35528.44140625,35431.73046875,35525.94921875,44552172,0.0,0.0
2023-07-27 09:30:00-04:00,35558.7890625,35632.19140625,35548.48046875,35578.578125,67437337,0.0,0.0
2023-07-27 10:30:00-04:00,35581.23828125,35607.58984375,35506.25,35542.05078125,39707526,0.0,0.0
2023-07-27 11:30:00-04:00,35543.359375,35607.62109375,35530.8203125,35607.2890625,30251286,0.0,0.0
2023-07-27 12:30:00-04:00,35607.2890625,35645.3515625,35500.578125,35506.30078125,31454351,0.0,0.0
2023-07-27 13:30:00-04:00,35506.5703125,35517.12109375,35353.94140625,35363.55078125,32679721,0.0,0.0
2023-07-27 14:30:00-04:00,35363.6015625,35382.75,35278.94140625,35284.33984375,38490333,0.0,0.0
2023-07-27 15:30:00-04:00,35283.6484375,35309.28125,35216.578125,35286.390625,51540171,0.0,0.0
2023-07-28 09:30:00-04:00,35443.48828125,35511.1796875,35394.390625,35462.6484375,0,0.0,0.0
2023-07-28 10:30:00-04:00,35462.6015625,35543.58984375,35454.12109375,35536.5,43976868,0.0,0.0
2023-07-28 11:30:00-04:00,35537.53125,35565.51171875,35478.33984375,35525.41015625,34544363,0.0,0.0
2023-07-28 12:30:00-04:00,35525.37109375,35532.98828125,35433.44140625,35433.83984375,28632711,0.0,0.0
2023-07-28 13:30:00-04:00,35435.48828125,35460.859375,35355.1484375,35458.8203125,29310713,0.0,0.0
2023-07-28 14:30:00-04:00,35458.828125,35486.0,35413.890625,35451.640625,32737996,0.0,0.0
2023-07-28 15:30:00-04:00,35451.51171875,35482.51953125,35423.9609375,35455.890625,48422530,0.0,0.0
2023-07-31 09:30:00-04:00,35465.96875,35539.05859375,35435.01953125,35503.609375,0,0.0,0.0
2023-07-31 10:30:00-04:00,35503.76171875,35539.69140625,35484.921875,35498.98046875,34776204,0.0,0.0
2023-07-31 11:30:00-04:00,35498.5390625,35501.6796875,35444.1015625,35472.51171875,25857841,0.0,0.0
2023-07-31 12:30:00-04:00,35472.28125,35492.078125,35432.01953125,35471.26171875,21886570,0.0,0.0
2023-07-31 13:30:00-04:00,35471.5390625,35510.76171875,35452.2109375,35474.2109375,22087088,0.0,0.0
2023-07-31 14:30:00-04:00,35473.94921875,35494.94140625,35453.21875,35474.73046875,26073663,0.0,0.0
2023-07-31 15:30:00-04:00,35474.7109375,35566.94921875,35430.21875,35564.2109375,46747381,0.0,0.0
2023-08-01 09:30:00-04:00,35585.98828125,35679.12890625,35536.578125,35573.6796875,0,0.0,0.0
2023-08-01 10:30:00-04:00,35574.23046875,35603.83984375,35532.640625,35558.5,34324727,0.0,0.0
2023-08-01 11:30:00-04:00,35558.3203125,35595.609375,35526.609375,35551.2890625,24251443,0.0,0.0
2023-08-01 12:30:00-04:00,35551.26171875,35590.8515625,35533.51953125,35587.4609375,20787326,0.0,0.0
2023-08-01 13:30:00-04:00,35587.8203125,35656.30078125,35564.12109375,35612.421875,22305076,0.0,0.0
2023-08-01 14:30:00-04:00,35612.48046875,35641.53125,35606.46875,35617.6015625,21857045,0.0,0.0
2023-08-01 15:30:00-04:00,35618.05859375,35645.75,35585.55078125,35628.5703125,33750483,0.0,0.0
2023-08-02 09:30:00-04:00,35551.921875,35551.921875,35401.01171875,35414.03125,0,0.0,0.0
2023-08-02 10:30:00-04:00,35413.51171875,35437.58984375,35335.328125,35399.7890625,36636614,0.0,0.0
2023-08-02 11:30:00-04:00,35398.5390625,35430.609375,35362.41015625,35388.30859375,33429919,0.0,0.0
2023-08-02 12:30:00-04:00,35387.98046875,35408.01171875,35347.01953125,35376.87109375,24574677,0.0,0.0
2023-08-02 13:30:00-04:00,35377.3515625,35395.3984375,35314.921875,35326.0703125,22276362,0.0,0.0
2023-08-02 14:30:00-04:00,35326.19921875,35337.9609375,35230.80078125,35231.671875,28627025,0.0,0.0
2023-08-02 15:30:00-04:00,35231.44921875,35316.55078125,35226.26171875,35281.171875,41251362,0.0,0.0
2023-08-03 09:30:00-04:00,35194.55859375,35244.12109375,35122.3203125,35137.3203125,50709926,0.0,0.0
2023-08-03 10:30:00-04:00,35135.8203125,35246.58984375,35128.75,35237.94140625,33004212,0.0,0.0
2023-08-03 11:30:00-04:00,35237.9296875,35289.9296875,35232.71875,35270.58984375,22489787,0.0,0.0
2023-08-03 12:30:00-04:00,35272.23046875,35348.19921875,35271.359375,35326.51953125,21140346,0.0,0.0
2023-08-03 13:30:00-04:00,35326.62109375,35331.55859375,35243.01953125,35281.12890625,21055459,0.0,0.0
2023-08-03 14:30:00-04:00,35281.37109375,35292.37890625,35210.58984375,35241.58984375,25331367,0.0,0.0
2023-08-03 15:30:00-04:00,35241.76171875,35261.94140625,35204.359375,35207.44921875,36882191,0.0,0.0
2023-08-04 09:30:00-04:00,35230.12890625,35418.6015625,35230.12890625,35358.33984375,0,0.0,0.0
2023-08-04 10:30:00-04:00,35357.640625,35426.359375,35357.640625,35401.578125,33354402,0.0,0.0
2023-08-04 11:30:00-04:00,35401.671875,35479.640625,35397.62109375,35476.87109375,27837692,0.0,0.0
2023-08-04 12:30:00-04:00,35477.01953125,35506.87890625,35427.71875,35436.05859375,23711797,0.0,0.0
2023-08-04 13:30:00-04:00,35436.48828125,35458.12109375,35141.1796875,35166.1484375,36611324,0.0,0.0
2023-08-04 14:30:00-04:00,35166.078125,35180.359375,35060.03125,35091.08984375,44228738,0.0,0.0
2023-08-04 15:30:00-04:00,35091.30078125,35104.01171875,35033.76171875,35071.8203125,48233766,0.0,0.0
2023-08-07 09:30:00-04:00,35125.6015625,35401.71875,35125.6015625,35388.21875,0,0.0,0.0
2023-08-07 10:30:00-04:00,35388.51953125,35411.41015625,35354.8203125,35369.94921875,39449534,0.0,0.0
2023-08-07 11:30:00-04:00,35370.26171875,35436.53125,35352.828125,35423.859375,29237806,0.0,0.0
2023-08-07 12:30:00-04:00,35423.609375,35453.578125,35390.28125,35437.5703125,23127904,0.0,0.0
2023-08-07 13:30:00-04:00,35437.80859375,35497.37890625,35418.91015625,35426.3984375,23308541,0.0,0.0
2023-08-07 14:30:00-04:00,35427.55859375,35480.12890625,35425.87890625,35429.1796875,24670123,0.0,0.0
2023-08-07 15:30:00-04:00,35429.75,35489.9609375,35421.73046875,35473.421875,39392651,0.0,0.0
2023-08-08 09:30:00-04:00,35345.3984375,35345.3984375,35007.41015625,35054.33984375,0,0.0,0.0
2023-08-08 10:30:00-04:00,35053.078125,35131.3984375,35008.33984375,35129.21875,35344455,0.0,0.0
2023-08-08 11:30:00-04:00,35129.37890625,35176.30078125,35090.48828125,35155.140625,28812990,0.0,0.0
2023-08-08 12:30:00-04:00,35155.8984375,35233.78125,35153.12109375,35199.6484375,25424911,0.0,0.0
2023-08-08 13:30:00-04:00,35200.23828125,35259.76171875,35178.08984375,35236.1484375,27187917,0.0,0.0
2023-08-08 14:30:00-04:00,35237.171875,35324.4609375,35225.23828125,35310.9296875,30101357,0.0,0.0
2023-08-08 15:30:00-04:00,35311.1015625,35346.640625,35287.8203125,35314.55078125,39330136,0.0,0.0
2023-08-09 09:30:00-04:00,35324.28125,35370.890625,35275.73828125,35314.76953125,48255935,0.0,0.0
2023-08-09 10:30:00-04:00,35314.78125,35344.80078125,35148.51171875,35161.6796875,44576655,0.0,0.0
2023-08-09 11:30:00-04:00,35162.01171875,35181.98828125,35058.73046875,35136.5390625,33252281,0.0,0.0
2023-08-09 12:30:00-04:00,35136.30859375,35249.26953125,35134.48828125,35245.12109375,24308967,0.0,0.0
2023-08-09 13:30:00-04:00,35245.19140625,35323.44140625,35244.6796875,35318.83984375,29514347,0.0,0.0
2023-08-09 14:30:00-04:00,35318.609375,35348.44140625,35273.23828125,35287.2109375,31784237,0.0,0.0
2023-08-09 15:30:00-04:00,35287.48828125,35287.58984375,35100.08984375,35123.671875,44273966,0.0,0.0
2023-08-10 09:30:00-04:00,35231.5390625,35578.578125,35231.5390625,35530.28125,71715607,0.0,0.0
2023-08-10 10:30:00-04:00,35531.390625,35548.6015625,35318.41015625,35390.8203125,45470299,0.0,0.0
2023-08-10 11:30:00-04:00,35391.69140625,35412.8203125,35195.37890625,35233.6796875,35044034,0.0,0.0
2023-08-10 12:30:00-04:00,35233.7890625,35304.33984375,35160.1484375,35186.6484375,32361476,0.0,0.0
2023-08-10 13:30:00-04:00,35186.62109375,35278.76171875,35115.80078125,35241.05078125,31627553,0.0,0.0
2023-08-10 14:30:00-04:00,35240.2890625,35315.69921875,35181.578125,35192.2890625,32993810,0.0,0.0
2023-08-10 15:30:00-04:00,35192.7109375,35194.640625,35107.6015625,35178.390625,41574215,0.0,0.0
2023-08-11 09:30:00-04:00,35120.828125,35336.53125,35059.98828125,35305.390625,56674749,0.0,0.0
2023-08-11 10:30:00-04:00,35305.0703125,35354.6015625,35200.9609375,35216.1015625,31351438,0.0,0.0
2023-08-11 11:30:00-04:00,35216.26171875,35302.80078125,35209.671875,35232.69140625,27268592,0.0,0.0
2023-08-11 12:30:00-04:00,35233.16015625,35267.75,35205.69921875,35264.12890625,21011020,0.0,0.0
2023-08-11 13:30:00-04:00,35263.9296875,35296.3515625,35187.9609375,35282.98828125,26832642,0.0,0.0
2023-08-11 14:30:00-04:00,35282.62890625,35316.76953125,35250.0703125,35298.48046875,29977235,0.0,0.0
2023-08-11 15:30:00-04:00,35298.2890625,35313.98828125,35245.75,35281.671875,41323606,0.0,0.0
2023-08-14 09:30:00-04:00,35273.890625,35317.19140625,35169.96875,35253.94921875,0,0.0,0.0
2023-08-14 10:30:00-04:00,35254.28125,35325.66015625,35242.37890625,35285.0390625,31387037,0.0,0.0
2023-08-14 11:30:00-04:00,35285.1015625,35335.44921875,35235.53125,35244.76171875,27540672,0.0,0.0
2023-08-14 12:30:00-04:00,35245.05078125,35300.80859375,35228.8984375,35280.5,28647034,0.0,0.0
2023-08-14 13:30:00-04:00,35280.37109375,35293.44921875,35222.9296875,35244.08984375,28433293,0.0,0.0
2023-08-14 14:30:00-04:00,35244.21875,35252.921875,35211.390625,35226.8515625,27531364,0.0,0.0
2023-08-14 15:30:00-04:00,35226.4296875,35312.08984375,35213.12890625,35312.08984375,42413531,0.0,0.0
2023-08-15 09:30:00-04:00,35219.37109375,35219.37109375,34977.51171875,35007.9296875,0,0.0,0.0
2023-08-15 10:30:00-04:00,35007.69140625,35060.51171875,34974.5703125,35052.28125,38714353,0.0,0.0
2023-08-15 11:30:00-04:00,35052.69921875,35075.4296875,34986.2890625,35017.16015625,32411461,0.0,0.0
2023-08-15 12:30:00-04:00,35017.0390625,35047.171875,34966.8515625,35039.94140625,32082066,0.0,0.0
2023-08-15 13:30:00-04:00,35039.78125,35041.5,34986.23828125,34998.91015625,22183395,0.0,0.0
2023-08-15 14:30:00-04:00,34999.109375,35048.62109375,34928.21875,34928.21875,34381603,0.0,0.0
2023-08-15 15:30:00-04:00,34927.859375,34985.71875,34908.5,34948.23828125,43562299,0.0,0.0
2023-08-16 09:30:00-04:00,34914.9609375,35133.55859375,34886.98828125,35050.828125,54304187,0.0,0.0
2023-08-16 10:30:00-04:00,35049.19921875,35085.1796875,35019.7109375,35039.48046875,33765378,0.0,0.0
2023-08-16 11:30:00-04:00,35040.0,35055.890625,34905.73046875,34922.55078125,38266601,0.0,0.0
2023-08-16 12:30:00-04:00,34921.83984375,34959.421875,34848.921875,34856.9296875,34668506,0.0,0.0
2023-08-16 13:30:00-04:00,34856.75,34970.3984375,34842.80078125,34957.140625,34158784,0.0,0.0
2023-08-16 14:30:00-04:00,34956.80078125,34986.26953125,34757.671875,34776.01171875,37862451,0.0,0.0
2023-08-16 15:30:00-04:00,34776.671875,34818.33984375,34757.37109375,34766.53125,42439521,0.0,0.0
2023-08-17 09:30:00-04:00,34829.609375,34888.48046875,34798.12890625,34868.21875,85439648,0.0,0.0
2023-08-17 10:30:00-04:00,34868.12109375,34869.98046875,34728.69921875,34740.98046875,50347407,0.0,0.0
2023-08-17 11:30:00-04:00,34740.19921875,34798.0390625,34688.80859375,34782.1015625,35872227,0.0,0.0
2023-08-17 12:30:00-04:00,34782.51953125,34790.51953125,34674.890625,34682.078125,28700091,0.0,0.0
2023-08-17 13:30:00-04:00,34682.109375,34695.5390625,34606.05078125,34648.7890625,31628625,0.0,0.0
2023-08-17 14:30:00-04:00,34648.9296875,34649.9296875,34440.73046875,34506.4609375,51371794,0.0,0.0
2023-08-17 15:30:00-04:00,34506.3984375,34534.94140625,34453.3203125,34469.87890625,50476894,0.0,0.0
2023-08-18 09:30:00-04:00,34368.359375,34447.359375,34263.19140625,34372.6015625,65794836,0.0,0.0
2023-08-18 10:30:00-04:00,34372.46875,34522.578125,34365.5390625,34485.37890625,37599677,0.0,0.0
2023-08-18 11:30:00-04:00,34485.37109375,34548.30859375,34457.1484375,34501.9609375,32318949,0.0,0.0
2023-08-18 12:30:00-04:00,34501.578125,34546.23046875,34429.69140625,34478.421875,26951221,0.0,0.0
2023-08-18 13:30:00-04:00,34479.328125,34506.9296875,34452.1015625,34477.0703125,26804419,0.0,0.0
2023-08-18 14:30:00-04:00,34475.98828125,34516.69140625,34424.921875,34477.171875,29361593,0.0,0.0
2023-08-18 15:30:00-04:00,34478.359375,34587.0703125,34465.7109375,34510.37890625,41347304,0.0,0.0
2023-08-21 09:30:00-04:00,34531.28125,34570.9609375,34346.69140625,34347.7890625,0,0.0,0.0
2023-08-21 10:30:00-04:00,34347.62109375,34363.421875,34294.44921875,34308.53125,39122383,0.0,0.0
2023-08-21 11:30:00-04:00,34309.0,34361.75,34248.4609375,34361.6015625,32774295,0.0,0.0
2023-08-21 12:30:00-04:00,34362.6484375,34422.0390625,34342.7109375,34415.05078125,37131486,0.0,0.0
2023-08-21 13:30:00-04:00,34415.171875,34447.53125,34391.1015625,34423.69921875,34526337,0.0,0.0
2023-08-21 14:30:00-04:00,34423.51171875,34505.640625,34416.6484375,34488.390625,43290924,0.0,0.0
2023-08-21 15:30:00-04:00,34488.46875,34538.26171875,34451.0703125,34468.1015625,45060156,0.0,0.0
2023-08-22 09:30:00-04:00,34494.171875,34514.0390625,34358.37109375,34377.25,47972847,0.0,0.0
2023-08-22 10:30:00-04:00,34377.48828125,34381.8203125,34322.7109375,34371.28125,33468388,0.0,0.0
2023-08-22 11:30:00-04:00,34371.1484375,34386.671875,34283.8515625,34320.109375,36377292,0.0,0.0
2023-08-22 12:30:00-04:00,34320.109375,34365.328125,34258.80078125,34298.1015625,24309955,0.0,0.0
2023-08-22 13:30:00-04:00,34297.7890625,34313.859375,34268.359375,34311.62109375,20356089,0.0,0.0
2023-08-22 14:30:00-04:00,34311.51953125,34383.62890625,34284.37890625,34323.75,27562835,0.0,0.0
2023-08-22 15:30:00-04:00,34323.96875,34323.96875,34256.83984375,34290.6484375,36551924,0.0,0.0
2023-08-23 09:30:00-04:00,34338.58984375,34408.03125,34321.0,34365.69140625,73339237,0.0,0.0
2023-08-23 10:30:00-04:00,34365.23046875,34447.76171875,34335.87890625,34440.28125,42118843,0.0,0.0
2023-08-23 11:30:00-04:00,34440.28125,34450.5703125,34409.48046875,34422.80859375,35136676,0.0,0.0
2023-08-23 12:30:00-04:00,34422.76171875,34516.73046875,34416.75,34508.5390625,26074167,0.0,0.0
2023-08-23 13:30:00-04:00,34508.62109375,34534.71875,34451.5390625,34463.08984375,29968297,0.0,0.0
2023-08-23 14:30:00-04:00,34463.390625,34467.5703125,34417.91015625,34465.2890625,29636175,0.0,0.0
2023-08-23 15:30:00-04:00,34465.4296875,34495.109375,34442.19921875,34480.359375,35232641,0.0,0.0
2023-08-24 09:30:00-04:00,34439.828125,34694.6796875,34439.26171875,34497.51953125,60906423,0.0,0.0
2023-08-24 10:30:00-04:00,34496.921875,34498.73046875,34335.58984375,34366.28125,38294465,0.0,0.0
2023-08-24 11:30:00-04:00,34366.41015625,34366.41015625,34264.140625,34280.921875,24737938,0.0,0.0
2023-08-24 12:30:00-04:00,34280.87109375,34323.8984375,34206.03125,34211.96875,21465614,0.0,0.0
2023-08-24 13:30:00-04:00,34211.73828125,34252.30078125,34206.3984375,34210.05078125,23709321,0.0,0.0
2023-08-24 14:30:00-04:00,34210.1796875,34257.30859375,34171.69140625,34222.96875,30067831,0.0,0.0
2023-08-24 15:30:00-04:00,34223.51171875,34237.69921875,34093.6484375,34098.078125,47764187,0.0,0.0
2023-08-25 09:30:00-04:00,34217.05859375,34352.01171875,34097.01953125,34122.6484375,0,0.0,0.0
2023-08-25 10:30:00-04:00,34121.44921875,34243.94140625,34029.21875,34241.8984375,35250503,0.0,0.0
2023-08-25 11:30:00-04:00,34241.5390625,34296.69140625,34161.98046875,34296.6484375,23763182,0.0,0.0
2023-08-25 12:30:00-04:00,34297.16015625,34313.46875,34218.0703125,34241.28125,21866942,0.0,0.0
2023-08-25 13:30:00-04:00,34242.51171875,34403.19140625,34205.37109375,34399.6015625,21251282,0.0,0.0
2023-08-25 14:30:00-04:00,34399.80859375,34441.91015625,34351.73828125,34398.359375,25758911,0.0,0.0
2023-08-25 15:30:00-04:00,34398.46875,34421.30078125,34317.26953125,34346.37109375,32381891,0.0,0.0
2023-08-28 09:30:00-04:00,34441.640625,34652.91015625,34441.640625,34611.71875,0,0.0,0.0
2023-08-28 10:30:00-04:00,34612.5,34616.53125,34502.28125,34516.328125,25349327,0.0,0.0
2023-08-28 11:30:00-04:00,34516.671875,34557.0703125,34485.5703125,34502.37890625,21670156,0.0,0.0
2023-08-28 12:30:00-04:00,34502.328125,34609.5390625,34488.37109375,34575.0,19507980,0.0,0.0
2023-08-28 13:30:00-04:00,34574.87109375,34586.140625,34447.671875,34455.80078125,19907493,0.0,0.0
2023-08-28 14:30:00-04:00,34455.83984375,34525.421875,34442.73046875,34507.5,20534504,0.0,0.0
2023-08-28 15:30:00-04:00,34506.55078125,34609.2109375,34498.73828125,34558.1015625,32012138,0.0,0.0
2023-08-29 09:30:00-04:00,34531.12109375,34709.46875,34531.12109375,34686.0,48182728,0.0,0.0
2023-08-29 10:30:00-04:00,34686.1796875,34732.94921875,34607.71875,34697.4296875,32652813,0.0,0.0
2023-08-29 11:30:00-04:00,34697.66015625,34807.16015625,34697.66015625,34799.48046875,23893024,0.0,0.0
2023-08-29 12:30:00-04:00,34799.55078125,34806.80859375,34751.0390625,34794.12109375,19523072,0.0,0.0
2023-08-29 13:30:00-04:00,34794.359375,34824.23046875,34759.28125,34777.3203125,20809599,0.0,0.0
2023-08-29 14:30:00-04:00,34788.76953125,34837.44921875,34765.01953125,34831.7890625,27851791,0.0,0.0
2023-08-29 15:30:00-04:00,34831.25,34864.421875,34818.3984375,34854.94921875,37744971,0.0,0.0
2023-08-30 09:30:00-04:00,34847.80078125,35025.5703125,34811.73828125,34824.98828125,50809219,0.0,0.0
2023-08-30 10:30:00-04:00,34825.390625,34891.6796875,34819.8515625,34888.921875,25487869,0.0,0.0
2023-08-30 11:30:00-04:00,34888.7109375,34922.96875,34882.76171875,34907.6796875,19554147,0.0,0.0
2023-08-30 12:30:00-04:00,34908.37109375,34932.78125,34893.0390625,34893.26953125,17958435,0.0,0.0
2023-08-30 13:30:00-04:00,34893.01171875,34915.96875,34834.171875,34839.1484375,19384580,0.0,0.0
2023-08-30 14:30:00-04:00,34839.2109375,34913.51171875,34836.171875,34891.91015625,23137155,0.0,0.0
2023-08-30 15:30:00-04:00,34891.7890625,34902.48046875,34869.0,34893.25,33916551,0.0,0.0
2023-08-31 09:30:00-04:00,34909.08984375,35070.2109375,34909.08984375,34996.37890625,0,0.0,0.0
2023-08-31 10:30:00-04:00,35002.16015625,35012.94921875,34915.83984375,34945.23828125,28246559,0.0,0.0
2023-08-31 11:30:00-04:00,34945.5,34945.5,34862.7890625,34877.2890625,25653657,0.0,0.0
2023-08-31 12:30:00-04:00,34876.8984375,34885.578125,34807.3515625,34871.12890625,26779738,0.0,0.0
2023-08-31 13:30:00-04:00,34871.390625,34878.44140625,34818.19921875,34865.7890625,27284581,0.0,0.0
2023-08-31 14:30:00-04:00,34865.69140625,34866.55078125,34744.421875,34764.48828125,29595957,0.0,0.0
2023-08-31 15:30:00-04:00,34764.640625,34794.5390625,34724.421875,34727.12890625,49496381,0.0,0.0
2023-09-01 09:30:00-04:00,34876.23828125,34979.1796875,34844.359375,34923.328125,0,0.0,0.0
2023-09-01 10:30:00-04:00,34923.359375,34923.359375,34768.66015625,34775.640625,36790640,0.0,0.0
2023-09-01 11:30:00-04:00,34775.83984375,34783.140625,34720.69921875,34773.66015625,25745225,0.0,0.0
2023-09-01 12:30:00-04:00,34773.48828125,34798.921875,34754.26953125,34769.53125,22846035,0.0,0.0
2023-09-01 13:30:00-04:00,34769.23828125,34803.171875,34758.640625,34783.62109375,21841503,0.0,0.0
2023-09-01 14:30:00-04:00,34783.12890625,34834.26953125,34764.48828125,34832.26953125,24653566,0.0,0.0
2023-09-01 15:30:00-04:00,34832.140625,34853.3515625,34810.73828125,34831.578125,38095740,0.0,0.0
2023-09-05 09:30:00-04:00,34843.21875,34871.26171875,34730.55078125,34790.12890625,0,0.0,0.0
2023-09-05 10:30:00-04:00,34790.4609375,34815.671875,34731.4296875,34777.76953125,36858668,0.0,0.0
2023-09-05 11:30:00-04:00,34777.5703125,34800.76953125,34767.328125,34782.58984375,24948815,0.0,0.0
2023-09-05 12:30:00-04:00,34783.01171875,34787.5390625,34691.33984375,34693.08984375,20971985,0.0,0.0
2023-09-05 13:30:00-04:00,34693.078125,34743.19140625,34683.62890625,34739.19921875,21073734,0.0,0.0
2023-09-05 14:30:00-04:00,34738.7109375,34751.80859375,34681.9296875,34692.0390625,26365034,0.0,0.0
2023-09-05 15:30:00-04:00,34692.05859375,34731.12109375,34635.62890625,34641.87109375,39084013,0.0,0.0
2023-09-06 09:30:00-04:00,34611.6796875,34611.6796875,34487.5,34502.66015625,0,0.0,0.0
2023-09-06 10:30:00-04:00,34502.76171875,34525.30859375,34414.828125,34437.62109375,35918347,0.0,0.0
2023-09-06 11:30:00-04:00,34437.51171875,34461.109375,34383.76171875,34386.921875,27363526,0.0,0.0
2023-09-06 12:30:00-04:00,34385.46875,34389.890625,34291.55859375,34367.53125,28693122,0.0,0.0
2023-09-06 13:30:00-04:00,34367.33984375,34447.37109375,34357.8515625,34438.12109375,25590096,0.0,0.0
2023-09-06 14:30:00-04:00,34437.98046875,34472.7890625,34419.16015625,34448.44140625,30816810,0.0,0.0
2023-09-06 15:30:00-04:00,34456.6484375,34469.4296875,34429.0390625,34441.109375,48013628,0.0,0.0
2023-09-07 09:30:00-04:00,34351.1796875,34524.3984375,34351.1796875,34392.5,0,0.0,0.0
2023-09-07 10:30:00-04:00,34392.2890625,34501.05859375,34372.26953125,34477.171875,44608939,0.0,0.0
2023-09-07 11:30:00-04:00,34476.5,34560.859375,34470.1015625,34553.51953125,34726658,0.0,0.0
2023-09-07 12:30:00-04:00,34552.5,34557.921875,34489.01171875,34541.73828125,27977879,0.0,0.0
2023-09-07 13:30:00-04:00,34541.48828125,34545.390625,34482.80078125,34483.01171875,31935623,0.0,0.0
2023-09-07 14:30:00-04:00,34482.5390625,34511.8515625,34456.3203125,34505.01953125,35615884,0.0,0.0
2023-09-07 15:30:00-04:00,34505.2890625,34536.87109375,34493.109375,34503.30859375,53833628,0.0,0.0
2023-09-08 09:30:00-04:00,34487.41015625,34610.6796875,34478.19921875,34604.6796875,0,0.0,0.0
2023-09-08 10:30:00-04:00,34605.0,34619.16015625,34568.609375,34606.16015625,37245844,0.0,0.0
2023-09-08 11:30:00-04:00,34606.26953125,34627.8515625,34555.26171875,34589.8515625,27403518,0.0,0.0
2023-09-08 12:30:00-04:00,34589.8984375,34616.7890625,34557.05078125,34586.19140625,21456143,0.0,0.0
2023-09-08 13:30:00-04:00,34586.08984375,34610.01953125,34533.05859375,34546.25,23035960,0.0,0.0
2023-09-08 14:30:00-04:00,34546.26953125,34554.37109375,34498.55078125,34501.9296875,27982823,0.0,0.0
2023-09-08 15:30:00-04:00,34502.3203125,34585.3203125,34495.6796875,34582.80078125,41510331,0.0,0.0
2023-09-11 09:30:00-04:00,34650.01171875,34784.51953125,34608.69921875,34714.3984375,0,0.0,0.0
2023-09-11 10:30:00-04:00,34714.55078125,34714.98828125,34591.609375,34625.80859375,33927700,0.0,0.0
2023-09-11 11:30:00-04:00,34624.53125,34655.96875,34578.58984375,34651.44921875,27824267,0.0,0.0
2023-09-11 12:30:00-04:00,34651.828125,34679.8203125,34642.8515625,34678.4296875,22838715,0.0,0.0
2023-09-11 13:30:00-04:00,34678.37109375,34692.55078125,34655.921875,34678.44921875,22392039,0.0,0.0
2023-09-11 14:30:00-04:00,34678.01953125,34690.9609375,34648.21875,34665.78125,27818685,0.0,0.0
2023-09-11 15:30:00-04:00,34665.91015625,34667.62109375,34630.3984375,34666.87890625,41307338,0.0,0.0
2023-09-12 09:30:00-04:00,34620.01953125,34643.328125,34560.55078125,34592.9296875,0,0.0,0.0
2023-09-12 10:30:00-04:00,34592.37109375,34670.9296875,34578.51953125,34669.98046875,41796948,0.0,0.0
2023-09-12 11:30:00-04:00,34670.671875,34762.140625,34670.671875,34750.76953125,27523696,0.0,0.0
2023-09-12 12:30:00-04:00,34750.46875,34845.55859375,34723.4296875,34840.5390625,23421406,0.0,0.0
2023-09-12 13:30:00-04:00,34840.01953125,34852.609375,34710.23828125,34717.3984375,39935905,0.0,0.0
2023-09-12 14:30:00-04:00,34717.37890625,34724.55859375,34600.5,34620.98046875,34772191,0.0,0.0
2023-09-12 15:30:00-04:00,34621.2109375,34659.078125,34620.2109375,34645.1015625,44552628,0.0,0.0
2023-09-13 09:30:00-04:00,34667.28125,34767.109375,34598.75,34635.16015625,0,0.0,0.0
2023-09-13 10:30:00-04:00,34635.3203125,34737.96875,34634.109375,34725.609375,34890956,0.0,0.0
2023-09-13 11:30:00-04:00,34725.6796875,34728.98828125,34674.140625,34705.5703125,27892692,0.0,0.0
2023-09-13 12:30:00-04:00,34705.9296875,34716.01171875,34660.51953125,34669.98046875,21315271,0.0,0.0
2023-09-13 13:30:00-04:00,34669.9609375,34688.55859375,34628.5,34643.5,22642232,0.0,0.0
2023-09-13 14:30:00-04:00,34643.7109375,34652.640625,34509.94921875,34540.2890625,30092788,0.0,0.0
2023-09-13 15:30:00-04:00,34540.109375,34603.921875,34540.109375,34575.76171875,42049568,0.0,0.0
2023-09-14 09:30:00-04:00,34785.3515625,34823.6796875,34688.55078125,34724.53125,0,0.0,0.0
2023-09-14 10:30:00-04:00,34724.76953125,34828.53125,34724.76953125,34798.55078125,36575451,0.0,0.0
2023-09-14 11:30:00-04:00,34799.109375,34896.6015625,34790.51171875,34884.078125,28269979,0.0,0.0
2023-09-14 12:30:00-04:00,34883.859375,34938.48828125,34883.53125,34913.5390625,22856420,0.0,0.0
2023-09-14 13:30:00-04:00,34913.5703125,34933.28125,34890.859375,34899.55078125,25900912,0.0,0.0
2023-09-14 14:30:00-04:00,34899.21875,34977.96875,34897.078125,34924.890625,29045208,0.0,0.0
2023-09-14 15:30:00-04:00,34924.46875,34939.23046875,34903.30859375,34910.890625,44941031,0.0,0.0
2023-09-15 09:30:00-04:00,34902.0390625,34902.0390625,34777.5703125,34798.28125,0,0.0,0.0
2023-09-15 10:30:00-04:00,34796.359375,34812.44140625,34674.30078125,34755.8515625,36046017,0.0,0.0
2023-09-15 11:30:00-04:00,34756.55078125,34764.640625,34704.48046875,34714.3984375,26432299,0.0,0.0
2023-09-15 12:30:00-04:00,34713.87109375,34741.87109375,34597.6015625,34603.05078125,32045579,0.0,0.0
2023-09-15 13:30:00-04:00,34602.51953125,34668.23046875,34572.26953125,34624.05859375,28168531,0.0,0.0
2023-09-15 14:30:00-04:00,34624.0703125,34680.921875,34618.78125,34646.328125,30558823,0.0,0.0
2023-09-15 15:30:00-04:00,34646.48828125,34660.30078125,34588.37890625,34617.26171875,55373104,0.0,0.0
2023-09-18 09:30:00-04:00,34612.2890625,34679.30078125,34545.3515625,34603.171875,0,0.0,0.0
2023-09-18 10:30:00-04:00,34603.58984375,34659.66015625,34595.0390625,34659.66015625,26579020,0.0,0.0
2023-09-18 11:30:00-04:00,34659.75,34714.7109375,34659.75,34697.6015625,21348711,0.0,0.0
2023-09-18 12:30:00-04:00,34697.6796875,34725.05859375,34683.2109375,34692.80859375,20251820,0.0,0.0
2023-09-18 13:30:00-04:00,34692.73828125,34713.1796875,34658.48828125,34663.94140625,17953843,0.0,0.0
2023-09-18 14:30:00-04:00,34664.23046875,34674.73828125,34614.109375,34633.87109375,22688844,0.0,0.0
2023-09-18 15:30:00-04:00,34633.828125,34633.828125,34600.98828125,34622.7890625,34428337,0.0,0.0
2023-09-19 09:30:00-04:00,34571.83984375,34597.55859375,34420.3515625,34454.390625,0,0.0,0.0
2023-09-19 10:30:00-04:00,34454.55859375,34455.1015625,34367.859375,34396.328125,29056710,0.0,0.0
2023-09-19 11:30:00-04:00,34396.0703125,34401.66015625,34338.96875,34355.55859375,28856213,0.0,0.0
2023-09-19 12:30:00-04:00,34355.8203125,34399.0,34311.69140625,34389.78125,22168613,0.0,0.0
2023-09-19 13:30:00-04:00,34390.03125,34473.4296875,34389.80078125,34450.9296875,23181555,0.0,0.0
2023-09-19 14:30:00-04:00,34451.0,34534.6015625,34450.0,34493.6015625,31211911,0.0,0.0
2023-09-19 15:30:00-04:00,34493.55859375,34554.94140625,34475.890625,34516.890625,42888985,0.0,0.0
2023-09-20 09:30:00-04:00,34575.5,34691.73046875,34571.83984375,34681.6015625,0,0.0,0.0
2023-09-20 10:30:00-04:00,34681.6484375,34724.421875,34656.609375,34687.37890625,33187671,0.0,0.0
2023-09-20 11:30:00-04:00,34686.890625,34731.96875,34682.55078125,34731.96875,23055154,0.0,0.0
2023-09-20 12:30:00-04:00,34732.01953125,34776.28125,34724.55859375,34740.05859375,18336011,0.0,0.0
2023-09-20 13:30:00-04:00,34739.53125,34739.71875,34585.0390625,34671.05078125,28568286,0.0,0.0
2023-09-20 14:30:00-04:00,34670.73828125,34745.9296875,34543.71875,34598.05078125,35297454,0.0,0.0
2023-09-20 15:30:00-04:00,34598.01171875,34600.05078125,34434.2890625,34438.609375,48159202,0.0,0.0
2023-09-21 09:30:00-04:00,34332.23046875,34378.30078125,34186.80078125,34313.80859375,0,0.0,0.0
2023-09-21 10:30:00-04:00,34313.44140625,34353.28125,34226.0390625,34249.1015625,41530960,0.0,0.0
2023-09-21 11:30:00-04:00,34249.12890625,34312.05078125,34228.109375,34247.1796875,29125948,0.0,0.0
2023-09-21 12:30:00-04:00,34247.0390625,34312.87890625,34205.21875,34305.05859375,24615467,0.0,0.0
2023-09-21 13:30:00-04:00,34305.30078125,34314.140625,34212.87109375,34213.2109375,23605849,0.0,0.0
2023-09-21 14:30:00-04:00,34212.30078125,34243.2890625,34119.8984375,34124.578125,31125905,0.0,0.0
2023-09-21 15:30:00-04:00,34123.55078125,34131.0703125,34058.71875,34065.26953125,48963003,0.0,0.0
2023-09-22 09:30:00-04:00,34077.078125,34139.66015625,34007.30859375,34112.46875,0,0.0,0.0
2023-09-22 10:30:00-04:00,34113.2890625,34148.859375,34072.28125,34148.1484375,33669358,0.0,0.0
2023-09-22 11:30:00-04:00,34148.19140625,34156.1484375,34078.98046875,34111.4609375,23634888,0.0,0.0
2023-09-22 12:30:00-04:00,34111.69140625,34148.23046875,34044.578125,34061.94921875,22605282,0.0,0.0
2023-09-22 13:30:00-04:00,34061.96875,34061.96875,33982.8203125,34011.6796875,24612445,0.0,0.0
2023-09-22 14:30:00-04:00,34011.7109375,34149.671875,33978.73828125,34115.140625,25385851,0.0,0.0
2023-09-22 15:30:00-04:00,34111.51953125,34119.25,33947.23828125,33958.078125,38131284,0.0,0.0
2023-09-25 09:30:00-04:00,33907.58984375,33924.37109375,33809.51171875,33822.51953125,0,0.0,0.0
2023-09-25 10:30:00-04:00,33821.75,33945.609375,33780.671875,33912.73046875,29198495,0.0,0.0
2023-09-25 11:30:00-04:00,33913.33984375,33989.51171875,33904.16015625,33980.87109375,21817972,0.0,0.0
2023-09-25 12:30:00-04:00,33980.87109375,33986.5,33901.328125,33920.44921875,19255843,0.0,0.0
2023-09-25 13:30:00-04:00,33920.71875,33983.62890625,33899.7109375,33928.37109375,18240638,0.0,0.0
2023-09-25 14:30:00-04:00,33927.859375,33972.69921875,33867.890625,33933.33984375,23148233,0.0,0.0
2023-09-25 15:30:00-04:00,33933.37890625,34017.53125,33920.578125,34004.23828125,33369597,0.0,0.0
2023-09-26 09:30:00-04:00,33862.6796875,33879.9296875,33704.171875,33754.3515625,0,0.0,0.0
2023-09-26 10:30:00-04:00,33755.44140625,33790.8515625,33674.7890625,33674.7890625,33126491,0.0,0.0
2023-09-26 11:30:00-04:00,33674.73828125,33737.96875,33658.16015625,33723.44921875,24773927,0.0,0.0
2023-09-26 12:30:00-04:00,33723.51953125,33745.671875,33677.51953125,33678.359375,19707700,0.0,0.0
2023-09-26 13:30:00-04:00,33677.48828125,33686.0390625,33584.69140625,33591.8515625,25021765,0.0,0.0
2023-09-26 14:30:00-04:00,33591.96875,33641.8984375,33569.6015625,33595.26953125,30391840,0.0,0.0
2023-09-26 15:30:00-04:00,33594.98046875,33643.828125,33584.30859375,33620.53125,41236236,0.0,0.0
2023-09-27 09:30:00-04:00,33682.80859375,33731.6484375,33574.19140625,33616.98046875,0,0.0,0.0
2023-09-27 10:30:00-04:00,33616.8515625,33616.8515625,33498.4296875,33564.078125,32871279,0.0,0.0
2023-09-27 11:30:00-04:00,33564.48828125,33571.6484375,33420.19921875,33445.390625,26631116,0.0,0.0
2023-09-27 12:30:00-04:00,33445.87890625,33495.078125,33335.98046875,33341.0,24900147,0.0,0.0
2023-09-27 13:30:00-04:00,33340.3984375,33452.78125,33306.30078125,33452.78125,26943323,0.0,0.0
2023-09-27 14:30:00-04:00,33453.03125,33639.91015625,33453.03125,33595.69921875,35283281,0.0,0.0
2023-09-27 15:30:00-04:00,33593.7109375,33593.7109375,33482.66015625,33552.1796875,41999409,0.0,0.0
2023-09-28 09:30:00-04:00,33519.44140625,33643.2109375,33473.5,33602.94921875,0,0.0,0.0
2023-09-28 10:30:00-04:00,33603.48046875,33690.12109375,33524.171875,33683.5,35277965,0.0,0.0
2023-09-28 11:30:00-04:00,33684.83984375,33773.7109375,33684.83984375,33771.76953125,31949071,0.0,0.0
2023-09-28 12:30:00-04:00,33771.62890625,33777.8984375,33636.33984375,33636.37890625,23373595,0.0,0.0
2023-09-28 13:30:00-04:00,33636.30859375,33696.08984375,33592.359375,33676.01171875,21892284,0.0,0.0
2023-09-28 14:30:00-04:00,33676.16015625,33747.46875,33589.828125,33743.58984375,29450345,0.0,0.0
2023-09-28 15:30:00-04:00,33743.55078125,33746.55078125,33618.828125,33662.48046875,37451967,0.0,0.0
2023-09-29 09:30:00-04:00,33882.609375,33893.6796875,33682.58984375,33707.12890625,0,0.0,0.0
2023-09-29 10:30:00-04:00,33707.05859375,33772.9609375,33654.8203125,33683.71875,34918545,0.0,0.0
2023-09-29 11:30:00-04:00,33684.01171875,33698.73046875,33580.859375,33632.66015625,25911909,0.0,0.0
2023-09-29 12:30:00-04:00,33634.08984375,33645.76171875,33449.1796875,33516.76953125,23618109,0.0,0.0
2023-09-29 13:30:00-04:00,33516.78125,33536.25,33420.5,33425.01171875,23378166,0.0,0.0
2023-09-29 14:30:00-04:00,33427.23828125,33569.48828125,33407.44921875,33508.640625,29194348,0.0,0.0
2023-09-29 15:30:00-04:00,33508.98046875,33602.33984375,33459.87890625,33514.390625,47910484,0.0,0.0
2023-10-02 09:30:00-04:00,33455.5,33491.2890625,33351.44140625,33395.98046875,0,0.0,0.0
2023-10-02 10:30:00-04:00,33401.2890625,33492.69140625,33329.0703125,33488.83984375,33929674,0.0,0.0
2023-10-02 11:30:00-04:00,33488.71875,33511.91015625,33256.44140625,33293.80078125,28321527,0.0,0.0
2023-10-02 12:30:00-04:00,33293.69921875,33346.609375,33219.55859375,33337.109375,21975664,0.0,0.0
2023-10-02 13:30:00-04:00,33337.30078125,33430.46875,33295.6796875,33297.83984375,22515409,0.0,0.0
2023-10-02 14:30:00-04:00,33297.48828125,33373.05078125,33267.359375,33355.7890625,25758522,0.0,0.0
2023-10-02 15:30:00-04:00,33355.83984375,33435.171875,33342.58984375,33430.12890625,42893313,0.0,0.0
2023-10-03 09:30:00-04:00,33318.83984375,33398.5390625,33123.28125,33134.21875,0,0.0,0.0
2023-10-03 10:30:00-04:00,33134.21875,33158.44140625,33028.16015625,33043.0390625,35733941,0.0,0.0
2023-10-03 11:30:00-04:00,33042.76171875,33099.44921875,32983.8203125,33094.8203125,30127114,0.0,0.0
2023-10-03 12:30:00-04:00,33095.51953125,33113.37109375,33043.23828125,33056.51953125,24465135,0.0,0.0
2023-10-03 13:30:00-04:00,33056.4609375,33058.5390625,32916.19921875,32934.53125,24597049,0.0,0.0
2023-10-03 14:30:00-04:00,32934.5,33011.390625,32930.87109375,32948.48828125,29265935,0.0,0.0
2023-10-03 15:30:00-04:00,32948.44921875,33022.3515625,32922.76171875,33012.30078125,42352968,0.0,0.0
2023-10-04 09:30:00-04:00,33034.1796875,33076.078125,32878.73046875,32882.328125,0,0.0,0.0
2023-10-04 10:30:00-04:00,32883.25,33031.140625,32873.23046875,33029.5390625,37056725,0.0,0.0
2023-10-04 11:30:00-04:00,33026.5,33121.1015625,32971.1796875,33103.41015625,26140366,0.0,0.0
2023-10-04 12:30:00-04:00,33103.76171875,33132.78125,32987.8984375,32988.46875,21063131,0.0,0.0
2023-10-04 13:30:00-04:00,32988.58984375,33001.58984375,32911.87109375,32962.171875,21773530,0.0,0.0
2023-10-04 14:30:00-04:00,32961.58984375,33111.25,32940.859375,33083.328125,26806846,0.0,0.0
2023-10-04 15:30:00-04:00,33084.9609375,33156.44921875,33073.30078125,33116.9296875,42887588,0.0,0.0
2023-10-05 09:30:00-04:00,33099.23046875,33162.30078125,33035.19921875,33106.5390625,0,0.0,0.0
2023-10-05 10:30:00-04:00,33106.5390625,33114.23046875,32947.01953125,32984.078125,34429517,0.0,0.0
2023-10-05 11:30:00-04:00,32983.71875,33036.109375,32943.8984375,33032.1015625,26697322,0.0,0.0
2023-10-05 12:30:00-04:00,33032.171875,33050.37890625,32941.55859375,33012.46875,20748915,0.0,0.0
2023-10-05 13:30:00-04:00,33012.30859375,33132.44921875,32986.4296875,33107.4609375,28005127,0.0,0.0
2023-10-05 14:30:00-04:00,33108.0390625,33174.37890625,33095.44921875,33138.0390625,29659646,0.0,0.0
2023-10-05 15:30:00-04:00,33138.53125,33145.76953125,33100.48828125,33118.26953125,39589539,0.0,0.0
2023-10-06 09:30:00-04:00,33040.69921875,33066.51171875,32846.94140625,32977.828125,0,0.0,0.0
2023-10-06 10:30:00-04:00,32977.46875,33272.80078125,32977.46875,33249.94921875,46172470,0.0,0.0
2023-10-06 11:30:00-04:00,33254.01171875,33470.1484375,33254.01171875,33369.03125,35666137,0.0,0.0
2023-10-06 12:30:00-04:00,33370.21875,33451.609375,33331.9609375,33431.44921875,26013639,0.0,0.0
2023-10-06 13:30:00-04:00,33432.0390625,33503.58984375,33407.2890625,33502.0390625,24112940,0.0,0.0
2023-10-06 14:30:00-04:00,33502.0,33557.69140625,33467.421875,33510.8984375,32049446,0.0,0.0
2023-10-06 15:30:00-04:00,33510.96875,33518.78125,33399.73828125,33402.44140625,46036680,0.0,0.0
2023-10-09 09:30:00-04:00,33259.83984375,33417.51171875,33259.83984375,33345.5390625,0,0.0,0.0
2023-10-09 10:30:00-04:00,33345.41015625,33390.2890625,33253.69140625,33385.671875,25697970,0.0,0.0
2023-10-09 11:30:00-04:00,33385.5,33462.5,33347.8515625,33409.37109375,20765010,0.0,0.0
2023-10-09 12:30:00-04:00,33409.16015625,33440.05859375,33348.33984375,33439.640625,17288898,0.0,0.0
2023-10-09 13:30:00-04:00,33439.87109375,33618.3515625,33439.87109375,33604.4296875,24497221,0.0,0.0
2023-10-09 14:30:00-04:00,33604.609375,33631.80859375,33561.94140625,33587.859375,22955266,0.0,0.0
2023-10-09 15:30:00-04:00,33588.359375,33607.41015625,33544.05859375,33607.37890625,31839714,0.0,0.0
2023-10-10 09:30:00-04:00,33683.41015625,33788.2890625,33604.3203125,33777.328125,0,0.0,0.0
2023-10-10 10:30:00-04:00,33774.30859375,33860.91015625,33724.87890625,33822.140625,34115046,0.0,0.0
2023-10-10 11:30:00-04:00,33821.6796875,33898.21875,33803.578125,33878.08984375,22105470,0.0,0.0
2023-10-10 12:30:00-04:00,33879.05078125,33888.96875,33751.4609375,33789.46875,23806432,0.0,0.0
2023-10-10 13:30:00-04:00,33789.5390625,33810.12890625,33737.25,33766.078125,20712357,0.0,0.0
2023-10-10 14:30:00-04:00,33766.078125,33816.98828125,33713.69140625,33737.48828125,24221941,0.0,0.0
2023-10-10 15:30:00-04:00,33737.390625,33766.55859375,33724.76171875,33743.859375,33243895,0.0,0.0
2023-10-11 09:30:00-04:00,33822.19921875,33882.55078125,33766.94921875,33810.23828125,0,0.0,0.0
2023-10-11 10:30:00-04:00,33811.171875,33833.671875,33688.73828125,33709.48828125,32139727,0.0,0.0
2023-10-11 11:30:00-04:00,33708.73828125,33746.9296875,33650.23828125,33672.0390625,22051773,0.0,0.0
2023-10-11 12:30:00-04:00,33671.609375,33700.62890625,33628.94140625,33643.73828125,18661955,0.0,0.0
2023-10-11 13:30:00-04:00,33643.83984375,33740.671875,33612.25,33697.30078125,20064311,0.0,0.0
2023-10-11 14:30:00-04:00,33697.5390625,33747.4609375,33696.44140625,33742.58984375,23390882,0.0,0.0
2023-10-11 15:30:00-04:00,33741.44140625,33814.9609375,33735.1796875,33800.87890625,37680269,0.0,0.0
2023-10-12 09:30:00-04:00,33845.6484375,33863.80078125,33660.78125,33705.5390625,0,0.0,0.0
2023-10-12 10:30:00-04:00,33705.55078125,33755.91015625,33653.2109375,33734.08984375,35980099,0.0,0.0
2023-10-12 11:30:00-04:00,33733.87109375,33834.48828125,33703.48828125,33818.87890625,26451822,0.0,0.0
2023-10-12 12:30:00-04:00,33818.390625,33819.7890625,33571.2890625,33572.58984375,27482974,0.0,0.0
2023-10-12 13:30:00-04:00,33572.7109375,33585.91015625,33455.6015625,33549.25,29705048,0.0,0.0
2023-10-12 14:30:00-04:00,33549.109375,33648.08984375,33533.33984375,33611.96875,27067838,0.0,0.0
2023-10-12 15:30:00-04:00,33612.94921875,33685.23828125,33610.8203125,33630.21875,38663749,0.0,0.0
2023-10-13 09:30:00-04:00,33733.33984375,33957.71875,33733.33984375,33781.828125,0,0.0,0.0
2023-10-13 10:30:00-04:00,33780.83984375,33827.8203125,33612.4296875,33660.4296875,36853275,0.0,0.0
2023-10-13 11:30:00-04:00,33660.21875,33761.640625,33594.578125,33757.19921875,29481899,0.0,0.0
2023-10-13 12:30:00-04:00,33757.3515625,33781.48828125,33567.51953125,33571.5,25537573,0.0,0.0
2023-10-13 13:30:00-04:00,33571.359375,33699.2109375,33551.578125,33671.33984375,25273850,0.0,0.0
2023-10-13 14:30:00-04:00,33670.58984375,33719.390625,33614.51171875,33634.9609375,30864482,0.0,0.0
2023-10-13 15:30:00-04:00,33634.8984375,33682.8515625,33588.96875,33677.1015625,43101978,0.0,0.0
2023-10-16 09:30:00-04:00,33832.421875,33957.9609375,33832.421875,33956.609375,0,0.0,0.0
2023-10-16 10:30:00-04:00,33957.83984375,34088.98046875,33955.671875,34049.8515625,33137264,0.0,0.0
2023-10-16 11:30:00-04:00,34050.2890625,34055.80078125,33972.37890625,34000.609375,25835858,0.0,0.0
2023-10-16 12:30:00-04:00,34000.48046875,34056.6484375,33894.05078125,33975.98828125,23159722,0.0,0.0
2023-10-16 13:30:00-04:00,33976.26171875,34035.73046875,33959.8515625,33963.66015625,23054531,0.0,0.0
2023-10-16 14:30:00-04:00,33963.37109375,34039.76953125,33948.8984375,34039.62109375,24527584,0.0,0.0
2023-10-16 15:30:00-04:00,34040.0703125,34044.03125,33969.30859375,33976.98828125,42152709,0.0,0.0
2023-10-17 09:30:00-04:00,33869.83984375,33985.05859375,33854.69921875,33918.26171875,0,0.0,0.0
2023-10-17 10:30:00-04:00,33918.21875,34004.87890625,33902.41015625,33996.46875,31622849,0.0,0.0
2023-10-17 11:30:00-04:00,33995.87890625,34143.76171875,33993.55859375,34143.76171875,26815716,0.0,0.0
2023-10-17 12:30:00-04:00,34143.58984375,34147.62890625,34003.828125,34016.51953125,24321018,0.0,0.0
2023-10-17 13:30:00-04:00,34016.08984375,34016.08984375,33889.75,33911.01171875,25756798,0.0,0.0
2023-10-17 14:30:00-04:00,33910.94921875,33966.03125,33854.73828125,33965.69921875,28326128,0.0,0.0
2023-10-17 15:30:00-04:00,33965.828125,33997.62109375,33916.87890625,33994.48828125,38244415,0.0,0.0
2023-10-18 09:30:00-04:00,33960.25,33982.609375,33834.171875,33851.0,0,0.0,0.0
2023-10-18 10:30:00-04:00,33851.41015625,33880.9296875,33783.890625,33832.37109375,33671693,0.0,0.0
2023-10-18 11:30:00-04:00,33832.21875,33864.9609375,33751.05859375,33769.5390625,23859171,0.0,0.0
2023-10-18 12:30:00-04:00,33769.5390625,33903.421875,33719.171875,33842.4296875,24261539,0.0,0.0
2023-10-18 13:30:00-04:00,33843.328125,33885.01171875,33728.1015625,33803.3203125,25601963,0.0,0.0
2023-10-18 14:30:00-04:00,33803.1484375,33840.25,33681.25,33693.671875,30943562,0.0,0.0
2023-10-18 15:30:00-04:00,33694.25,33717.4296875,33598.640625,33657.640625,44005548,0.0,0.0
2023-10-19 09:30:00-04:00,33669.51953125,33709.62109375,33553.109375,33553.109375,0,0.0,0.0
2023-10-19 10:30:00-04:00,33536.76171875,33615.9609375,33509.71875,33615.53125,33082205,0.0,0.0
2023-10-19 11:30:00-04:00,33615.3984375,33839.44921875,33593.05078125,33644.73046875,33536331,0.0,0.0
2023-10-19 12:30:00-04:00,33645.05859375,33852.390625,33561.91015625,33757.08984375,32899532,0.0,0.0
2023-10-19 13:30:00-04:00,33756.859375,33791.98046875,33585.44140625,33599.3984375,25452669,0.0,0.0
2023-10-19 14:30:00-04:00,33600.078125,33600.078125,33402.6484375,33429.1015625,33972510,0.0,0.0
2023-10-19 15:30:00-04:00,33432.4296875,33481.4296875,33368.578125,33408.609375,40029367,0.0,0.0
2023-10-20 09:30:00-04:00,33365.26953125,33425.76953125,33212.3203125,33240.109375,0,0.0,0.0
2023-10-20 10:30:00-04:00,33240.23828125,33290.4296875,33212.328125,33241.3203125,39206790,0.0,0.0
2023-10-20 11:30:00-04:00,33239.1484375,33320.05078125,33204.4609375,33263.0703125,29423365,0.0,0.0
2023-10-20 12:30:00-04:00,33262.640625,33349.26171875,33246.109375,33301.9609375,26845796,0.0,0.0
2023-10-20 13:30:00-04:00,33303.1484375,33328.7109375,33199.1015625,33208.4609375,23644952,0.0,0.0
2023-10-20 14:30:00-04:00,33208.51953125,33258.51953125,33147.1796875,33193.62890625,27042551,0.0,0.0
2023-10-20 15:30:00-04:00,33191.8984375,33203.76953125,33118.12109375,33122.76171875,42982316,0.0,0.0
2023-10-23 09:30:00-04:00,32993.01953125,33136.359375,32892.19140625,33083.01953125,0,0.0,0.0
2023-10-23 10:30:00-04:00,33079.58984375,33176.08984375,33026.05078125,33142.16015625,36875395,0.0,0.0
2023-10-23 11:30:00-04:00,33141.23046875,33170.21875,33061.921875,33132.16015625,30822453,0.0,0.0
2023-10-23 12:30:00-04:00,33130.19140625,33234.8515625,33090.01171875,33114.03125,28123089,0.0,0.0
2023-10-23 13:30:00-04:00,33113.5,33165.48046875,33054.2890625,33081.87890625,29037392,0.0,0.0
2023-10-23 14:30:00-04:00,33082.19140625,33142.46875,32955.48828125,32958.359375,51510718,0.0,0.0
2023-10-23 15:30:00-04:00,32958.83984375,32987.01171875,32913.8984375,32935.51953125,50766901,0.0,0.0
2023-10-24 09:30:00-04:00,33089.640625,33256.6796875,33082.51171875,33256.6796875,0,0.0,0.0
2023-10-24 10:30:00-04:00,33257.46875,33272.19140625,33144.8515625,33145.55078125,41456521,0.0,0.0
2023-10-24 11:30:00-04:00,33145.7109375,33170.3984375,33024.78125,33037.12109375,34293350,0.0,0.0
2023-10-24 12:30:00-04:00,33037.03125,33063.21875,32988.4296875,33062.80859375,27643872,0.0,0.0
2023-10-24 13:30:00-04:00,33062.87890625,33121.9609375,33044.5,33121.9609375,26519978,0.0,0.0
2023-10-24 14:30:00-04:00,33123.48046875,33208.4296875,33123.48046875,33199.578125,38931000,0.0,0.0
2023-10-24 15:30:00-04:00,33199.44140625,33204.55078125,33137.23046875,33140.23046875,48593684,0.0,0.0
2023-10-25 09:30:00-04:00,33203.53125,33252.8515625,32992.8515625,33005.7890625,0,0.0,0.0
2023-10-25 10:30:00-04:00,33006.0703125,33258.890625,32989.71875,33245.62109375,44350863,0.0,0.0
2023-10-25 11:30:00-04:00,33245.05859375,33253.328125,33113.421875,33131.7109375,33422922,0.0,0.0
2023-10-25 12:30:00-04:00,33132.48046875,33174.46875,33044.4296875,33052.91015625,30213207,0.0,0.0
2023-10-25 13:30:00-04:00,33051.46875,33078.55078125,32995.48046875,33042.71875,30269397,0.0,0.0
2023-10-25 14:30:00-04:00,33042.6484375,33088.33984375,33015.9609375,33074.55078125,37195190,0.0,0.0
2023-10-25 15:30:00-04:00,33074.859375,33105.69921875,33027.8984375,33037.69921875,51474368,0.0,0.0
2023-10-26 09:30:00-04:00,33017.171875,33105.03125,32950.25,32996.73828125,0,0.0,0.0
2023-10-26 10:30:00-04:00,32996.28125,33079.3515625,32887.328125,32902.66015625,48678859,0.0,0.0
2023-10-26 11:30:00-04:00,32902.48828125,32948.4609375,32803.3984375,32855.3984375,36932482,0.0,0.0
2023-10-26 12:30:00-04:00,32855.328125,32875.390625,32772.51953125,32787.01171875,37323966,0.0,0.0
2023-10-26 13:30:00-04:00,32786.6796875,32920.23828125,32743.990234375,32912.91015625,29964628,0.0,0.0
2023-10-26 14:30:00-04:00,32916.76953125,33020.75,32886.94140625,32888.6484375,35680318,0.0,0.0
2023-10-26 15:30:00-04:00,32888.26171875,32896.640625,32768.55859375,32783.78125,54053955,0.0,0.0
2023-10-27 09:30:00-04:00,32782.3984375,32787.55859375,32666.58984375,32670.3203125,0,0.0,0.0
2023-10-27 10:30:00-04:00,32669.970703125,32753.439453125,32598.869140625,32706.16015625,47520814,0.0,0.0
2023-10-27 11:30:00-04:00,32706.349609375,32707.990234375,32570.4296875,32596.400390625,31317232,0.0,0.0
2023-10-27 12:30:00-04:00,32596.33984375,32632.8203125,32457.689453125,32489.599609375,30062385,0.0,0.0
2023-10-27 13:30:00-04:00,32489.4609375,32505.33984375,32390.560546875,32397.099609375,32798523,0.0,0.0
2023-10-27 14:30:00-04:00,32398.220703125,32474.7109375,32331.080078125,32408.5,40899314,0.0,0.0
2023-10-27 15:30:00-04:00,32407.380859375,32430.2109375,32327.19921875,32422.23046875,51997591,0.0,0.0
2023-10-30 09:30:00-04:00,32537.5390625,32745.259765625,32537.5390625,32668.009765625,0,0.0,0.0
2023-10-30 10:30:00-04:00,32668.23046875,32778.23046875,32642.9609375,32716.6796875,34881489,0.0,0.0
2023-10-30 11:30:00-04:00,32716.880859375,32799.26171875,32712.640625,32755.259765625,27166480,0.0,0.0
2023-10-30 12:30:00-04:00,32755.25,32924.58984375,32713.080078125,32914.0390625,25558312,0.0,0.0
2023-10-30 13:30:00-04:00,32914.3984375,32936.83984375,32879.69921875,32922.640625,26600399,0.0,0.0
2023-10-30 14:30:00-04:00,32922.3203125,33002.96875,32922.3203125,32978.140625,33530399,0.0,0.0
2023-10-30 15:30:00-04:00,32978.4296875,32984.828125,32924.55078125,32927.51171875,42302703,0.0,0.0
2023-10-31 09:30:00-04:00,33029.109375,33029.109375,32787.12109375,32892.03125,0,0.0,0.0
2023-10-31 10:30:00-04:00,32892.109375,32947.921875,32852.69140625,32896.140625,34224264,0.0,0.0
2023-10-31 11:30:00-04:00,32896.640625,32951.23828125,32859.0703125,32916.69921875,25996496,0.0,0.0
2023-10-31 12:30:00-04:00,32916.62890625,32990.4609375,32875.44921875,32977.08984375,22501956,0.0,0.0
2023-10-31 13:30:00-04:00,32976.96875,33040.3515625,32974.1796875,32974.1796875,24045944,0.0,0.0
2023-10-31 14:30:00-04:00,32973.98046875,33070.28125,32970.421875,33050.41015625,26175204,0.0,0.0
2023-10-31 15:30:00-04:00,33050.21875,33062.80078125,32986.55078125,33048.3203125,44738470,0.0,0.0
2023-11-01 09:30:00-04:00,33081.87109375,33225.5390625,33010.8515625,33191.890625,0,0.0,0.0
2023-11-01 10:30:00-04:00,33192.23046875,33281.0,33179.37890625,33188.62109375,34851502,0.0,0.0
2023-11-01 11:30:00-04:00,33188.578125,33197.51171875,33092.41015625,33103.390625,21977877,0.0,0.0
2023-11-01 12:30:00-04:00,33103.76953125,33137.23828125,33058.30859375,33094.01171875,22082241,0.0,0.0
2023-11-01 13:30:00-04:00,33094.19140625,33182.33984375,33064.7109375,33158.73046875,23659998,0.0,0.0
2023-11-01 14:30:00-04:00,33157.8203125,33331.359375,33058.69140625,33286.3515625,43497238,0.0,0.0
2023-11-01 15:30:00-04:00,33286.3515625,33337.1484375,33252.0703125,33277.75,44456432,0.0,0.0
2023-11-02 09:30:00-04:00,33457.8203125,33615.5390625,33450.03125,33603.30859375,0,0.0,0.0
2023-11-02 10:30:00-04:00,33603.359375,33682.5703125,33600.171875,33638.66015625,39502533,0.0,0.0
2023-11-02 11:30:00-04:00,33638.921875,33684.0390625,33621.578125,33646.94921875,25111539,0.0,0.0
2023-11-02 12:30:00-04:00,33646.640625,33731.421875,33643.5390625,33729.359375,23814680,0.0,0.0
2023-11-02 13:30:00-04:00,33729.421875,33795.21875,33729.421875,33771.1484375,23811042,0.0,0.0
2023-11-02 14:30:00-04:00,33771.140625,33803.73828125,33761.44140625,33786.2109375,30110907,0.0,0.0
2023-11-02 15:30:00-04:00,33786.8984375,33852.9609375,33784.69140625,33840.37890625,44744695,0.0,0.0
2023-11-03 09:30:00-04:00,33988.828125,34071.3984375,33970.3203125,33986.76171875,0,0.0,0.0
2023-11-03 10:30:00-04:00,33986.48046875,34044.94140625,33946.6015625,34016.28125,37532518,0.0,0.0
2023-11-03 11:30:00-04:00,34016.1015625,34110.8984375,34016.1015625,34104.55078125,29663584,0.0,0.0
2023-11-03 12:30:00-04:00,34104.37109375,34163.62890625,34070.8203125,34086.05859375,23887505,0.0,0.0
2023-11-03 13:30:00-04:00,34086.26953125,34132.578125,34076.80078125,34123.98828125,23488372,0.0,0.0
2023-11-03 14:30:00-04:00,34122.921875,34152.6015625,34090.12109375,34096.80078125,28181350,0.0,0.0
2023-11-03 15:30:00-04:00,34097.359375,34109.671875,34051.109375,34061.01171875,42615155,0.0,0.0
2023-11-06 09:30:00-05:00,34092.609375,34167.26171875,34044.98828125,34095.80078125,0,0.0,0.0
2023-11-06 10:30:00-05:00,34096.05859375,34119.21875,34076.80859375,34103.37109375,28731928,0.0,0.0
2023-11-06 11:30:00-05:00,34102.9296875,34128.16015625,34091.0703125,34100.91015625,21757948,0.0,0.0
2023-11-06 12:30:00-05:00,34100.4609375,34105.421875,34010.390625,34054.9296875,21297299,0.0,0.0
2023-11-06 13:30:00-05:00,34054.9296875,34059.1484375,33989.71875,34020.01953125,21018321,0.0,0.0
2023-11-06 14:30:00-05:00,34020.0703125,34089.21875,34017.421875,34077.73046875,25422638,0.0,0.0
2023-11-06 15:30:00-05:00,34077.640625,34105.6796875,34052.921875,34102.8203125,36582874,0.0,0.0
2023-11-07 09:30:00-05:00,34075.6484375,34142.8984375,34026.71875,34142.8984375,0,0.0,0.0
2023-11-07 10:30:00-05:00,34142.6796875,34197.9296875,34131.26171875,34169.6484375,34429111,0.0,0.0
2023-11-07 11:30:00-05:00,34169.8203125,34206.98046875,34127.05859375,34134.78125,24859375,0.0,0.0
2023-11-07 12:30:00-05:00,34134.69921875,34178.078125,34102.1796875,34158.05859375,22933535,0.0,0.0
2023-11-07 13:30:00-05:00,34158.359375,34175.91015625,34141.30078125,34167.03125,22889603,0.0,0.0
2023-11-07 14:30:00-05:00,34167.1015625,34176.671875,34135.30078125,34163.94140625,27670140,0.0,0.0
2023-11-07 15:30:00-05:00,34163.7109375,34200.578125,34108.62890625,34158.01953125,40522362,0.0,0.0
2023-11-08 09:30:00-05:00,34185.921875,34252.75,34183.48046875,34195.609375,0,0.0,0.0
2023-11-08 10:30:00-05:00,34196.390625,34200.55859375,34111.16015625,34126.109375,29249549,0.0,0.0
2023-11-08 11:30:00-05:00,34125.1484375,34137.73828125,33996.19921875,34039.578125,25715430,0.0,0.0
2023-11-08 12:30:00-05:00,34038.91015625,34084.19921875,34019.51953125,34064.890625,21832098,0.0,0.0
2023-11-08 13:30:00-05:00,34064.76171875,34104.78125,34061.94921875,34082.23046875,19071711,0.0,0.0
2023-11-08 14:30:00-05:00,34082.37890625,34093.62890625,34052.640625,34082.71875,27819672,0.0,0.0
2023-11-08 15:30:00-05:00,34083.12109375,34145.55859375,34069.16015625,34115.16015625,41493488,0.0,0.0
2023-11-09 09:30:00-05:00,34163.7109375,34167.5390625,33999.2890625,34012.19140625,0,0.0,0.0
2023-11-09 10:30:00-05:00,34011.98828125,34123.23828125,33983.25,34097.48828125,34883493,0.0,0.0
2023-11-09 11:30:00-05:00,34097.328125,34125.5,34082.76171875,34084.48046875,29640270,0.0,0.0
2023-11-09 12:30:00-05:00,34085.08984375,34116.4609375,33951.87109375,34039.578125,26710098,0.0,0.0
2023-11-09 13:30:00-05:00,34038.6484375,34047.78125,33878.25,33929.5390625,30009476,0.0,0.0
2023-11-09 14:30:00-05:00,33929.58984375,33943.4296875,33863.58984375,33873.19140625,30825600,0.0,0.0
2023-11-09 15:30:00-05:00,33873.25,33899.80078125,33859.76953125,33891.5703125,38671949,0.0,0.0
2023-11-10 09:30:00-05:00,34020.8203125,34071.23046875,33929.37109375,33950.53125,53526370,0.0,0.0
2023-11-10 10:30:00-05:00,33949.578125,34049.9609375,33905.62109375,34027.3515625,32406318,0.0,0.0
2023-11-10 11:30:00-05:00,34028.26171875,34073.6484375,34009.8515625,34066.48046875,22943342,0.0,0.0
2023-11-10 12:30:00-05:00,34066.55078125,34185.6796875,34066.55078125,34165.87890625,28394797,0.0,0.0
2023-11-10 13:30:00-05:00,34165.62109375,34228.01953125,34163.9296875,34224.98828125,23233116,0.0,0.0
2023-11-10 14:30:00-05:00,34225.05078125,34267.671875,34194.71875,34267.671875,28013306,0.0,0.0
2023-11-10 15:30:00-05:00,34268.12890625,34310.359375,34261.578125,34286.51953125,44297347,0.0,0.0
2023-11-13 09:30:00-05:00,34259.25,34276.26953125,34205.80859375,34241.609375,0,0.0,0.0
2023-11-13 10:30:00-05:00,34242.109375,34317.0703125,34239.30859375,34317.0703125,30898611,0.0,0.0
2023-11-13 11:30:00-05:00,34317.75,34405.83984375,34310.83984375,34386.01171875,26322116,0.0,0.0
2023-11-13 12:30:00-05:00,34386.01171875,34386.21875,34318.80859375,34323.1796875,18930130,0.0,0.0
2023-11-13 13:30:00-05:00,34321.55078125,34367.19921875,34304.7890625,34358.578125,19015373,0.0,0.0
2023-11-13 14:30:00-05:00,34358.578125,34376.41015625,34318.53125,34356.7890625,22057817,0.0,0.0
2023-11-13 15:30:00-05:00,34357.0390625,34362.328125,34323.30078125,34330.48828125,31589981,0.0,0.0
2023-11-14 09:30:00-05:00,34581.19921875,34853.8984375,34581.19921875,34848.6484375,0,0.0,0.0
2023-11-14 10:30:00-05:00,34849.328125,34916.640625,34837.01953125,34912.53125,34042796,0.0,0.0
2023-11-14 11:30:00-05:00,34912.6015625,34920.03125,34782.8203125,34791.9296875,28029043,0.0,0.0
2023-11-14 12:30:00-05:00,34792.26953125,34837.87890625,34790.12109375,34824.12890625,21234962,0.0,0.0
2023-11-14 13:30:00-05:00,34824.21875,34846.3515625,34767.41015625,34816.94140625,25416669,0.0,0.0
2023-11-14 14:30:00-05:00,34816.671875,34931.01171875,34816.671875,34909.0703125,33866953,0.0,0.0
2023-11-14 15:30:00-05:00,34909.23828125,34915.30859375,34794.12109375,34826.7109375,46167736,0.0,0.0
2023-11-15 09:30:00-05:00,34906.71875,34986.671875,34868.48046875,34958.78125,0,0.0,0.0
2023-11-15 10:30:00-05:00,34958.26171875,34996.859375,34940.640625,34945.9296875,40480639,0.0,0.0
2023-11-15 11:30:00-05:00,34946.2109375,34975.4296875,34876.98828125,34975.23828125,30810931,0.0,0.0
2023-11-15 12:30:00-05:00,34974.5,34979.75,34911.69921875,34965.33984375,27462941,0.0,0.0
2023-11-15 13:30:00-05:00,34965.73046875,35024.05078125,34958.5703125,35024.05078125,27961343,0.0,0.0
2023-11-15 14:30:00-05:00,35024.0703125,35043.51953125,35002.0,35028.8203125,28504241,0.0,0.0
2023-11-15 15:30:00-05:00,35028.8203125,35051.1015625,34964.9296875,34999.37890625,47743921,0.0,0.0
2023-11-16 09:30:00-05:00,34868.03125,35022.4609375,34868.03125,34935.2890625,0,0.0,0.0
2023-11-16 10:30:00-05:00,34934.98046875,34959.33984375,34839.94140625,34846.80078125,51776083,0.0,0.0
2023-11-16 11:30:00-05:00,34845.5,34884.12109375,34824.19921875,34876.2890625,37385644,0.0,0.0
2023-11-16 12:30:00-05:00,34875.80078125,34906.03125,34858.41015625,34887.3515625,37693729,0.0,0.0
2023-11-16 13:30:00-05:00,34887.3515625,34889.28125,34818.03125,34822.28125,35601674,0.0,0.0
2023-11-16 14:30:00-05:00,34821.8515625,34887.30078125,34820.421875,34884.37890625,37044749,0.0,0.0
2023-11-16 15:30:00-05:00,34884.359375,34955.19140625,34880.53125,34945.91015625,61653605,0.0,0.0
2023-11-17 09:30:00-05:00,34964.8203125,35028.21875,34889.98046875,34939.421875,0,0.0,0.0
2023-11-17 10:30:00-05:00,34940.05078125,34940.05078125,34885.0703125,34899.30078125,36403442,0.0,0.0
2023-11-17 11:30:00-05:00,34899.48046875,34958.19921875,34882.8203125,34924.53125,25152418,0.0,0.0
2023-11-17 12:30:00-05:00,34925.30078125,34941.8515625,34904.98828125,34931.890625,21737676,0.0,0.0
2023-11-17 13:30:00-05:00,34932.1484375,34992.26171875,34932.1484375,34952.8515625,27105469,0.0,0.0
2023-11-17 14:30:00-05:00,34952.640625,34985.921875,34940.640625,34972.171875,29844833,0.0,0.0
2023-11-17 15:30:00-05:00,34971.0,34973.08984375,34906.078125,34948.87109375,53873533,0.0,0.0
2023-11-20 09:30:00-05:00,34932.48828125,35046.94921875,34907.98046875,35029.37109375,0,0.0,0.0
2023-11-20 10:30:00-05:00,35028.9296875,35056.578125,35011.73828125,35037.1015625,36425063,0.0,0.0
2023-11-20 11:30:00-05:00,35038.359375,35080.41015625,35031.30078125,35071.30078125,28875417,0.0,0.0
2023-11-20 12:30:00-05:00,35071.46875,35133.8203125,35044.44140625,35122.859375,28880473,0.0,0.0
2023-11-20 13:30:00-05:00,35122.73828125,35155.0,35119.08984375,35139.62890625,26087154,0.0,0.0
2023-11-20 14:30:00-05:00,35139.421875,35222.1796875,35139.421875,35219.83984375,30497214,0.0,0.0
2023-11-20 15:30:00-05:00,35219.6484375,35227.48046875,35131.01953125,35159.28125,42745222,0.0,0.0
2023-11-21 09:30:00-05:00,35104.83984375,35118.0390625,35038.44140625,35052.69140625,0,0.0,0.0
2023-11-21 10:30:00-05:00,35053.01953125,35099.0,35039.91015625,35058.44140625,33575375,0.0,0.0
2023-11-21 11:30:00-05:00,35058.2109375,35089.9296875,35042.328125,35087.5703125,24676721,0.0,0.0
2023-11-21 12:30:00-05:00,35087.609375,35105.21875,35055.5,35063.05078125,21231415,0.0,0.0
2023-11-21 13:30:00-05:00,35063.078125,35109.5703125,35061.0390625,35085.3515625,22140909,0.0,0.0
2023-11-21 14:30:00-05:00,35085.078125,35104.28125,35051.1796875,35077.21875,24203792,0.0,0.0
2023-11-21 15:30:00-05:00,35076.1796875,35103.30859375,35052.76953125,35090.37109375,39411121,0.0,0.0
2023-11-22 09:30:00-05:00,35189.328125,35269.87890625,35155.80078125,35216.609375,0,0.0,0.0
2023-11-22 10:30:00-05:00,35216.6796875,35257.87109375,35170.2890625,35236.3515625,27805171,0.0,0.0
2023-11-22 11:30:00-05:00,35236.5390625,35315.19921875,35234.9296875,35269.12109375,21963025,0.0,0.0
2023-11-22 12:30:00-05:00,35269.171875,35282.98828125,35214.3984375,35273.0390625,18773475,0.0,0.0
2023-11-22 13:30:00-05:00,35273.078125,35275.5703125,35246.1796875,35272.890625,18593244,0.0,0.0
2023-11-22 14:30:00-05:00,35272.640625,35289.578125,35194.58984375,35289.578125,23442461,0.0,0.0
2023-11-22 15:30:00-05:00,35289.46875,35296.41015625,35267.19921875,35267.19921875,28261874,0.0,0.0
2023-11-24 09:30:00-05:00,35299.8984375,35391.5390625,35299.8984375,35388.73046875,0,0.0,0.0
2023-11-24 10:30:00-05:00,35388.8984375,35399.44140625,35362.28125,35368.5,23690945,0.0,0.0
2023-11-24 11:30:00-05:00,35377.33984375,35377.359375,35329.73046875,35342.1796875,19039121,0.0,0.0
2023-11-27 09:30:00-05:00,35376.44140625,35410.37109375,35315.62890625,35340.1796875,0,0.0,0.0
2023-11-27 10:30:00-05:00,35340.08984375,35357.578125,35306.0,35340.51953125,24703988,0.0,0.0
2023-11-27 11:30:00-05:00,35340.51171875,35343.98046875,35280.5703125,35295.80078125,24045284,0.0,0.0
2023-11-27 12:30:00-05:00,35296.19921875,35331.94140625,35289.4296875,35327.0703125,19900576,0.0,0.0
2023-11-27 13:30:00-05:00,35327.19921875,35353.73046875,35320.78125,35345.16015625,19572065,0.0,0.0
2023-11-27 14:30:00-05:00,35344.91015625,35346.37109375,35293.73828125,35340.51953125,21643757,0.0,0.0
2023-11-27 15:30:00-05:00,35341.7109375,35374.23046875,35322.2109375,35333.69921875,35995330,0.0,0.0
2023-11-28 09:30:00-05:00,35332.12890625,35369.9609375,35307.73046875,35358.3515625,0,0.0,0.0
2023-11-28 10:30:00-05:00,35358.26953125,35481.2890625,35356.25,35463.23828125,31847482,0.0,0.0
2023-11-28 11:30:00-05:00,35463.76171875,35518.671875,35455.94921875,35461.48828125,22195986,0.0,0.0
2023-11-28 12:30:00-05:00,35461.53125,35461.53125,35340.671875,35405.640625,19563332,0.0,0.0
2023-11-28 13:30:00-05:00,35405.55078125,35418.51953125,35379.98046875,35393.4296875,21307415,0.0,0.0
2023-11-28 14:30:00-05:00,35393.6484375,35444.8203125,35377.609375,35416.71875,25433165,0.0,0.0
2023-11-28 15:30:00-05:00,35416.19140625,35447.16015625,35392.05859375,35411.55078125,38660014,0.0,0.0
2023-11-29 09:30:00-05:00,35436.80078125,35517.8203125,35433.08984375,35452.08984375,0,0.0,0.0
2023-11-29 10:30:00-05:00,35451.91015625,35504.19921875,35413.359375,35428.30859375,34185855,0.0,0.0
2023-11-29 11:30:00-05:00,35427.73046875,35522.05859375,35419.19921875,35521.78125,25854296,0.0,0.0
2023-11-29 12:30:00-05:00,35521.94140625,35562.78125,35514.578125,35557.671875,21338773,0.0,0.0
2023-11-29 13:30:00-05:00,35557.640625,35579.12890625,35526.01171875,35543.66015625,24293387,0.0,0.0
2023-11-29 14:30:00-05:00,35543.87109375,35543.87109375,35420.98828125,35429.87109375,32187957,0.0,0.0
2023-11-29 15:30:00-05:00,35429.8515625,35435.58984375,35405.890625,35433.53125,40603530,0.0,0.0
2023-11-30 09:30:00-05:00,35596.5703125,35725.109375,35592.21875,35695.1015625,60334115,0.0,0.0
2023-11-30 10:30:00-05:00,35694.37109375,35776.390625,35686.71875,35753.3984375,37067415,0.0,0.0
2023-11-30 11:30:00-05:00,35752.44140625,35757.58984375,35645.8984375,35662.44921875,25599768,0.0,0.0
2023-11-30 12:30:00-05:00,35662.62109375,35719.12890625,35658.1796875,35682.6796875,19073757,0.0,0.0
2023-11-30 13:30:00-05:00,35682.87890625,35778.91015625,35662.46875,35772.078125,24748632,0.0,0.0
2023-11-30 14:30:00-05:00,35772.25,35827.78125,35752.640625,35772.421875,29314328,0.0,0.0
2023-11-30 15:30:00-05:00,35772.33984375,35970.69921875,35765.28125,35946.109375,58157167,0.0,0.0
2023-12-01 09:30:00-05:00,35914.44921875,36070.1796875,35914.44921875,35993.171875,0,0.0,0.0
2023-12-01 10:30:00-05:00,35993.578125,36071.26953125,35937.109375,36064.73046875,42085955,0.0,0.0
2023-12-01 11:30:00-05:00,36063.7109375,36198.37109375,36032.55078125,36196.109375,35450599,0.0,0.0
2023-12-01 12:30:00-05:00,36196.25,36264.8515625,36185.44921875,36195.19921875,28407958,0.0,0.0
2023-12-01 13:30:00-05:00,36195.05078125,36215.83984375,36174.1015625,36200.578125,27603685,0.0,0.0
2023-12-01 14:30:00-05:00,36200.8203125,36240.48046875,36182.3203125,36222.12109375,29509899,0.0,0.0
2023-12-01 15:30:00-05:00,36222.51953125,36261.6484375,36205.30078125,36244.05078125,44512564,0.0,0.0
2023-12-04 09:30:00-05:00,36089.37890625,36238.1796875,36029.69140625,36118.08984375,0,0.0,0.0
2023-12-04 10:30:00-05:00,36117.359375,36127.62109375,36059.4609375,36094.23828125,41933313,0.0,0.0
2023-12-04 11:30:00-05:00,36094.21875,36148.12109375,36063.98046875,36139.37890625,27526168,0.0,0.0
2023-12-04 12:30:00-05:00,36139.1796875,36184.01171875,36130.48046875,36163.6796875,22970101,0.0,0.0
2023-12-04 13:30:00-05:00,36163.6796875,36191.44140625,36152.30859375,36162.1015625,24417683,0.0,0.0
2023-12-04 14:30:00-05:00,36163.16015625,36202.76171875,36153.140625,36177.08984375,28684689,0.0,0.0
2023-12-04 15:30:00-05:00,36176.96875,36232.76171875,36158.328125,36202.69921875,43727254,0.0,0.0
2023-12-05 09:30:00-05:00,36135.6484375,36135.6484375,36010.8515625,36094.4609375,0,0.0,0.0
2023-12-05 10:30:00-05:00,36094.62109375,36151.30078125,36035.5,36096.5390625,37017573,0.0,0.0
2023-12-05 11:30:00-05:00,36095.921875,36113.25,36033.58984375,36094.69921875,30535717,0.0,0.0
2023-12-05 12:30:00-05:00,36094.53125,36139.48828125,36052.12109375,36130.23046875,24205840,0.0,0.0
2023-12-05 13:30:00-05:00,36130.16015625,36147.76953125,36102.44921875,36114.75,23764289,0.0,0.0
2023-12-05 14:30:00-05:00,36114.55859375,36158.76953125,36094.3515625,36152.6015625,26268363,0.0,0.0
2023-12-05 15:30:00-05:00,36152.5,36164.6796875,36104.3984375,36131.26953125,41898519,0.0,0.0
2023-12-06 09:30:00-05:00,36183.73046875,36292.578125,36183.73046875,36208.94140625,0,0.0,0.0
2023-12-06 10:30:00-05:00,36209.921875,36224.51171875,36149.83984375,36167.3203125,32944261,0.0,0.0
2023-12-06 11:30:00-05:00,36166.91015625,36169.76171875,36119.28125,36138.8203125,26431115,0.0,0.0
2023-12-06 12:30:00-05:00,36138.19921875,36177.30859375,36120.94140625,36176.23046875,22261285,0.0,0.0
2023-12-06 13:30:00-05:00,36176.28125,36192.7890625,36131.37890625,36136.578125,22103140,0.0,0.0
2023-12-06 14:30:00-05:00,36136.5390625,36157.48828125,36060.51953125,36071.48828125,26385774,0.0,0.0
2023-12-06 15:30:00-05:00,36071.01953125,36083.7109375,36024.25,36064.171875,39447243,0.0,0.0
2023-12-07 09:30:00-05:00,36124.171875,36151.05859375,36032.94921875,36093.640625,0,0.0,0.0
2023-12-07 10:30:00-05:00,36093.05078125,36118.859375,36021.94921875,36044.69140625,31991166,0.0,0.0
2023-12-07 11:30:00-05:00,36044.51953125,36107.76953125,36035.078125,36099.6484375,30300851,0.0,0.0
2023-12-07 12:30:00-05:00,36100.0390625,36153.23828125,36098.328125,36140.98828125,23440355,0.0,0.0
2023-12-07 13:30:00-05:00,36141.140625,36164.171875,36134.94140625,36149.80859375,21992056,0.0,0.0
2023-12-07 14:30:00-05:00,36150.08984375,36154.4296875,36106.6796875,36123.23046875,25574197,0.0,0.0
2023-12-07 15:30:00-05:00,36123.37890625,36134.73046875,36093.859375,36117.640625,35908236,0.0,0.0
2023-12-08 09:30:00-05:00,36084.8203125,36261.98828125,36061.640625,36210.51171875,52430822,0.0,0.0
2023-12-08 10:30:00-05:00,36210.328125,36246.3203125,36109.8203125,36141.62890625,30740098,0.0,0.0
2023-12-08 11:30:00-05:00,36140.87890625,36159.94140625,36083.5,36157.66015625,27660893,0.0,0.0
2023-12-08 12:30:00-05:00,36157.08984375,36221.359375,36142.25,36211.55078125,20582442,0.0,0.0
2023-12-08 13:30:00-05:00,36211.640625,36230.359375,36177.421875,36224.6015625,20234444,0.0,0.0
2023-12-08 14:30:00-05:00,36224.46875,36277.6796875,36218.0,36270.75,27406674,0.0,0.0
2023-12-08 15:30:00-05:00,36270.828125,36296.19921875,36236.80078125,36240.05078125,37676675,0.0,0.0
2023-12-11 09:30:00-05:00,36254.328125,36335.21875,36231.19140625,36298.48828125,0,0.0,0.0
2023-12-11 10:30:00-05:00,36298.71875,36371.890625,36291.8515625,36356.859375,39277626,0.0,0.0
2023-12-11 11:30:00-05:00,36357.62109375,36359.0390625,36301.96875,36309.328125,27046936,0.0,0.0
2023-12-11 12:30:00-05:00,36309.76953125,36390.1015625,36304.1015625,36377.01171875,21720254,0.0,0.0
2023-12-11 13:30:00-05:00,36376.98828125,36390.2890625,36337.640625,36350.23046875,26471328,0.0,0.0
2023-12-11 14:30:00-05:00,36350.03125,36375.8515625,36337.30859375,36362.26171875,33243480,0.0,0.0
2023-12-11 15:30:00-05:00,36362.640625,36416.1796875,36350.44921875,36405.30078125,39019735,0.0,0.0
2023-12-12 09:30:00-05:00,36442.1015625,36492.53125,36373.21875,36485.48828125,0,0.0,0.0
2023-12-12 10:30:00-05:00,36485.44921875,36531.96875,36475.828125,36502.4609375,31860112,0.0,0.0
2023-12-12 11:30:00-05:00,36502.921875,36559.9609375,36502.4296875,36554.76953125,28496398,0.0,0.0
2023-12-12 12:30:00-05:00,36555.3203125,36567.75,36500.7109375,36513.69140625,22363915,0.0,0.0
2023-12-12 13:30:00-05:00,36513.83984375,36539.75,36502.33984375,36525.44140625,23357721,0.0,0.0
2023-12-12 14:30:00-05:00,36525.5,36596.109375,36525.5,36586.28125,27776407,0.0,0.0
2023-12-12 15:30:00-05:00,36586.25,36592.44921875,36550.3515625,36578.69921875,37792714,0.0,0.0
2023-12-13 09:30:00-05:00,36601.80078125,36602.921875,36523.58984375,36574.6484375,0,0.0,0.0
2023-12-13 10:30:00-05:00,36574.48046875,36619.83984375,36563.8984375,36595.1484375,33453295,0.0,0.0
2023-12-13 11:30:00-05:00,36595.6484375,36605.9296875,36571.7109375,36576.75,23370752,0.0,0.0
2023-12-13 12:30:00-05:00,36576.69140625,36603.48046875,36569.7890625,36578.76171875,21153651,0.0,0.0
2023-12-13 13:30:00-05:00,36578.73046875,36826.1015625,36575.12109375,36810.26171875,35657169,0.0,0.0
2023-12-13 14:30:00-05:00,36810.25,37057.80859375,36802.828125,36963.2109375,56521593,0.0,0.0
2023-12-13 15:30:00-05:00,36963.19140625,37093.73046875,36928.921875,37093.73046875,55939419,0.0,0.0
2023-12-14 09:30:00-05:00,37115.62890625,37223.171875,37088.2890625,37161.44921875,0,0.0,0.0
2023-12-14 10:30:00-05:00,37164.21875,37219.75,37125.37109375,37162.5390625,58003585,0.0,0.0
2023-12-14 11:30:00-05:00,37162.91015625,37276.8203125,37148.1015625,37269.671875,40240668,0.0,0.0
2023-12-14 12:30:00-05:00,37270.76171875,37287.5,37148.80859375,37150.33984375,38040502,0.0,0.0
2023-12-14 13:30:00-05:00,37151.26171875,37173.6015625,37051.51953125,37168.80078125,40139351,0.0,0.0
2023-12-14 14:30:00-05:00,37169.8515625,37225.578125,37153.48828125,37207.609375,44932551,0.0,0.0
2023-12-14 15:30:00-05:00,37208.8984375,37261.69921875,37185.26171875,37261.69921875,60718177,0.0,0.0
2023-12-15 09:30:00-05:00,37194.5,37250.16015625,37092.01953125,37183.53125,0,0.0,0.0
2023-12-15 10:30:00-05:00,37181.69921875,37270.62890625,37173.41015625,37262.80078125,41821035,0.0,0.0
2023-12-15 11:30:00-05:00,37281.55859375,37295.62109375,37252.6484375,37289.71875,32980447,0.0,0.0
2023-12-15 12:30:00-05:00,37290.25,37292.41015625,37245.58984375,37271.1484375,30146081,0.0,0.0
2023-12-15 13:30:00-05:00,37270.58984375,37282.03125,37154.16015625,37154.16015625,30026148,0.0,0.0
2023-12-15 14:30:00-05:00,37153.01171875,37233.0390625,37152.33984375,37227.12890625,33292317,0.0,0.0
2023-12-15 15:30:00-05:00,37227.05078125,37347.6015625,37205.51953125,37272.5390625,68480053,0.0,0.0
2023-12-18 09:30:00-05:00,37330.140625,37384.5390625,37300.9296875,37324.7109375,0,0.0,0.0
2023-12-18 10:30:00-05:00,37324.55078125,37392.7109375,37296.109375,37385.01171875,32809788,0.0,0.0
2023-12-18 11:30:00-05:00,37384.73828125,37393.44921875,37351.91015625,37362.37890625,25341384,0.0,0.0
2023-12-18 12:30:00-05:00,37362.3515625,37365.171875,37309.7109375,37330.51171875,21575542,0.0,0.0
2023-12-18 13:30:00-05:00,37330.30859375,37344.21875,37300.83984375,37307.03125,23813021,0.0,0.0
2023-12-18 14:30:00-05:00,37307.12109375,37349.7109375,37284.8515625,37341.48046875,25408381,0.0,0.0
2023-12-18 15:30:00-05:00,37339.91015625,37339.91015625,37301.578125,37308.51953125,35297679,0.0,0.0
2023-12-19 09:30:00-05:00,37311.8203125,37479.69921875,37311.8203125,37469.94921875,0,0.0,0.0
2023-12-19 10:30:00-05:00,37469.890625,37534.6015625,37462.46875,37525.12890625,28651772,0.0,0.0
2023-12-19 11:30:00-05:00,37523.921875,37533.48046875,37463.55859375,37470.859375,23300416,0.0,0.0
2023-12-19 12:30:00-05:00,37470.91015625,37512.578125,37469.890625,37498.5390625,21644048,0.0,0.0
2023-12-19 13:30:00-05:00,37498.55859375,37525.37890625,37483.76953125,37508.48046875,20607222,0.0,0.0
2023-12-19 14:30:00-05:00,37508.48046875,37517.76171875,37480.0,37499.83984375,24366507,0.0,0.0
2023-12-19 15:30:00-05:00,37500.73046875,37562.828125,37493.16015625,37557.3203125,33690238,0.0,0.0
2023-12-20 09:30:00-05:00,37520.12890625,37539.51171875,37460.609375,37515.73828125,0,0.0,0.0
2023-12-20 10:30:00-05:00,37515.69140625,37587.9296875,37515.671875,37587.6796875,28367612,0.0,0.0
2023-12-20 11:30:00-05:00,37588.05859375,37631.05859375,37560.8203125,37628.30859375,22275703,0.0,0.0
2023-12-20 12:30:00-05:00,37628.98828125,37641.30078125,37590.69921875,37600.94921875,18270423,0.0,0.0
2023-12-20 13:30:00-05:00,37600.62109375,37615.5703125,37556.359375,37564.01171875,20244011,0.0,0.0
2023-12-20 14:30:00-05:00,37564.359375,37568.0703125,37200.83984375,37208.30859375,43375779,0.0,0.0
2023-12-20 15:30:00-05:00,37207.69140625,37246.80078125,37073.0390625,37081.6015625,46063861,0.0,0.0
2023-12-21 09:30:00-05:00,37225.3203125,37408.6796875,37225.3203125,37305.80078125,0,0.0,0.0
2023-12-21 10:30:00-05:00,37307.01953125,37337.03125,37267.6015625,37324.3203125,24938623,0.0,0.0
2023-12-21 11:30:00-05:00,37323.890625,37329.4609375,37162.87890625,37177.9609375,23354826,0.0,0.0
2023-12-21 12:30:00-05:00,37178.171875,37222.3203125,37127.05078125,37220.48046875,20915240,0.0,0.0
2023-12-21 13:30:00-05:00,37220.03125,37261.75,37199.4296875,37250.6015625,19881322,0.0,0.0
2023-12-21 14:30:00-05:00,37250.328125,37344.1015625,37210.03125,37340.19921875,24790520,0.0,0.0
2023-12-21 15:30:00-05:00,37342.51953125,37418.76171875,37327.109375,37407.30859375,34333169,0.0,0.0
2023-12-22 09:30:00-05:00,37349.26953125,37534.51953125,37349.26953125,37518.19921875,59640039,0.0,0.0
2023-12-22 10:30:00-05:00,37518.25,37530.41015625,37401.94921875,37446.8203125,34689031,0.0,0.0
2023-12-22 11:30:00-05:00,37447.078125,37471.73046875,37424.62109375,37442.4296875,21818227,0.0,0.0
2023-12-22 12:30:00-05:00,37442.2109375,37477.19140625,37426.66015625,37465.921875,19189254,0.0,0.0
2023-12-22 13:30:00-05:00,37465.421875,37468.578125,37284.01953125,37287.87109375,22145752,0.0,0.0
2023-12-22 14:30:00-05:00,37287.94921875,37424.6484375,37268.87890625,37421.51953125,23873001,0.0,0.0
2023-12-22 15:30:00-05:00,37421.171875,37423.2109375,37346.80859375,37390.48046875,31049188,0.0,0.0
2023-12-26 09:30:00-05:00,37405.8984375,37496.3515625,37371.828125,37476.19140625,0,0.0,0.0
2023-12-26 10:30:00-05:00,37476.6796875,37510.80859375,37466.8203125,37474.44921875,27137883,0.0,0.0
2023-12-26 11:30:00-05:00,37474.30078125,37521.23828125,37473.87109375,37508.94921875,22987677,0.0,0.0
2023-12-26 12:30:00-05:00,37509.33984375,37535.33984375,37492.46875,37526.7890625,17957471,0.0,0.0
2023-12-26 13:30:00-05:00,37526.671875,37558.51171875,37516.828125,37555.83984375,17636299,0.0,0.0
2023-12-26 14:30:00-05:00,37555.75,37617.98828125,37551.98828125,37583.4609375,19632910,0.0,0.0
2023-12-26 15:30:00-05:00,37584.23828125,37601.6796875,37523.55078125,37546.7890625,27936600,0.0,0.0
2023-12-27 09:30:00-05:00,37518.62109375,37629.05078125,37488.6015625,37621.44140625,0,0.0,0.0
2023-12-27 10:30:00-05:00,37621.19921875,37632.21875,37574.109375,37591.73828125,25810291,0.0,0.0
2023-12-27 11:30:00-05:00,37591.87109375,37636.98828125,37587.171875,37619.94921875,21170771,0.0,0.0
2023-12-27 12:30:00-05:00,37619.8515625,37683.69921875,37588.1015625,37643.26953125,23303492,0.0,0.0
2023-12-27 13:30:00-05:00,37643.75,37655.3984375,37546.1015625,37609.80078125,21776194,0.0,0.0
2023-12-27 14:30:00-05:00,37610.0390625,37619.3203125,37565.62890625,37605.87109375,20346698,0.0,0.0
2023-12-27 15:30:00-05:00,37605.890625,37668.83984375,37565.55078125,37668.83984375,31317489,0.0,0.0
2023-12-28 09:30:00-05:00,37661.51953125,37731.3203125,37650.98046875,37723.94921875,0,0.0,0.0
2023-12-28 10:30:00-05:00,37723.87890625,37742.66015625,37681.3203125,37694.859375,23881901,0.0,0.0
2023-12-28 11:30:00-05:00,37694.94921875,37730.16015625,37688.30859375,37699.30859375,17182050,0.0,0.0
2023-12-28 12:30:00-05:00,37699.1484375,37752.69921875,37687.37890625,37726.41015625,17616164,0.0,0.0
2023-12-28 13:30:00-05:00,37726.609375,37760.75,37721.76171875,37754.21875,15849714,0.0,0.0
2023-12-28 14:30:00-05:00,37754.28125,37768.69140625,37725.51953125,37750.9609375,19664165,0.0,0.0
2023-12-28 15:30:00-05:00,37751.19921875,37778.8515625,37689.5703125,37719.7890625,33498793,0.0,0.0
2023-12-29 09:30:00-05:00,37701.62890625,37759.4296875,37696.8984375,37726.44140625,0,0.0,0.0
2023-12-29 10:30:00-05:00,37727.0,37731.69921875,37591.5703125,37594.1796875,26947554,0.0,0.0
2023-12-29 11:30:00-05:00,37593.1484375,37615.98828125,37538.80078125,37559.12109375,20343050,0.0,0.0
2023-12-29 12:30:00-05:00,37559.23046875,37662.6796875,37556.37109375,37618.3515625,18970328,0.0,0.0
2023-12-29 13:30:00-05:00,37618.4296875,37683.51953125,37618.359375,37659.37109375,16715404,0.0,0.0
2023-12-29 14:30:00-05:00,37659.37109375,37707.08984375,37658.69921875,37702.33984375,19402600,0.0,0.0
2023-12-29 15:30:00-05:00,37702.48046875,37720.21875,37629.359375,37696.94921875,41009702,0.0,0.0
2024-01-02 09:30:00-05:00,37566.21875,37696.4609375,37495.91015625,37658.94921875,0,0.0,0.0
2024-01-02 10:30:00-05:00,37657.6484375,37723.26171875,37630.9296875,37684.30078125,42500905,0.0,0.0
2024-01-02 11:30:00-05:00,37685.08984375,37772.0390625,37665.6484375,37748.16015625,29542171,0.0,0.0
2024-01-02 12:30:00-05:00,37748.16015625,37790.078125,37727.12109375,37737.01171875,22981996,0.0,0.0
2024-01-02 13:30:00-05:00,37735.76953125,37752.0703125,37654.6015625,37677.8515625,26341790,0.0,0.0
2024-01-02 14:30:00-05:00,37677.44921875,37687.98046875,37583.9296875,37615.80859375,33097272,0.0,0.0
2024-01-02 15:30:00-05:00,37614.83984375,37728.78125,37606.26953125,37723.87109375,49512778,0.0,0.0
2024-01-03 09:30:00-05:00,37629.23046875,37629.23046875,37468.75,37501.30859375,71531568,0.0,0.0
2024-01-03 10:30:00-05:00,37497.19140625,37510.8203125,37406.8984375,37479.55078125,36265275,0.0,0.0
2024-01-03 11:30:00-05:00,37479.5390625,37497.62890625,37442.609375,37486.5390625,28237879,0.0,0.0
2024-01-03 12:30:00-05:00,37486.609375,37588.73046875,37481.41015625,37573.640625,23473797,0.0,0.0
2024-01-03 13:30:00-05:00,37573.37109375,37610.328125,37470.94921875,37598.19140625,25321992,0.0,0.0
2024-01-03 14:30:00-05:00,37598.30078125,37614.078125,37454.41015625,37477.6796875,27726605,0.0,0.0
2024-01-03 15:30:00-05:00,37477.71875,37514.73046875,37401.8515625,37425.30859375,43841163,0.0,0.0
2024-01-04 09:30:00-05:00,37425.28125,37642.73828125,37425.28125,37602.171875,0,0.0,0.0
2024-01-04 10:30:00-05:00,37601.7109375,37716.41015625,37589.21875,37694.44140625,50982727,0.0,0.0
2024-01-04 11:30:00-05:00,37695.33984375,37709.6484375,37570.7109375,37571.890625,37650769,0.0,0.0
2024-01-04 12:30:00-05:00,37574.8203125,37575.12890625,37512.01953125,37568.30078125,28127782,0.0,0.0
2024-01-04 13:30:00-05:00,37568.359375,37574.58984375,37531.48828125,37534.9609375,22030489,0.0,0.0
2024-01-04 14:30:00-05:00,37535.16015625,37568.53125,37490.9609375,37505.671875,30401424,0.0,0.0
2024-01-04 15:30:00-05:00,37505.62109375,37534.58984375,37436.05078125,37453.19140625,49904997,0.0,0.0
2024-01-05 09:30:00-05:00,37455.4609375,37623.62109375,37394.6796875,37530.890625,0,0.0,0.0
2024-01-05 10:30:00-05:00,37530.75,37585.05078125,37494.55078125,37501.83984375,35893650,0.0,0.0
2024-01-05 11:30:00-05:00,37501.44921875,37513.26953125,37347.48046875,37350.46875,29643916,0.0,0.0
2024-01-05 12:30:00-05:00,37350.66015625,37430.62109375,37323.8203125,37430.55859375,22155889,0.0,0.0
2024-01-05 13:30:00-05:00,37430.51171875,37519.37890625,37430.51171875,37474.859375,28621544,0.0,0.0
2024-01-05 14:30:00-05:00,37474.41015625,37500.0703125,37377.23046875,37417.53125,28685312,0.0,0.0
2024-01-05 15:30:00-05:00,37416.9296875,37500.1796875,37372.359375,37461.578125,38123135,0.0,0.0
2024-01-08 09:30:00-05:00,37327.37109375,37366.30078125,37249.23828125,37365.05078125,0,0.0,0.0
2024-01-08 10:30:00-05:00,37365.46875,37431.44921875,37342.30078125,37385.69921875,37834208,0.0,0.0
2024-01-08 11:30:00-05:00,37387.51171875,37436.328125,37368.578125,37385.828125,30883862,0.0,0.0
2024-01-08 12:30:00-05:00,37385.96875,37483.1015625,37382.9609375,37434.21875,25812595,0.0,0.0
2024-01-08 13:30:00-05:00,37434.3515625,37587.3203125,37430.37109375,37580.69921875,26175951,0.0,0.0
2024-01-08 14:30:00-05:00,37580.78125,37644.328125,37580.78125,37603.6796875,35060562,0.0,0.0
2024-01-08 15:30:00-05:00,37605.19140625,37692.921875,37601.75,37680.0703125,48430068,0.0,0.0
2024-01-09 09:30:00-05:00,37523.55078125,37523.55078125,37373.30078125,37428.05859375,0,0.0,0.0
2024-01-09 10:30:00-05:00,37428.01953125,37466.8984375,37396.76171875,37464.19140625,32957073,0.0,0.0
2024-01-09 11:30:00-05:00,37463.98828125,37535.96875,37452.828125,37530.19140625,25932025,0.0,0.0
2024-01-09 12:30:00-05:00,37530.30859375,37548.2890625,37467.46875,37476.921875,20835194,0.0,0.0
2024-01-09 13:30:00-05:00,37475.19921875,37552.37890625,37434.03125,37470.78125,24703073,0.0,0.0
2024-01-09 14:30:00-05:00,37470.91015625,37532.609375,37462.078125,37498.21875,27738784,0.0,0.0
2024-01-09 15:30:00-05:00,37497.19140625,37541.8984375,37481.6015625,37521.41015625,41351438,0.0,0.0
2024-01-10 09:30:00-05:00,37552.91015625,37656.421875,37524.3984375,37579.83984375,0,0.0,0.0
2024-01-10 10:30:00-05:00,37579.44921875,37610.8515625,37544.26171875,37572.44921875,32357705,0.0,0.0
2024-01-10 11:30:00-05:00,37573.1796875,37584.2890625,37543.7109375,37577.48828125,22692837,0.0,0.0
2024-01-10 12:30:00-05:00,37577.828125,37614.921875,37552.37109375,37572.7890625,20564356,0.0,0.0
2024-01-10 13:30:00-05:00,37572.890625,37691.98828125,37566.3984375,37684.53125,24391021,0.0,0.0
2024-01-10 14:30:00-05:00,37684.98828125,37740.76953125,37648.73828125,37663.62890625,30084292,0.0,0.0
2024-01-10 15:30:00-05:00,37663.2890625,37711.80078125,37609.23046875,37686.0703125,43681995,0.0,0.0
2024-01-11 09:30:00-05:00,37747.140625,37801.8984375,37442.1484375,37548.94140625,0,0.0,0.0
2024-01-11 10:30:00-05:00,37549.30078125,37580.9609375,37428.87890625,37474.859375,36011581,0.0,0.0
2024-01-11 11:30:00-05:00,37471.69140625,37503.16015625,37424.28125,37467.2109375,26455743,0.0,0.0
2024-01-11 12:30:00-05:00,37467.171875,37612.19921875,37467.171875,37595.421875,22874421,0.0,0.0
2024-01-11 13:30:00-05:00,37595.19140625,37677.9609375,37578.26953125,37671.921875,23613316,0.0,0.0
2024-01-11 14:30:00-05:00,37671.5390625,37737.9609375,37649.62109375,37680.08984375,32501438,0.0,0.0
2024-01-11 15:30:00-05:00,37680.46875,37734.3203125,37666.26953125,37709.9296875,42268666,0.0,0.0
2024-01-12 09:30:00-05:00,37818.05078125,37825.26953125,37532.6484375,37558.62890625,0,0.0,0.0
2024-01-12 10:30:00-05:00,37561.2109375,37585.16015625,37470.19140625,37544.16015625,33875795,0.0,0.0
2024-01-12 11:30:00-05:00,37544.328125,37566.30078125,37481.62109375,37519.1484375,24451993,0.0,0.0
2024-01-12 12:30:00-05:00,37518.8203125,37585.51953125,37500.6484375,37575.12109375,18193041,0.0,0.0
2024-01-12 13:30:00-05:00,37574.87890625,37633.01953125,37568.48046875,37605.98046875,20365137,0.0,0.0
2024-01-12 14:30:00-05:00,37605.8515625,37605.890625,37533.48046875,37556.1796875,25451168,0.0,0.0
2024-01-12 15:30:00-05:00,37555.7109375,37607.26953125,37545.1015625,37590.640625,36154700,0.0,0.0
2024-01-16 09:30:00-05:00,37493.5390625,37543.1796875,37324.58984375,37488.48046875,0,0.0,0.0
2024-01-16 10:30:00-05:00,37488.51953125,37507.7890625,37356.53125,37415.078125,49998156,0.0,0.0
2024-01-16 11:30:00-05:00,37415.109375,37456.19921875,37331.3203125,37331.4609375,32578016,0.0,0.0
2024-01-16 12:30:00-05:00,37331.4296875,37366.46875,37294.3984375,37363.421875,28545255,0.0,0.0
2024-01-16 13:30:00-05:00,37363.44140625,37374.55859375,37201.390625,37234.8984375,31290023,0.0,0.0
2024-01-16 14:30:00-05:00,37234.921875,37300.75,37218.03125,37278.5,31591349,0.0,0.0
2024-01-16 15:30:00-05:00,37278.62109375,37363.94921875,37264.8984375,37351.5390625,43472673,0.0,0.0
2024-01-17 09:30:00-05:00,37281.859375,37326.51953125,37190.2890625,37295.078125,0,0.0,0.0
2024-01-17 10:30:00-05:00,37294.73828125,37366.140625,37273.30859375,37337.0,35681765,0.0,0.0
2024-01-17 11:30:00-05:00,37336.73828125,37371.66015625,37259.51171875,37267.58984375,26007647,0.0,0.0
2024-01-17 12:30:00-05:00,37267.390625,37282.0,37195.53125,37206.3984375,22202780,0.0,0.0
2024-01-17 13:30:00-05:00,37206.46875,37213.44921875,37132.890625,37203.80859375,27352029,0.0,0.0
2024-01-17 14:30:00-05:00,37203.91015625,37229.8984375,37156.30859375,37169.19140625,27732590,0.0,0.0
2024-01-17 15:30:00-05:00,37169.30859375,37296.8515625,37167.25,37271.2890625,38241036,0.0,0.0
2024-01-18 09:30:00-05:00,37300.80859375,37300.80859375,37122.94921875,37222.4296875,0,0.0,0.0
2024-01-18 10:30:00-05:00,37223.71875,37285.78125,37185.4296875,37244.75,42928143,0.0,0.0
2024-01-18 11:30:00-05:00,37245.5390625,37292.51171875,37157.05859375,37198.37890625,36251809,0.0,0.0
2024-01-18 12:30:00-05:00,37198.66015625,37221.1015625,37158.62890625,37195.7109375,24897897,0.0,0.0
2024-01-18 13:30:00-05:00,37195.609375,37406.359375,37193.51171875,37404.75,27920580,0.0,0.0
2024-01-18 14:30:00-05:00,37403.73828125,37480.03125,37361.37109375,37480.03125,31567212,0.0,0.0
2024-01-18 15:30:00-05:00,37480.30859375,37522.2890625,37443.609375,37468.671875,40545872,0.0,0.0
2024-01-19 09:30:00-05:00,37572.5,37611.5,37451.7109375,37561.640625,0,0.0,0.0
2024-01-19 10:30:00-05:00,37560.98828125,37661.44140625,37507.01171875,37632.75,36126962,0.0,0.0
2024-01-19 11:30:00-05:00,37633.53125,37648.9296875,37574.8984375,37642.96875,32538111,0.0,0.0
2024-01-19 12:30:00-05:00,37643.48828125,37784.8203125,37639.0390625,37783.640625,31239196,0.0,0.0
2024-01-19 13:30:00-05:00,37783.4296875,37933.73046875,37783.4296875,37877.2109375,36674444,0.0,0.0
2024-01-19 14:30:00-05:00,37877.94140625,37901.5703125,37838.921875,37863.87109375,37495654,0.0,0.0
2024-01-19 15:30:00-05:00,37864.73828125,37871.25,37827.66015625,37852.76171875,47648881,0.0,0.0
2024-01-22 09:30:00-05:00,37919.55078125,38109.19921875,37911.609375,38088.96875,0,0.0,0.0
2024-01-22 10:30:00-05:00,38089.8203125,38096.7890625,37985.62109375,38013.55859375,43041637,0.0,0.0
2024-01-22 11:30:00-05:00,38017.33984375,38019.671875,37968.328125,37993.640625,29378211,0.0,0.0
2024-01-22 12:30:00-05:00,37993.578125,37997.671875,37916.9609375,37920.9609375,26153335,0.0,0.0
2024-01-22 13:30:00-05:00,37920.51171875,37994.51171875,37916.359375,37972.4296875,25370327,0.0,0.0
2024-01-22 14:30:00-05:00,37972.03125,38013.78125,37952.28125,38005.62109375,28355070,0.0,0.0
2024-01-22 15:30:00-05:00,38005.7890625,38019.76171875,37980.0,38008.73046875,41106591,0.0,0.0
2024-01-23 09:30:00-05:00,37959.7890625,37980.73046875,37893.87109375,37937.94140625,78017334,0.0,0.0
2024-01-23 10:30:00-05:00,37938.1015625,37938.75,37812.98828125,37820.73046875,42714503,0.0,0.0
2024-01-23 11:30:00-05:00,37820.05078125,37846.2109375,37804.98828125,37831.3515625,31470832,0.0,0.0
2024-01-23 12:30:00-05:00,37831.578125,37870.12890625,37814.421875,37857.578125,26542464,0.0,0.0
2024-01-23 13:30:00-05:00,37857.80078125,37899.0390625,37846.33984375,37871.5390625,24961202,0.0,0.0
2024-01-23 14:30:00-05:00,37871.62109375,37936.41015625,37863.828125,37913.5,37692667,0.0,0.0
2024-01-23 15:30:00-05:00,37913.12890625,37927.48046875,37881.2109375,37904.19921875,48046879,0.0,0.0
2024-01-24 09:30:00-05:00,37975.37109375,38064.21875,37924.48046875,37951.76953125,0,0.0,0.0
2024-01-24 10:30:00-05:00,37952.8203125,38053.98828125,37934.53125,38038.23046875,41589559,0.0,0.0
2024-01-24 11:30:00-05:00,38038.19140625,38060.609375,37999.25,38022.05859375,33135873,0.0,0.0
2024-01-24 12:30:00-05:00,38022.671875,38050.08984375,37948.390625,37968.7890625,30134412,0.0,0.0
2024-01-24 13:30:00-05:00,37968.578125,37969.05078125,37858.94921875,37880.828125,31033068,0.0,0.0
2024-01-24 14:30:00-05:00,37880.8984375,37931.98828125,37841.26171875,37851.21875,33297383,0.0,0.0
2024-01-24 15:30:00-05:00,37851.4296875,37895.328125,37795.7109375,37810.48828125,43062359,0.0,0.0
2024-01-25 09:30:00-05:00,37862.5703125,38037.48046875,37855.8203125,37988.12109375,0,0.0,0.0
2024-01-25 10:30:00-05:00,37988.8984375,37991.9609375,37829.62890625,37914.37890625,49329856,0.0,0.0
2024-01-25 11:30:00-05:00,37914.3515625,37924.51171875,37822.41015625,37837.05859375,39658421,0.0,0.0
2024-01-25 12:30:00-05:00,37837.0703125,37879.0703125,37796.46875,37839.80859375,36148153,0.0,0.0
2024-01-25 13:30:00-05:00,37840.140625,37895.390625,37815.01171875,37888.28125,36859094,0.0,0.0
2024-01-25 14:30:00-05:00,37888.390625,37928.26953125,37856.359375,37919.9296875,37881775,0.0,0.0
2024-01-25 15:30:00-05:00,37919.98046875,38057.53125,37915.44921875,38057.53125,54253030,0.0,0.0
2024-01-26 09:30:00-05:00,38006.6796875,38134.75,37997.76953125,38128.859375,104416028,0.0,0.0
2024-01-26 10:30:00-05:00,38128.078125,38215.30859375,38126.109375,38171.28125,44252365,0.0,0.0
2024-01-26 11:30:00-05:00,38170.7890625,38184.26953125,38123.26953125,38155.078125,35031309,0.0,0.0
2024-01-26 12:30:00-05:00,38155.55859375,38155.55859375,38037.48046875,38094.25,38368532,0.0,0.0
2024-01-26 13:30:00-05:00,38094.6796875,38099.640625,38022.98828125,38073.21875,26613143,0.0,0.0
2024-01-26 14:30:00-05:00,38073.08984375,38130.80078125,38058.48046875,38091.9609375,31602188,0.0,0.0
2024-01-26 15:30:00-05:00,38092.01953125,38127.26171875,38072.30859375,38105.28125,50789392,0.0,0.0
2024-01-29 09:30:00-05:00,38115.828125,38170.26953125,38083.80078125,38107.7890625,0,0.0,0.0
2024-01-29 10:30:00-05:00,38107.171875,38130.8984375,38067.5,38104.8203125,34687775,0.0,0.0
2024-01-29 11:30:00-05:00,38103.91015625,38127.91015625,38085.26171875,38117.171875,29191686,0.0,0.0
2024-01-29 12:30:00-05:00,38117.109375,38128.390625,38061.171875,38117.140625,22705078,0.0,0.0
2024-01-29 13:30:00-05:00,38116.94140625,38152.53125,38098.25,38150.51171875,20743380,0.0,0.0
2024-01-29 14:30:00-05:00,38150.421875,38340.05078125,38144.9609375,38296.28125,34587017,0.0,0.0
2024-01-29 15:30:00-05:00,38296.25,38343.9296875,38266.78125,38335.87890625,42027901,0.0,0.0
2024-01-30 09:30:00-05:00,38298.23046875,38341.6015625,38257.80078125,38291.26953125,0,0.0,0.0
2024-01-30 10:30:00-05:00,38291.328125,38352.62109375,38262.19921875,38352.3203125,44619241,0.0,0.0
2024-01-30 11:30:00-05:00,38352.4609375,38403.859375,38345.71875,38372.171875,31364917,0.0,0.0
2024-01-30 12:30:00-05:00,38371.75,38435.53125,38349.76953125,38430.58984375,28558841,0.0,0.0
2024-01-30 13:30:00-05:00,38430.78125,38454.80078125,38409.6484375,38451.05078125,26721417,0.0,0.0
2024-01-30 14:30:00-05:00,38451.578125,38497.390625,38449.140625,38482.91015625,32105988,0.0,0.0
2024-01-30 15:30:00-05:00,38483.0,38487.2109375,38448.30859375,38463.69140625,42410626,0.0,0.0
2024-01-31 09:30:00-05:00,38426.78125,38588.859375,38426.78125,38497.26953125,0,0.0,0.0
2024-01-31 10:30:00-05:00,38497.46875,38532.1015625,38468.12109375,38494.12890625,40861538,0.0,0.0
2024-01-31 11:30:00-05:00,38496.98046875,38517.23046875,38420.2890625,38514.12109375,29728110,0.0,0.0
2024-01-31 12:30:00-05:00,38514.8515625,38517.83984375,38450.0,38463.83984375,29698238,0.0,0.0
2024-01-31 13:30:00-05:00,38464.01953125,38495.73828125,38369.921875,38399.96875,29403070,0.0,0.0
2024-01-31 14:30:00-05:00,38399.8984375,38553.390625,38215.7109375,38238.01953125,50860519,0.0,0.0
2024-01-31 15:30:00-05:00,38237.8203125,38243.390625,38144.328125,38144.328125,60593327,0.0,0.0
2024-02-01 09:30:00-05:00,38175.33984375,38296.26171875,38146.25,38291.21875,72007611,0.0,0.0
2024-02-01 10:30:00-05:00,38290.98046875,38296.640625,38106.83984375,38192.8984375,39793632,0.0,0.0
2024-02-01 11:30:00-05:00,38192.76953125,38389.890625,38191.9609375,38342.83984375,30422043,0.0,0.0
2024-02-01 12:30:00-05:00,38342.44140625,38485.890625,38335.359375,38390.609375,26208167,0.0,0.0
2024-02-01 13:30:00-05:00,38390.55078125,38449.0,38347.66015625,38399.578125,25149866,0.0,0.0
2024-02-01 14:30:00-05:00,38400.0,38497.8515625,38373.7890625,38488.26171875,30556519,0.0,0.0
2024-02-01 15:30:00-05:00,38488.1484375,38522.5,38449.73828125,38515.08984375,44575073,0.0,0.0
2024-02-02 09:30:00-05:00,38448.1015625,38470.2109375,38336.5703125,38422.4609375,0,0.0,0.0
2024-02-02 10:30:00-05:00,38422.98046875,38529.1796875,38391.7109375,38523.890625,48901379,0.0,0.0
2024-02-02 11:30:00-05:00,38521.62109375,38607.55078125,38520.55078125,38585.30859375,34017112,0.0,0.0
2024-02-02 12:30:00-05:00,38585.26953125,38655.859375,38457.16015625,38599.7890625,32879246,0.0,0.0
2024-02-02 13:30:00-05:00,38599.8203125,38731.08984375,38586.3515625,38704.23046875,27782063,0.0,0.0
2024-02-02 14:30:00-05:00,38704.12109375,38783.62109375,38697.5390625,38779.76171875,34976343,0.0,0.0
2024-02-02 15:30:00-05:00,38780.28125,38781.609375,38648.390625,38653.03125,45618110,0.0,0.0
2024-02-05 09:30:00-05:00,38546.76953125,38633.87890625,38253.48046875,38309.01953125,0,0.0,0.0
2024-02-05 10:30:00-05:00,38309.671875,38316.859375,38220.3984375,38277.609375,36095126,0.0,0.0
2024-02-05 11:30:00-05:00,38277.0,38353.94921875,38268.8515625,38349.7109375,30594035,0.0,0.0
2024-02-05 12:30:00-05:00,38350.87109375,38414.62109375,38350.87109375,38362.3515625,26000456,0.0,0.0
2024-02-05 13:30:00-05:00,38361.890625,38447.421875,38360.96875,38439.83984375,21442233,0.0,0.0
2024-02-05 14:30:00-05:00,38439.98046875,38476.1015625,38379.390625,38465.58984375,28618222,0.0,0.0
2024-02-05 15:30:00-05:00,38467.53125,38489.80859375,38368.7109375,38368.7109375,38388977,0.0,0.0
2024-02-06 09:30:00-05:00,38392.8984375,38545.28125,38350.4609375,38444.1484375,0,0.0,0.0
2024-02-06 10:30:00-05:00,38445.91015625,38487.8515625,38417.28125,38460.26171875,32261761,0.0,0.0
2024-02-06 11:30:00-05:00,38460.328125,38491.55078125,38419.48046875,38491.55078125,30235393,0.0,0.0
2024-02-06 12:30:00-05:00,38491.55078125,38494.0,38411.55859375,38440.5,21957351,0.0,0.0
2024-02-06 13:30:00-05:00,38441.078125,38502.51171875,38406.3203125,38422.78125,23969493,0.0,0.0
2024-02-06 14:30:00-05:00,38422.73046875,38467.05859375,38397.33984375,38437.98046875,24428019,0.0,0.0
2024-02-06 15:30:00-05:00,38437.28125,38526.21875,38413.7109375,38520.69921875,35334190,0.0,0.0
2024-02-07 09:30:00-05:00,38613.890625,38714.1796875,38571.01171875,38711.4609375,0,0.0,0.0
2024-02-07 10:30:00-05:00,38709.37109375,38725.73046875,38657.28125,38675.28125,34730147,0.0,0.0
2024-02-07 11:30:00-05:00,38675.05078125,38694.2109375,38648.640625,38676.859375,23159985,0.0,0.0
2024-02-07 12:30:00-05:00,38676.140625,38730.66015625,38641.9609375,38728.7890625,23774156,0.0,0.0
2024-02-07 13:30:00-05:00,38729.03125,38748.109375,38677.55078125,38702.1796875,22231132,0.0,0.0
2024-02-07 14:30:00-05:00,38701.9609375,38724.6796875,38673.9609375,38681.37890625,26967985,0.0,0.0
2024-02-07 15:30:00-05:00,38681.30859375,38704.109375,38653.87109375,38680.58984375,39514632,0.0,0.0
2024-02-08 09:30:00-05:00,38702.109375,38755.6796875,38639.171875,38664.1796875,0,0.0,0.0
2024-02-08 10:30:00-05:00,38663.6484375,38666.16015625,38545.33984375,38549.76953125,41434005,0.0,0.0
2024-02-08 11:30:00-05:00,38549.44140625,38603.83984375,38544.359375,38599.671875,29900403,0.0,0.0
2024-02-08 12:30:00-05:00,38599.859375,38664.23828125,38596.48828125,38640.4609375,25983567,0.0,0.0
2024-02-08 13:30:00-05:00,38640.01171875,38687.75,38627.69140625,38664.6015625,23350692,0.0,0.0
2024-02-08 14:30:00-05:00,38664.48046875,38720.37109375,38646.609375,38705.80859375,27047771,0.0,0.0
2024-02-08 15:30:00-05:00,38704.91015625,38742.01171875,38679.0703125,38730.05078125,40181681,0.0,0.0
2024-02-09 09:30:00-05:00,38731.96875,38734.28125,38639.78125,38661.41015625,0,0.0,0.0
2024-02-09 10:30:00-05:00,38661.98828125,38684.109375,38620.671875,38632.921875,36972054,0.0,0.0
2024-02-09 11:30:00-05:00,38633.30859375,38636.4609375,38567.8984375,38631.96875,30241597,0.0,0.0
2024-02-09 12:30:00-05:00,38631.80859375,38670.73046875,38611.6015625,38666.9609375,26934108,0.0,0.0
2024-02-09 13:30:00-05:00,38667.078125,38682.9296875,38643.6796875,38680.62109375,26106993,0.0,0.0
2024-02-09 14:30:00-05:00,38680.48828125,38717.73046875,38657.26171875,38672.25,27668002,0.0,0.0
2024-02-09 15:30:00-05:00,38672.2890625,38672.2890625,38623.44140625,38667.30859375,39101523,0.0,0.0
2024-02-12 09:30:00-05:00,38656.76171875,38708.96875,38628.921875,38684.578125,0,0.0,0.0
2024-02-12 10:30:00-05:00,38685.53125,38830.94140625,38683.73828125,38828.1796875,29012611,0.0,0.0
2024-02-12 11:30:00-05:00,38829.05859375,38891.1015625,38829.05859375,38860.890625,23203084,0.0,0.0
2024-02-12 12:30:00-05:00,38860.859375,38927.078125,38838.01953125,38884.9609375,21328681,0.0,0.0
2024-02-12 13:30:00-05:00,38884.87109375,38901.16015625,38758.640625,38799.6796875,25147053,0.0,0.0
2024-02-12 14:30:00-05:00,38799.48828125,38809.109375,38759.578125,38774.1484375,22749924,0.0,0.0
2024-02-12 15:30:00-05:00,38773.578125,38815.48046875,38773.08984375,38807.44921875,37174360,0.0,0.0
2024-02-13 09:30:00-05:00,38699.171875,38699.171875,38252.41015625,38335.69140625,0,0.0,0.0
2024-02-13 10:30:00-05:00,38335.1015625,38397.96875,38295.25,38379.48046875,36686043,0.0,0.0
2024-02-13 11:30:00-05:00,38380.140625,38403.609375,38295.12109375,38303.05859375,24016459,0.0,0.0
2024-02-13 12:30:00-05:00,38303.12890625,38349.26953125,38241.5,38256.0390625,22324902,0.0,0.0
2024-02-13 13:30:00-05:00,38256.26171875,38256.8203125,38078.7890625,38095.83984375,26086869,0.0,0.0
2024-02-13 14:30:00-05:00,38095.55078125,38150.46875,38039.859375,38086.03125,31866601,0.0,0.0
2024-02-13 15:30:00-05:00,38085.859375,38279.9609375,38075.76953125,38275.328125,44640606,0.0,0.0
2024-02-14 09:30:00-05:00,38372.671875,38420.66015625,38295.8515625,38388.76953125,0,0.0,0.0
2024-02-14 10:30:00-05:00,38389.828125,38416.26171875,38247.16015625,38320.44140625,30589211,0.0,0.0
2024-02-14 11:30:00-05:00,38320.3203125,38328.19140625,38194.62109375,38278.328125,23841295,0.0,0.0
2024-02-14 12:30:00-05:00,38280.37890625,38325.25,38251.890625,38276.26953125,19786357,0.0,0.0
2024-02-14 13:30:00-05:00,38277.19921875,38358.71875,38225.96875,38318.109375,22811477,0.0,0.0
2024-02-14 14:30:00-05:00,38318.05859375,38410.4296875,38296.37890625,38396.05859375,27678566,0.0,0.0
2024-02-14 15:30:00-05:00,38396.12890625,38442.55859375,38354.328125,38418.078125,40778546,0.0,0.0
2024-02-15 09:30:00-05:00,38397.94140625,38664.828125,38397.94140625,38603.73046875,69414574,0.0,0.0
2024-02-15 10:30:00-05:00,38604.51171875,38605.5703125,38550.26953125,38566.01171875,35534643,0.0,0.0
2024-02-15 11:30:00-05:00,38565.8984375,38644.359375,38558.0703125,38633.5,25122617,0.0,0.0
2024-02-15 12:30:00-05:00,38633.4296875,38687.94140625,38585.2890625,38687.8203125,22956461,0.0,0.0
2024-02-15 13:30:00-05:00,38688.01171875,38728.08984375,38646.80859375,38709.71875,25370784,0.0,0.0
2024-02-15 14:30:00-05:00,38710.01171875,38773.55078125,38703.05859375,38755.3515625,28549546,0.0,0.0
2024-02-15 15:30:00-05:00,38755.19140625,38781.890625,38726.5390625,38771.8203125,49198040,0.0,0.0
2024-02-16 09:30:00-05:00,38751.7109375,38751.7109375,38583.23828125,38687.25,0,0.0,0.0
2024-02-16 10:30:00-05:00,38687.30859375,38741.109375,38664.1796875,38728.87109375,30836706,0.0,0.0
2024-02-16 11:30:00-05:00,38728.80859375,38782.83984375,38712.62890625,38774.859375,25375416,0.0,0.0
2024-02-16 12:30:00-05:00,38774.76171875,38784.9296875,38672.6796875,38751.19140625,18835788,0.0,0.0
2024-02-16 13:30:00-05:00,38750.69921875,38825.03125,38750.58984375,38804.7109375,21831690,0.0,0.0
2024-02-16 14:30:00-05:00,38804.5703125,38806.03125,38627.01953125,38685.69921875,26218216,0.0,0.0
2024-02-16 15:30:00-05:00,38685.30859375,38698.33984375,38590.23046875,38623.640625,37118694,0.0,0.0
2024-02-20 09:30:00-05:00,38576.26171875,38654.26171875,38523.1796875,38625.53125,0,0.0,0.0
2024-02-20 10:30:00-05:00,38626.53125,38663.08984375,38575.7109375,38612.98828125,36526328,0.0,0.0
2024-02-20 11:30:00-05:00,38612.80859375,38621.19140625,38477.94921875,38488.01953125,28106399,0.0,0.0
2024-02-20 12:30:00-05:00,38487.8515625,38560.05078125,38460.19921875,38520.1015625,22631249,0.0,0.0
2024-02-20 13:30:00-05:00,38519.94921875,38575.23828125,38498.390625,38559.9609375,22588151,0.0,0.0
2024-02-20 14:30:00-05:00,38560.3515625,38606.05078125,38537.69140625,38590.921875,26204581,0.0,0.0
2024-02-20 15:30:00-05:00,38591.1796875,38595.921875,38484.96875,38576.2890625,44967371,0.0,0.0
2024-02-21 09:30:00-05:00,38483.66015625,38549.9609375,38391.46875,38490.94140625,0,0.0,0.0
2024-02-21 10:30:00-05:00,38491.46875,38534.05078125,38450.8515625,38510.62890625,28543524,0.0,0.0
2024-02-21 11:30:00-05:00,38510.5390625,38513.8515625,38465.6484375,38474.0,35236876,0.0,0.0
2024-02-21 12:30:00-05:00,38474.140625,38526.19140625,38430.53125,38509.8203125,22872877,0.0,0.0
2024-02-21 13:30:00-05:00,38509.859375,38551.51171875,38420.87890625,38449.2890625,25355178,0.0,0.0
2024-02-21 14:30:00-05:00,38449.46875,38452.640625,38338.578125,38390.73046875,26103939,0.0,0.0
2024-02-21 15:30:00-05:00,38391.7890625,38618.03125,38391.7890625,38614.05078125,38632893,0.0,0.0
2024-02-22 09:30:00-05:00,38845.19140625,38994.5,38802.0703125,38898.44921875,0,0.0,0.0
2024-02-22 10:30:00-05:00,38898.48046875,38909.8203125,38821.62890625,38881.0,33875584,0.0,0.0
2024-02-22 11:30:00-05:00,38881.1484375,38926.0,38845.1484375,38921.21875,25419725,0.0,0.0
2024-02-22 12:30:00-05:00,38921.21875,38996.80859375,38909.25,38994.87890625,25725576,0.0,0.0
2024-02-22 13:30:00-05:00,38995.30078125,39149.609375,38993.9609375,39142.1484375,25737193,0.0,0.0
2024-02-22 14:30:00-05:00,39142.12890625,39147.578125,39009.62890625,39054.44921875,30798859,0.0,0.0
2024-02-22 15:30:00-05:00,39054.76171875,39120.171875,39028.62890625,39061.6484375,47194724,0.0,0.0
2024-02-23 09:30:00-05:00,39127.96875,39282.28125,39127.96875,39258.51953125,0,0.0,0.0
2024-02-23 10:30:00-05:00,39258.98828125,39282.1484375,39168.30078125,39202.98046875,31197858,0.0,0.0
2024-02-23 11:30:00-05:00,39203.1796875,39231.25,39169.4296875,39173.75,22017152,0.0,0.0
2024-02-23 12:30:00-05:00,39173.55078125,39191.78125,39148.1796875,39189.37109375,23669159,0.0,0.0
2024-02-23 13:30:00-05:00,39189.16015625,39193.421875,39095.48828125,39099.94921875,18101470,0.0,0.0
2024-02-23 14:30:00-05:00,39100.1796875,39171.921875,39094.359375,39153.71875,22470206,0.0,0.0
2024-02-23 15:30:00-05:00,39153.828125,39196.12109375,39128.9609375,39128.9609375,38585111,0.0,0.0
2024-02-26 09:30:00-05:00,39144.7890625,39245.890625,39135.23046875,39195.9296875,0,0.0,0.0
2024-02-26 10:30:00-05:00,39195.58984375,39213.390625,39119.12109375,39142.33984375,35336642,0.0,0.0
2024-02-26 11:30:00-05:00,39141.12109375,39162.109375,39121.2109375,39156.91015625,29436849,0.0,0.0
2024-02-26 12:30:00-05:00,39155.96875,39161.37890625,39070.66015625,39084.62109375,23371225,0.0,0.0
2024-02-26 13:30:00-05:00,39084.73828125,39129.8515625,39025.80078125,39119.4609375,23883044,0.0,0.0
2024-02-26 14:30:00-05:00,39119.53125,39143.390625,39087.0,39117.1484375,24825366,0.0,0.0
2024-02-26 15:30:00-05:00,39117.671875,39123.19140625,39061.828125,39063.55078125,36947952,0.0,0.0
2024-02-27 09:30:00-05:00,39087.8984375,39087.8984375,38918.76171875,38961.87109375,0,0.0,0.0
2024-02-27 10:30:00-05:00,38961.83984375,38962.12109375,38902.48828125,38910.62890625,27645292,0.0,0.0
2024-02-27 11:30:00-05:00,38910.80859375,38926.87890625,38882.94140625,38899.8203125,23378681,0.0,0.0
2024-02-27 12:30:00-05:00,38900.421875,38924.5390625,38881.8984375,38903.71875,22902334,0.0,0.0
2024-02-27 13:30:00-05:00,38903.69140625,38954.30078125,38894.1796875,38940.26953125,30223568,0.0,0.0
2024-02-27 14:30:00-05:00,38940.359375,38982.33984375,38918.4609375,38975.6015625,34223601,0.0,0.0
2024-02-27 15:30:00-05:00,38975.1796875,38994.9609375,38939.73828125,38973.53125,40759518,0.0,0.0
2024-02-28 09:30:00-05:00,38938.078125,38938.078125,38741.6796875,38838.23828125,0,0.0,0.0
2024-02-28 10:30:00-05:00,38837.48828125,38941.69921875,38833.87890625,38899.4609375,31008019,0.0,0.0
2024-02-28 11:30:00-05:00,38901.73828125,38912.55078125,38864.9296875,38900.37890625,27329875,0.0,0.0
2024-02-28 12:30:00-05:00,38899.01171875,38920.5,38856.33984375,38920.30078125,24842842,0.0,0.0
2024-02-28 13:30:00-05:00,38920.03125,38938.921875,38836.73046875,38851.921875,22075514,0.0,0.0
2024-02-28 14:30:00-05:00,38851.640625,38930.109375,38822.58984375,38928.359375,26443885,0.0,0.0
2024-02-28 15:30:00-05:00,38928.80859375,38956.4609375,38897.19921875,38953.08984375,37796776,0.0,0.0
2024-02-29 09:30:00-05:00,39013.75,39074.12890625,38854.08984375,38938.46875,0,0.0,0.0
2024-02-29 10:30:00-05:00,38938.69921875,38997.4296875,38888.87890625,38946.921875,35928438,0.0,0.0
2024-02-29 11:30:00-05:00,38946.109375,38946.109375,38809.28125,38861.0703125,30702618,0.0,0.0
2024-02-29 12:30:00-05:00,38861.76953125,38931.46875,38861.5703125,38922.609375,27053448,0.0,0.0
2024-02-29 13:30:00-05:00,38922.55859375,38965.6484375,38903.9609375,38915.33984375,27230704,0.0,0.0
2024-02-29 14:30:00-05:00,38916.5,38959.25,38887.91015625,38957.8984375,29821591,0.0,0.0
2024-02-29 15:30:00-05:00,38957.078125,39048.4296875,38956.66015625,38968.48046875,70420090,0.0,0.0
2024-03-01 09:30:00-05:00,38989.51171875,39015.37890625,38850.5,39015.28125,0,0.0,0.0
2024-03-01 10:30:00-05:00,39015.1015625,39076.71875,38972.76953125,39006.05078125,48435431,0.0,0.0
2024-03-01 11:30:00-05:00,39006.16015625,39082.55078125,38959.2890625,39065.16015625,32414116,0.0,0.0
2024-03-01 12:30:00-05:00,39064.48046875,39081.5,39036.26953125,39067.44140625,27041638,0.0,0.0
2024-03-01 13:30:00-05:00,39066.83984375,39120.359375,39044.19921875,39097.359375,29089239,0.0,0.0
2024-03-01 14:30:00-05:00,39097.87109375,39105.5390625,39034.94140625,39082.828125,31425832,0.0,0.0
2024-03-01 15:30:00-05:00,39082.73046875,39109.26953125,39070.98046875,39086.8203125,41129780,0.0,0.0
2024-03-04 09:30:00-05:00,38931.21875,39035.2890625,38913.30078125,39028.4609375,0,0.0,0.0
2024-03-04 10:30:00-05:00,39027.890625,39032.69921875,38958.078125,38976.46875,49914689,0.0,0.0
2024-03-04 11:30:00-05:00,38976.19921875,39058.44140625,38972.21875,39055.5390625,41930192,0.0,0.0
2024-03-04 12:30:00-05:00,39054.80078125,39070.171875,38978.078125,38993.58984375,35303678,0.0,0.0
2024-03-04 13:30:00-05:00,38993.7890625,39018.109375,38976.94921875,39010.8203125,33820385,0.0,0.0
2024-03-04 14:30:00-05:00,39010.25,39087.859375,39006.01953125,39025.5703125,36958077,0.0,0.0
2024-03-04 15:30:00-05:00,39027.12109375,39041.62109375,38974.16015625,38992.9609375,47884780,0.0,0.0
2024-03-05 09:30:00-05:00,38906.98046875,38906.98046875,38759.80078125,38827.01171875,0,0.0,0.0
2024-03-05 10:30:00-05:00,38826.8203125,38826.8203125,38712.01953125,38743.37890625,46800230,0.0,0.0
2024-03-05 11:30:00-05:00,38742.78125,38762.7109375,38656.78125,38751.94921875,33482573,0.0,0.0
2024-03-05 12:30:00-05:00,38751.87109375,38754.578125,38662.6015625,38694.23828125,29226208,0.0,0.0
2024-03-05 13:30:00-05:00,38693.921875,38717.6796875,38593.01171875,38627.05859375,35167750,0.0,0.0
2024-03-05 14:30:00-05:00,38626.8984375,38627.7890625,38457.828125,38465.05859375,37999853,0.0,0.0
2024-03-05 15:30:00-05:00,38464.8203125,38605.0703125,38460.41015625,38583.6484375,50412483,0.0,0.0
2024-03-06 09:30:00-05:00,38721.1484375,38837.5,38683.51171875,38708.21875,0,0.0,0.0
2024-03-06 10:30:00-05:00,38707.55078125,38839.48828125,38694.8515625,38839.3984375,41588811,0.0,0.0
2024-03-06 11:30:00-05:00,38840.48828125,38858.12890625,38776.1796875,38802.1796875,36152289,0.0,0.0
2024-03-06 12:30:00-05:00,38801.91015625,38823.80078125,38743.19140625,38793.83984375,28647819,0.0,0.0
2024-03-06 13:30:00-05:00,38794.1015625,38796.03125,38570.80078125,38662.26953125,36826302,0.0,0.0
2024-03-06 14:30:00-05:00,38662.390625,38672.76171875,38575.75,38617.05859375,33398752,0.0,0.0
2024-03-06 15:30:00-05:00,38616.4296875,38694.69140625,38597.890625,38662.55859375,41614796,0.0,0.0
2024-03-07 09:30:00-05:00,38784.30078125,38885.1796875,38784.30078125,38830.0390625,0,0.0,0.0
2024-03-07 10:30:00-05:00,38830.0390625,38910.3515625,38775.12890625,38794.01953125,38209786,0.0,0.0
2024-03-07 11:30:00-05:00,38793.23046875,38832.171875,38761.12109375,38777.390625,32248994,0.0,0.0
2024-03-07 12:30:00-05:00,38776.73828125,38828.6484375,38730.4609375,38827.96875,28653052,0.0,0.0
2024-03-07 13:30:00-05:00,38828.578125,38883.33984375,38789.19140625,38798.33984375,32647798,0.0,0.0
2024-03-07 14:30:00-05:00,38798.8203125,38803.96875,38730.12890625,38761.05078125,31425305,0.0,0.0
2024-03-07 15:30:00-05:00,38761.41015625,38835.171875,38757.359375,38789.83984375,42973220,0.0,0.0
2024-03-08 09:30:00-05:00,38776.80078125,38971.1484375,38767.1484375,38858.9609375,0,0.0,0.0
2024-03-08 10:30:00-05:00,38859.08984375,38919.94921875,38814.8984375,38866.55078125,42295423,0.0,0.0
2024-03-08 11:30:00-05:00,38867.76171875,38905.5703125,38834.171875,38885.6484375,38295706,0.0,0.0
2024-03-08 12:30:00-05:00,38888.87890625,38899.75,38756.62890625,38785.26171875,30125401,0.0,0.0
2024-03-08 13:30:00-05:00,38785.4296875,38873.421875,38705.03125,38865.828125,29576957,0.0,0.0
2024-03-08 14:30:00-05:00,38865.6015625,38926.390625,38729.8203125,38737.1015625,32747021,0.0,0.0
2024-03-08 15:30:00-05:00,38736.12109375,38791.87890625,38721.87890625,38725.0703125,43584717,0.0,0.0
2024-03-11 09:30:00-04:00,38667.2109375,38709.26171875,38485.05859375,38498.8515625,0,0.0,0.0
2024-03-11 10:30:00-04:00,38498.94921875,38624.44140625,38483.25,38579.94140625,35985511,0.0,0.0
2024-03-11 11:30:00-04:00,38580.73046875,38687.73046875,38558.30859375,38670.0,27450050,0.0,0.0
2024-03-11 12:30:00-04:00,38670.0,38746.51953125,38667.328125,38739.9609375,24232411,0.0,0.0
2024-03-11 13:30:00-04:00,38739.9609375,38767.03125,38704.171875,38735.75,24303502,0.0,0.0
2024-03-11 14:30:00-04:00,38735.62890625,38782.859375,38714.8203125,38753.6484375,25227771,0.0,0.0
2024-03-11 15:30:00-04:00,38753.05859375,38794.76171875,38732.46875,38769.58984375,41635568,0.0,0.0
2024-03-12 09:30:00-04:00,38883.3203125,38968.671875,38711.390625,38962.8515625,0,0.0,0.0
2024-03-12 10:30:00-04:00,38962.671875,39065.16015625,38959.4296875,38983.87109375,40078323,0.0,0.0
2024-03-12 11:30:00-04:00,38984.66015625,39029.19140625,38924.8515625,38931.83984375,31980658,0.0,0.0
2024-03-12 12:30:00-04:00,38931.80078125,38949.28125,38815.75,38914.26953125,29996823,0.0,0.0
2024-03-12 13:30:00-04:00,38914.4609375,39030.55859375,38914.0390625,39030.51171875,24965645,0.0,0.0
2024-03-12 14:30:00-04:00,39030.66015625,39071.55859375,38985.25,39069.71875,30365202,0.0,0.0
2024-03-12 15:30:00-04:00,39069.91015625,39069.91015625,39000.03125,39000.08984375,40663409,0.0,0.0
2024-03-13 09:30:00-04:00,39054.578125,39158.78125,39024.26171875,39153.19140625,0,0.0,0.0
2024-03-13 10:30:00-04:00,39152.46875,39183.66015625,39113.25,39145.12890625,38768392,0.0,0.0
2024-03-13 11:30:00-04:00,39145.23828125,39186.62109375,39136.6796875,39164.21875,29355737,0.0,0.0
2024-03-13 12:30:00-04:00,39164.7109375,39201.94140625,39125.5390625,39178.4296875,27862097,0.0,0.0
2024-03-13 13:30:00-04:00,39177.94140625,39178.73046875,39108.671875,39108.80078125,22790612,0.0,0.0
2024-03-13 14:30:00-04:00,39109.0703125,39123.6484375,38937.921875,38977.23046875,30694673,0.0,0.0
2024-03-13 15:30:00-04:00,38978.109375,39068.55078125,38975.01953125,39045.640625,47431805,0.0,0.0
2024-03-14 09:30:00-04:00,39122.390625,39160.25,38861.37109375,38974.01171875,0,0.0,0.0
2024-03-14 10:30:00-04:00,38974.19140625,39028.55078125,38923.171875,38941.8203125,42049948,0.0,0.0
2024-03-14 11:30:00-04:00,38942.8984375,38986.48828125,38905.94140625,38970.1796875,31459319,0.0,0.0
2024-03-14 12:30:00-04:00,38969.6796875,38979.078125,38835.2109375,38835.2109375,31703857,0.0,0.0
2024-03-14 13:30:00-04:00,38835.0390625,38950.26953125,38798.69140625,38908.87109375,29601757,0.0,0.0
2024-03-14 14:30:00-04:00,38908.1796875,38919.9296875,38733.890625,38764.2890625,36270070,0.0,0.0
2024-03-14 15:30:00-04:00,38764.3984375,38922.7890625,38704.359375,38922.7890625,52675356,0.0,0.0
2024-03-15 09:30:00-04:00,38809.6484375,38928.12890625,38737.171875,38807.390625,141114675,0.0,0.0
2024-03-15 10:30:00-04:00,38807.0390625,38878.73828125,38785.08984375,38827.75,38994276,0.0,0.0
2024-03-15 11:30:00-04:00,38827.5703125,38830.87890625,38700.359375,38711.578125,35264107,0.0,0.0
2024-03-15 12:30:00-04:00,38712.21875,38729.109375,38618.19921875,38679.51953125,34981750,0.0,0.0
2024-03-15 13:30:00-04:00,38679.48828125,38726.33984375,38670.921875,38698.16015625,30514966,0.0,0.0
2024-03-15 14:30:00-04:00,38697.921875,38767.390625,38684.609375,38732.5703125,36724545,0.0,0.0
2024-03-15 15:30:00-04:00,38732.1796875,38736.7109375,38668.03125,38720.53125,69428373,0.0,0.0
2024-03-18 09:30:00-04:00,38826.9296875,38884.6484375,38770.44140625,38859.33984375,0,0.0,0.0
2024-03-18 10:30:00-04:00,38860.51171875,38895.8515625,38814.53125,38894.01953125,34644571,0.0,0.0
2024-03-18 11:30:00-04:00,38893.98828125,38898.41015625,38843.6796875,38866.078125,26128052,0.0,0.0
2024-03-18 12:30:00-04:00,38866.0703125,38877.94921875,38831.3515625,38877.640625,22848801,0.0,0.0
2024-03-18 13:30:00-04:00,38877.37890625,38885.26171875,38792.28125,38880.51953125,22648582,0.0,0.0
2024-03-18 14:30:00-04:00,38880.51953125,38886.7109375,38823.30859375,38856.2109375,27850991,0.0,0.0
2024-03-18 15:30:00-04:00,38855.80078125,38874.51171875,38760.7890625,38787.6015625,41533897,0.0,0.0
2024-03-19 09:30:00-04:00,38819.609375,38895.46875,38761.28125,38865.171875,0,0.0,0.0
2024-03-19 10:30:00-04:00,38865.05859375,38977.5390625,38863.48046875,38971.5,31392970,0.0,0.0
2024-03-19 11:30:00-04:00,38971.8515625,39039.48046875,38971.8515625,39031.2109375,25740727,0.0,0.0
2024-03-19 12:30:00-04:00,39030.96875,39104.80078125,39030.96875,39050.91015625,23468729,0.0,0.0
2024-03-19 13:30:00-04:00,39050.80859375,39062.96875,38995.3203125,39021.890625,22611898,0.0,0.0
2024-03-19 14:30:00-04:00,39022.08984375,39053.578125,39016.26953125,39038.0703125,25082261,0.0,0.0
2024-03-19 15:30:00-04:00,39038.9296875,39122.7109375,39023.80859375,39111.19140625,39201522,0.0,0.0
2024-03-20 09:30:00-04:00,39072.05078125,39140.69140625,38988.6484375,39139.87890625,0,0.0,0.0
2024-03-20 10:30:00-04:00,39141.16015625,39174.66015625,39100.140625,39151.87890625,31696930,0.0,0.0
2024-03-20 11:30:00-04:00,39151.71875,39156.19140625,39111.48828125,39118.26953125,24341199,0.0,0.0
2024-03-20 12:30:00-04:00,39118.48046875,39174.7109375,39099.03125,39104.19921875,25701155,0.0,0.0
2024-03-20 13:30:00-04:00,39104.30078125,39301.19140625,39086.83984375,39272.26171875,35481725,0.0,0.0
2024-03-20 14:30:00-04:00,39272.21875,39529.12890625,39148.390625,39515.828125,52013433,0.0,0.0
2024-03-20 15:30:00-04:00,39515.80859375,39521.390625,39433.1484375,39508.640625,51331468,0.0,0.0
2024-03-21 09:30:00-04:00,39661.03125,39860.98828125,39589.23046875,39858.98046875,0,0.0,0.0
2024-03-21 10:30:00-04:00,39860.609375,39889.05078125,39803.25,39818.76953125,58059201,0.0,0.0
2024-03-21 11:30:00-04:00,39818.7109375,39865.859375,39802.1484375,39838.03125,37040916,0.0,0.0
2024-03-21 12:30:00-04:00,39838.0703125,39870.44140625,39806.359375,39829.578125,28326781,0.0,0.0
2024-03-21 13:30:00-04:00,39830.05078125,39843.921875,39810.3515625,39831.87890625,30725520,0.0,0.0
2024-03-21 14:30:00-04:00,39831.921875,39833.91015625,39789.44921875,39827.03125,33020211,0.0,0.0
2024-03-21 15:30:00-04:00,39827.23046875,39853.78125,39769.78125,39773.66015625,47511837,0.0,0.0
2024-03-22 09:30:00-04:00,39774.05859375,39824.76171875,39645.1015625,39669.19140625,0,0.0,0.0
2024-03-22 10:30:00-04:00,39668.98046875,39675.5390625,39592.6015625,39620.9296875,35922433,0.0,0.0
2024-03-22 11:30:00-04:00,39621.3515625,39628.55078125,39562.0703125,39572.98046875,29446227,0.0,0.0
2024-03-22 12:30:00-04:00,39573.23046875,39606.1015625,39544.03125,39591.19921875,25393704,0.0,0.0
2024-03-22 13:30:00-04:00,39591.5,39621.0,39577.8203125,39618.28125,23561238,0.0,0.0
2024-03-22 14:30:00-04:00,39618.3203125,39619.41015625,39498.69140625,39523.12890625,26738663,0.0,0.0
2024-03-22 15:30:00-04:00,39523.01171875,39546.8515625,39469.53125,39469.53125,39179554,0.0,0.0
2024-03-25 09:30:00-04:00,39410.5390625,39430.171875,39355.171875,39376.80859375,0,0.0,0.0
2024-03-25 10:30:00-04:00,39377.578125,39380.69921875,39335.12890625,39354.96875,35671852,0.0,0.0
2024-03-25 11:30:00-04:00,39354.359375,39374.28125,39347.03125,39353.76953125,28711517,0.0,0.0
2024-03-25 12:30:00-04:00,39354.25,39360.7109375,39315.30859375,39334.30078125,23764836,0.0,0.0
2024-03-25 13:30:00-04:00,39333.91015625,39351.4296875,39309.9296875,39348.91015625,21406174,0.0,0.0
2024-03-25 14:30:00-04:00,39349.01953125,39361.33984375,39296.03125,39306.6796875,26004327,0.0,0.0
2024-03-25 15:30:00-04:00,39307.1484375,39334.6015625,39297.390625,39317.1484375,40655390,0.0,0.0
2024-03-26 09:30:00-04:00,39338.3203125,39388.55859375,39308.890625,39379.51953125,0,0.0,0.0
2024-03-26 10:30:00-04:00,39379.390625,39430.3203125,39366.23828125,39409.91015625,31031139,0.0,0.0
2024-03-26 11:30:00-04:00,39409.640625,39439.44140625,39379.44140625,39421.1484375,24622597,0.0,0.0
2024-03-26 12:30:00-04:00,39421.41015625,39431.328125,39380.9296875,39396.44140625,22154255,0.0,0.0
2024-03-26 13:30:00-04:00,39395.4609375,39413.96875,39368.69921875,39394.46875,22853298,0.0,0.0
2024-03-26 14:30:00-04:00,39394.7109375,39414.91015625,39360.53125,39365.828125,24451460,0.0,0.0
2024-03-26 15:30:00-04:00,39365.8984375,39368.828125,39277.19140625,39297.921875,49063921,0.0,0.0
2024-03-27 09:30:00-04:00,39461.98046875,39609.94921875,39461.98046875,39510.5703125,0,0.0,0.0
2024-03-27 10:30:00-04:00,39510.921875,39554.05859375,39494.78125,39512.51953125,32917740,0.0,0.0
2024-03-27 11:30:00-04:00,39512.1015625,39534.98046875,39462.0390625,39498.80859375,25924994,0.0,0.0
2024-03-27 12:30:00-04:00,39499.05078125,39575.48828125,39499.05078125,39565.9296875,24994201,0.0,0.0
2024-03-27 13:30:00-04:00,39564.94140625,39591.76953125,39531.8203125,39589.359375,25381313,0.0,0.0
2024-03-27 14:30:00-04:00,39589.578125,39636.16015625,39554.8984375,39622.30859375,30508444,0.0,0.0
2024-03-27 15:30:00-04:00,39623.44140625,39769.41015625,39618.96875,39765.7109375,55854244,0.0,0.0
2024-03-28 09:30:00-04:00,39763.73828125,39848.05078125,39738.2890625,39738.2890625,0,0.0,0.0
2024-03-28 10:30:00-04:00,39738.44921875,39768.1015625,39717.25,39765.05859375,35105728,0.0,0.0
2024-03-28 11:30:00-04:00,39765.109375,39793.41015625,39760.4296875,39787.8203125,28959890,0.0,0.0
2024-03-28 12:30:00-04:00,39787.9609375,39788.05078125,39750.8515625,39764.12890625,24726863,0.0,0.0
2024-03-28 13:30:00-04:00,39764.23828125,39805.05859375,39744.01171875,39796.19140625,24572827,0.0,0.0
2024-03-28 14:30:00-04:00,39796.33984375,39867.44140625,39754.98828125,39855.51953125,27797271,0.0,0.0
2024-03-28 15:30:00-04:00,39855.51171875,39868.58984375,39786.19921875,39786.19921875,51521006,0.0,0.0
2024-04-01 09:30:00-04:00,39807.9296875,39815.0,39574.76953125,39584.96875,0,0.0,0.0
2024-04-01 10:30:00-04:00,39584.66015625,39597.01171875,39541.73828125,39565.12890625,30897146,0.0,0.0
2024-04-01 11:30:00-04:00,39565.1796875,39568.41015625,39492.69140625,39551.87890625,22682899,0.0,0.0
2024-04-01 12:30:00-04:00,39551.96875,39560.921875,39491.21875,39520.73828125,18528952,0.0,0.0
2024-04-01 13:30:00-04:00,39521.078125,39555.328125,39503.80078125,39534.6796875,19436106,0.0,0.0
2024-04-01 14:30:00-04:00,39534.48828125,39557.05078125,39517.1484375,39525.578125,24258022,0.0,0.0
2024-04-01 15:30:00-04:00,39525.421875,39588.51953125,39514.98046875,39553.5703125,42294075,0.0,0.0
2024-04-02 09:30:00-04:00,39256.26953125,39256.26953125,39055.23828125,39153.2109375,63369541,0.0,0.0
2024-04-02 10:30:00-04:00,39151.55859375,39192.8203125,39117.75,39148.37109375,33428862,0.0,0.0
2024-04-02 11:30:00-04:00,39148.640625,39157.87890625,39058.48046875,39105.08984375,28013804,0.0,0.0
2024-04-02 12:30:00-04:00,39104.37890625,39125.9609375,39057.83984375,39074.41015625,22869380,0.0,0.0
2024-04-02 13:30:00-04:00,39075.0,39117.55078125,39051.69921875,39107.53125,24882121,0.0,0.0
2024-04-02 14:30:00-04:00,39107.890625,39194.76171875,39105.8203125,39175.30078125,30228668,0.0,0.0
2024-04-02 15:30:00-04:00,39176.1484375,39216.0,39168.671875,39180.12890625,45148512,0.0,0.0
2024-04-03 09:30:00-04:00,39139.58984375,39305.76171875,39127.859375,39241.87109375,0,0.0,0.0
2024-04-03 10:30:00-04:00,39241.98046875,39281.66015625,39224.6015625,39250.8203125,38745271,0.0,0.0
2024-04-03 11:30:00-04:00,39250.76953125,39264.8203125,39181.5,39243.1015625,33337927,0.0,0.0
2024-04-03 12:30:00-04:00,39243.2890625,39266.19921875,39169.78125,39224.19921875,27219018,0.0,0.0
2024-04-03 13:30:00-04:00,39223.98046875,39242.44140625,39172.41015625,39176.26953125,30432055,0.0,0.0
2024-04-03 14:30:00-04:00,39176.51171875,39185.25,39017.12890625,39067.5,43793323,0.0,0.0
2024-04-03 15:30:00-04:00,39067.55078125,39166.171875,39060.94921875,39135.8515625,54949471,0.0,0.0
2024-04-04 09:30:00-04:00,39343.6015625,39421.3515625,39248.37109375,39290.73828125,0,0.0,0.0
2024-04-04 10:30:00-04:00,39290.5390625,39308.53125,39246.5,39284.3203125,31759328,0.0,0.0
2024-04-04 11:30:00-04:00,39284.37890625,39360.73828125,39281.73046875,39317.23046875,28939882,0.0,0.0
2024-04-04 12:30:00-04:00,39317.578125,39321.01953125,39289.21875,39289.9609375,22875968,0.0,0.0
2024-04-04 13:30:00-04:00,39290.44140625,39290.8203125,38907.78125,38908.87109375,32182528,0.0,0.0
2024-04-04 14:30:00-04:00,38909.12890625,38909.12890625,38625.69140625,38626.53125,49171370,0.0,0.0
2024-04-04 15:30:00-04:00,38626.0703125,38662.9609375,38559.421875,38590.3203125,57470984,0.0,0.0
2024-04-05 09:30:00-04:00,38664.98046875,38751.26953125,38602.1796875,38695.421875,0,0.0,0.0
2024-04-05 10:30:00-04:00,38695.4296875,38874.671875,38685.8515625,38874.671875,38998359,0.0,0.0
2024-04-05 11:30:00-04:00,38874.5703125,39013.76171875,38840.03125,38991.53125,31558325,0.0,0.0
2024-04-05 12:30:00-04:00,38991.37109375,39040.171875,38927.12890625,38967.5390625,23628444,0.0,0.0
2024-04-05 13:30:00-04:00,38967.8984375,38987.4609375,38837.5703125,38893.6796875,29139258,0.0,0.0
2024-04-05 14:30:00-04:00,38892.98046875,38940.6015625,38852.23828125,38916.359375,27570183,0.0,0.0
2024-04-05 15:30:00-04:00,38916.2890625,38965.66015625,38894.4296875,38903.16015625,39904494,0.0,0.0
2024-04-08 09:30:00-04:00,38916.421875,39013.19921875,38881.25,38967.859375,0,0.0,0.0
2024-04-08 10:30:00-04:00,38968.23046875,38996.109375,38943.28125,38952.23828125,34150961,0.0,0.0
2024-04-08 11:30:00-04:00,38951.7109375,38951.7109375,38857.69921875,38906.37890625,30344873,0.0,0.0
2024-04-08 12:30:00-04:00,38906.05078125,38948.5703125,38897.55078125,38941.23828125,21944647,0.0,0.0
2024-04-08 13:30:00-04:00,38941.23828125,38964.75,38912.25,38936.71875,19624029,0.0,0.0
2024-04-08 14:30:00-04:00,38936.8515625,38953.58984375,38901.46875,38951.7109375,21886347,0.0,0.0
2024-04-08 15:30:00-04:00,38950.76171875,38974.7890625,38878.6796875,38907.078125,46108332,0.0,0.0
2024-04-09 09:30:00-04:00,38983.66015625,38992.890625,38805.94921875,38812.421875,0,0.0,0.0
2024-04-09 10:30:00-04:00,38810.78125,38810.78125,38572.08984375,38675.109375,39968194,0.0,0.0
2024-04-09 11:30:00-04:00,38675.03125,38799.640625,38671.80859375,38769.9296875,48788830,0.0,0.0
2024-04-09 12:30:00-04:00,38769.109375,38801.69921875,38715.12890625,38750.671875,28223460,0.0,0.0
2024-04-09 13:30:00-04:00,38751.140625,38790.66015625,38710.6796875,38722.58984375,25813521,0.0,0.0
2024-04-09 14:30:00-04:00,38722.359375,38855.28125,38671.0,38854.08984375,30434643,0.0,0.0
2024-04-09 15:30:00-04:00,38853.48828125,38893.26171875,38773.6484375,38884.12890625,45315966,0.0,0.0
2024-04-10 09:30:00-04:00,38662.28125,38662.28125,38352.5,38492.51953125,0,0.0,0.0
2024-04-10 10:30:00-04:00,38491.2109375,38594.078125,38410.55859375,38450.73046875,36993050,0.0,0.0
2024-04-10 11:30:00-04:00,38451.08984375,38454.94140625,38360.4296875,38393.37890625,26489778,0.0,0.0
2024-04-10 12:30:00-04:00,38393.05859375,38494.62890625,38304.66015625,38409.9296875,29459102,0.0,0.0
2024-04-10 13:30:00-04:00,38409.62890625,38467.05078125,38315.46875,38357.44140625,27369414,0.0,0.0
2024-04-10 14:30:00-04:00,38356.8515625,38490.87109375,38312.05078125,38447.51171875,30149146,0.0,0.0
2024-04-10 15:30:00-04:00,38448.5703125,38508.25,38396.3984375,38449.05859375,42222716,0.0,0.0
2024-04-11 09:30:00-04:00,38523.26171875,38567.5703125,38197.28125,38205.05859375,0,0.0,0.0
2024-04-11 10:30:00-04:00,38204.48828125,38285.3203125,38204.01171875,38237.03125,33171114,0.0,0.0
2024-04-11 11:30:00-04:00,38236.41015625,38384.44140625,38228.6796875,38322.71875,29373956,0.0,0.0
2024-04-11 12:30:00-04:00,38322.8515625,38512.51953125,38318.3984375,38475.87890625,33258474,0.0,0.0
2024-04-11 13:30:00-04:00,38476.46875,38598.98046875,38447.8515625,38565.1484375,39149527,0.0,0.0
2024-04-11 14:30:00-04:00,38565.03125,38593.91015625,38525.96875,38545.62890625,39619949,0.0,0.0
2024-04-11 15:30:00-04:00,38545.46875,38564.26171875,38450.5390625,38451.98046875,51555767,0.0,0.0
2024-04-12 09:30:00-04:00,38319.140625,38319.140625,38131.48046875,38137.87109375,0,0.0,0.0
2024-04-12 10:30:00-04:00,38137.109375,38159.87890625,38047.6796875,38134.8203125,48702998,0.0,0.0
2024-04-12 11:30:00-04:00,38135.37109375,38189.421875,38053.33984375,38059.23828125,36446838,0.0,0.0
2024-04-12 12:30:00-04:00,38059.33984375,38070.26171875,37896.3515625,37908.83984375,38005398,0.0,0.0
2024-04-12 13:30:00-04:00,37908.91015625,38019.80859375,37879.2890625,37967.33984375,35481216,0.0,0.0
2024-04-12 14:30:00-04:00,37967.51171875,37970.62890625,37877.30078125,37891.0703125,42412390,0.0,0.0
2024-04-12 15:30:00-04:00,37890.390625,37985.05078125,37880.8515625,37985.05078125,56034749,0.0,0.0
2024-04-15 09:30:00-04:00,38075.37890625,38386.80859375,38075.37890625,38123.109375,0,0.0,0.0
2024-04-15 10:30:00-04:00,38125.05078125,38154.828125,38041.26171875,38081.0390625,41892920,0.0,0.0
2024-04-15 11:30:00-04:00,38080.73828125,38156.578125,38030.83984375,38053.109375,29418221,0.0,0.0
2024-04-15 12:30:00-04:00,38052.48828125,38052.48828125,37822.48828125,37822.48828125,31108575,0.0,0.0
2024-04-15 13:30:00-04:00,37821.5,37838.859375,37717.01953125,37746.78125,40760575,0.0,0.0
2024-04-15 14:30:00-04:00,37746.62890625,37821.8203125,37657.7890625,37715.2890625,37031113,0.0,0.0
2024-04-15 15:30:00-04:00,37715.21875,37797.1015625,37715.21875,37730.21875,47236639,0.0,0.0
2024-04-16 09:30:00-04:00,37992.21875,37992.21875,37793.08984375,37806.69921875,0,0.0,0.0
2024-04-16 10:30:00-04:00,37805.6484375,37852.5390625,37749.78125,37837.01171875,43796525,0.0,0.0
2024-04-16 11:30:00-04:00,37837.359375,37942.30078125,37803.53125,37886.3515625,35623048,0.0,0.0
2024-04-16 12:30:00-04:00,37886.1484375,37919.83984375,37805.5703125,37845.05859375,24077570,0.0,0.0
2024-04-16 13:30:00-04:00,37848.1484375,37985.41015625,37713.69921875,37751.421875,36033609,0.0,0.0
2024-04-16 14:30:00-04:00,37750.03125,37944.19921875,37748.76171875,37934.66015625,27901134,0.0,0.0
2024-04-16 15:30:00-04:00,37934.71875,37934.71875,37787.8984375,37793.6484375,41666615,0.0,0.0
2024-04-17 09:30:00-04:00,37949.671875,38036.69921875,37820.41015625,37866.1796875,0,0.0,0.0
2024-04-17 10:30:00-04:00,37866.171875,37873.08984375,37697.171875,37697.171875,38149726,0.0,0.0
2024-04-17 11:30:00-04:00,37696.421875,37722.578125,37636.48828125,37686.921875,34384137,0.0,0.0
2024-04-17 12:30:00-04:00,37686.30078125,37791.171875,37611.55859375,37786.73828125,28683745,0.0,0.0
2024-04-17 13:30:00-04:00,37790.55859375,37858.44140625,37754.37109375,37804.23828125,28659593,0.0,0.0
2024-04-17 14:30:00-04:00,37805.46875,37956.4609375,37710.609375,37742.9609375,31605708,0.0,0.0
2024-04-17 15:30:00-04:00,37743.76953125,37810.171875,37725.578125,37739.78125,42020322,0.0,0.0
2024-04-18 09:30:00-04:00,37847.2109375,38010.26953125,37835.25,37993.390625,0,0.0,0.0
2024-04-18 10:30:00-04:00,37994.94921875,38083.76171875,37988.30078125,38024.48046875,32731941,0.0,0.0
2024-04-18 11:30:00-04:00,38026.46875,38036.2890625,37922.5,37938.1015625,23415840,0.0,0.0
2024-04-18 12:30:00-04:00,37938.19140625,37940.03125,37686.58984375,37765.73828125,29413445,0.0,0.0
2024-04-18 13:30:00-04:00,37766.48046875,37805.640625,37681.51953125,37741.4296875,29049207,0.0,0.0
2024-04-18 14:30:00-04:00,37741.62890625,37812.8515625,37696.73828125,37785.05859375,29043296,0.0,0.0
2024-04-18 15:30:00-04:00,37785.62890625,37866.078125,37755.1484375,37769.94921875,42520876,0.0,0.0
2024-04-19 09:30:00-04:00,37801.98046875,37991.8515625,37781.609375,37965.66015625,0,0.0,0.0
2024-04-19 10:30:00-04:00,37963.8984375,37999.671875,37901.30078125,37944.30078125,40825230,0.0,0.0
2024-04-19 11:30:00-04:00,37944.30078125,37974.828125,37840.48828125,37849.1796875,39232231,0.0,0.0
2024-04-19 12:30:00-04:00,37849.21875,38044.98046875,37832.08984375,37970.62109375,31354469,0.0,0.0
2024-04-19 13:30:00-04:00,37970.23828125,38102.5703125,37919.37109375,37923.0703125,30873588,0.0,0.0
2024-04-19 14:30:00-04:00,37921.55859375,37974.37109375,37860.16015625,37948.05859375,45917116,0.0,0.0
2024-04-19 15:30:00-04:00,37947.94140625,38010.078125,37900.4296875,37984.51953125,60426155,0.0,0.0
2024-04-22 09:30:00-04:00,38116.890625,38191.3203125,38003.9609375,38083.9296875,0,0.0,0.0
2024-04-22 10:30:00-04:00,38083.94140625,38103.23828125,37985.0703125,38024.12109375,39361443,0.0,0.0
2024-04-22 11:30:00-04:00,38024.19921875,38180.05078125,38011.171875,38152.1484375,29282392,0.0,0.0
2024-04-22 12:30:00-04:00,38152.53125,38299.26953125,38125.2890625,38297.3984375,25181395,0.0,0.0
2024-04-22 13:30:00-04:00,38298.96875,38447.16015625,38286.48046875,38429.05859375,31374366,0.0,0.0
2024-04-22 14:30:00-04:00,38429.28125,38445.1796875,38293.37109375,38319.8984375,35566680,0.0,0.0
2024-04-22 15:30:00-04:00,38319.55078125,38319.55078125,38201.3203125,38247.5390625,46866406,0.0,0.0
2024-04-23 09:30:00-04:00,38356.0703125,38436.51171875,38297.71875,38387.76953125,0,0.0,0.0
2024-04-23 10:30:00-04:00,38385.55859375,38509.12109375,38381.73828125,38460.01171875,37505158,0.0,0.0
2024-04-23 11:30:00-04:00,38459.83984375,38493.01171875,38410.30859375,38487.94140625,30809703,0.0,0.0
2024-04-23 12:30:00-04:00,38488.328125,38517.30859375,38454.96875,38514.94140625,26114990,0.0,0.0
2024-04-23 13:30:00-04:00,38514.98828125,38561.5,38488.921875,38515.1796875,26479337,0.0,0.0
2024-04-23 14:30:00-04:00,38514.8515625,38528.421875,38469.37890625,38486.23828125,26710593,0.0,0.0
2024-04-23 15:30:00-04:00,38486.01171875,38519.51953125,38465.140625,38497.80859375,43673404,0.0,0.0
2024-04-24 09:30:00-04:00,38552.7890625,38552.7890625,38427.640625,38485.46875,0,0.0,0.0
2024-04-24 10:30:00-04:00,38485.609375,38486.1015625,38323.87890625,38367.4609375,35521809,0.0,0.0
2024-04-24 11:30:00-04:00,38367.578125,38398.25,38310.55078125,38384.9609375,31916112,0.0,0.0
2024-04-24 12:30:00-04:00,38384.828125,38438.48828125,38319.609375,38433.671875,26039927,0.0,0.0
2024-04-24 13:30:00-04:00,38433.05859375,38546.75,38433.05859375,38447.51953125,28647714,0.0,0.0
2024-04-24 14:30:00-04:00,38447.73046875,38510.8203125,38392.73046875,38487.01171875,33656340,0.0,0.0
2024-04-24 15:30:00-04:00,38487.2109375,38510.05859375,38462.328125,38462.328125,51014742,0.0,0.0
2024-04-25 09:30:00-04:00,38052.08984375,38052.08984375,37754.37890625,37823.421875,0,0.0,0.0
2024-04-25 10:30:00-04:00,37823.0703125,37884.921875,37759.05078125,37873.390625,46349655,0.0,0.0
2024-04-25 11:30:00-04:00,37874.71875,37988.1015625,37837.73828125,37984.0390625,34973890,0.0,0.0
2024-04-25 12:30:00-04:00,37984.25,38035.171875,37967.83984375,38020.1796875,29997963,0.0,0.0
2024-04-25 13:30:00-04:00,38020.83984375,38156.578125,38000.140625,38002.140625,33207234,0.0,0.0
2024-04-25 14:30:00-04:00,37998.4296875,38157.21875,37973.3984375,38147.44921875,38107023,0.0,0.0
2024-04-25 15:30:00-04:00,38147.2890625,38147.2890625,38047.91015625,38091.87109375,50734595,0.0,0.0
2024-04-26 09:30:00-04:00,38114.69921875,38302.76953125,38065.05078125,38257.9296875,0,0.0,0.0
2024-04-26 10:30:00-04:00,38258.0,38285.01953125,38147.23046875,38168.80078125,48741470,0.0,0.0
2024-04-26 11:30:00-04:00,38169.28125,38260.28125,38164.9296875,38254.6796875,38823318,0.0,0.0
2024-04-26 12:30:00-04:00,38254.2109375,38321.640625,38242.1015625,38301.01953125,31311424,0.0,0.0
2024-04-26 13:30:00-04:00,38301.2109375,38337.640625,38275.87890625,38283.76953125,30203438,0.0,0.0
2024-04-26 14:30:00-04:00,38284.3515625,38310.41015625,38263.171875,38306.53125,32931546,0.0,0.0
2024-04-26 15:30:00-04:00,38306.69921875,38306.69921875,38231.05859375,38232.8203125,49582320,0.0,0.0
2024-04-29 09:30:00-04:00,38282.16015625,38394.30078125,38282.16015625,38356.48046875,0,0.0,0.0
2024-04-29 10:30:00-04:00,38356.87890625,38367.9296875,38283.3984375,38315.9609375,39704310,0.0,0.0
2024-04-29 11:30:00-04:00,38315.03125,38338.37890625,38288.71875,38337.76953125,29502310,0.0,0.0
2024-04-29 12:30:00-04:00,38337.76171875,38373.828125,38333.44921875,38363.53125,26723053,0.0,0.0
2024-04-29 13:30:00-04:00,38363.859375,38406.19921875,38354.8203125,38359.578125,27379564,0.0,0.0
2024-04-29 14:30:00-04:00,38359.3203125,38379.51171875,38215.46875,38309.98828125,35652003,0.0,0.0
2024-04-29 15:30:00-04:00,38310.33984375,38391.51171875,38305.5390625,38391.51171875,42835520,0.0,0.0
2024-04-30 09:30:00-04:00,38337.3984375,38337.3984375,38138.1796875,38187.55078125,0,0.0,0.0
2024-04-30 10:30:00-04:00,38185.3984375,38279.44921875,38069.58984375,38083.62890625,41717442,0.0,0.0
2024-04-30 11:30:00-04:00,38084.19140625,38099.890625,38038.5390625,38062.80859375,33119447,0.0,0.0
2024-04-30 12:30:00-04:00,38064.33984375,38065.3984375,37952.8515625,37994.28125,31148063,0.0,0.0
2024-04-30 13:30:00-04:00,37993.859375,38076.44140625,37969.19140625,37975.4609375,28742388,0.0,0.0
2024-04-30 14:30:00-04:00,37975.30859375,38005.78125,37908.48828125,37934.12109375,40111484,0.0,0.0
2024-04-30 15:30:00-04:00,37934.4609375,37968.55078125,37810.12109375,37823.5703125,73369295,0.0,0.0
2024-05-01 09:30:00-04:00,37845.55859375,37940.609375,37780.5390625,37877.0390625,0,0.0,0.0
2024-05-01 10:30:00-04:00,37876.44921875,37935.8203125,37839.98046875,37911.859375,43148411,0.0,0.0
2024-05-01 11:30:00-04:00,37912.37890625,37962.6484375,37897.80078125,37940.26953125,33384305,0.0,0.0
2024-05-01 12:30:00-04:00,37940.37109375,37943.51953125,37892.19140625,37938.21875,25092665,0.0,0.0
2024-05-01 13:30:00-04:00,37938.12109375,38066.328125,37928.30859375,38064.921875,33773348,0.0,0.0
2024-05-01 14:30:00-04:00,38065.21875,38349.19921875,37952.44921875,38260.73828125,70078401,0.0,0.0
2024-05-01 15:30:00-04:00,38261.1796875,38261.1796875,37885.921875,37885.921875,63390598,0.0,0.0
2024-05-02 09:30:00-04:00,38075.6484375,38148.609375,37895.66015625,38053.28125,0,0.0,0.0
2024-05-02 10:30:00-04:00,38055.1015625,38135.1484375,37973.66015625,38075.25,37504721,0.0,0.0
2024-05-02 11:30:00-04:00,38075.37890625,38103.5703125,38017.91015625,38044.62890625,29996354,0.0,0.0
2024-05-02 12:30:00-04:00,38046.98046875,38161.921875,37991.26171875,38161.921875,27832681,0.0,0.0
2024-05-02 13:30:00-04:00,38161.62109375,38210.1015625,38127.16015625,38192.51171875,33131434,0.0,0.0
2024-05-02 14:30:00-04:00,38193.0703125,38295.2890625,38186.05078125,38238.69921875,37760743,0.0,0.0
2024-05-02 15:30:00-04:00,38238.41015625,38238.41015625,38148.12109375,38234.37890625,49837387,0.0,0.0
2024-05-03 09:30:00-04:00,38709.359375,38808.51953125,38536.859375,38587.28125,0,0.0,0.0
2024-05-03 10:30:00-04:00,38587.30859375,38613.26171875,38518.28125,38593.30859375,48561548,0.0,0.0
2024-05-03 11:30:00-04:00,38592.80078125,38683.0703125,38592.80078125,38663.30859375,31309360,0.0,0.0
2024-05-03 12:30:00-04:00,38664.171875,38698.62890625,38637.91015625,38677.46875,33161494,0.0,0.0
2024-05-03 13:30:00-04:00,38677.48828125,38728.96875,38651.6796875,38713.55078125,30374578,0.0,0.0
2024-05-03 14:30:00-04:00,38713.171875,38732.16015625,38656.48828125,38685.28125,38410384,0.0,0.0
2024-05-03 15:30:00-04:00,38685.08984375,38707.078125,38651.66015625,38677.3203125,49049686,0.0,0.0
2024-05-06 09:30:00-04:00,38762.4296875,38886.46875,38762.4296875,38821.671875,0,0.0,0.0
2024-05-06 10:30:00-04:00,38782.46875,38806.62890625,38704.421875,38720.19921875,36327337,0.0,0.0
2024-05-06 11:30:00-04:00,38720.328125,38736.73828125,38689.37890625,38720.23046875,28011484,0.0,0.0
2024-05-06 12:30:00-04:00,38720.37890625,38785.2109375,38718.98046875,38777.96875,26611858,0.0,0.0
2024-05-06 13:30:00-04:00,38777.3515625,38864.140625,38773.2109375,38853.859375,27416695,0.0,0.0
2024-05-06 14:30:00-04:00,38853.640625,38856.140625,38747.91015625,38765.12109375,34205977,0.0,0.0
2024-05-06 15:30:00-04:00,38765.48828125,38853.62890625,38759.12890625,38853.05859375,44863031,0.0,0.0
2024-05-07 09:30:00-04:00,38858.94140625,38977.609375,38858.94140625,38963.91015625,0,0.0,0.0
2024-05-07 10:30:00-04:00,38963.87890625,38972.3203125,38924.5,38936.8203125,46873113,0.0,0.0
2024-05-07 11:30:00-04:00,38935.87109375,38938.76171875,38897.3984375,38909.390625,33399654,0.0,0.0
2024-05-07 12:30:00-04:00,38909.7109375,38940.890625,38869.609375,38937.69921875,25512452,0.0,0.0
2024-05-07 13:30:00-04:00,38937.62109375,38946.890625,38853.671875,38863.53125,26691514,0.0,0.0
2024-05-07 14:30:00-04:00,38863.30078125,38888.8203125,38840.3984375,38887.78125,32617064,0.0,0.0
2024-05-07 15:30:00-04:00,38887.87890625,38932.6015625,38876.8203125,38878.2890625,44989514,0.0,0.0
2024-05-08 09:30:00-04:00,38818.8984375,38921.44921875,38814.98828125,38909.51953125,0,0.0,0.0
2024-05-08 10:30:00-04:00,38909.26171875,38983.171875,38892.3984375,38971.53125,31478351,0.0,0.0
2024-05-08 11:30:00-04:00,38970.0390625,38982.12109375,38950.83984375,38956.73828125,26702254,0.0,0.0
2024-05-08 12:30:00-04:00,38956.8984375,38972.44921875,38928.19140625,38953.7109375,22010054,0.0,0.0
2024-05-08 13:30:00-04:00,38953.76171875,39039.73046875,38948.30859375,39037.359375,24466084,0.0,0.0
2024-05-08 14:30:00-04:00,39037.19140625,39060.609375,38996.921875,39048.26171875,28643250,0.0,0.0
2024-05-08 15:30:00-04:00,39048.12890625,39094.73828125,39046.28125,39056.7109375,37436038,0.0,0.0
2024-05-09 09:30:00-04:00,39064.26953125,39221.8203125,38988.8515625,39205.76953125,0,0.0,0.0
2024-05-09 10:30:00-04:00,39205.96875,39274.5,39205.6484375,39247.19921875,34733291,0.0,0.0
2024-05-09 11:30:00-04:00,39247.94140625,39255.75,39203.94140625,39216.19921875,24575902,0.0,0.0
2024-05-09 12:30:00-04:00,39215.9296875,39303.890625,39212.19140625,39303.55078125,25214620,0.0,0.0
2024-05-09 13:30:00-04:00,39304.6796875,39331.328125,39296.55078125,39331.12890625,26536828,0.0,0.0
2024-05-09 14:30:00-04:00,39330.91015625,39387.609375,39326.44140625,39378.30859375,27444849,0.0,0.0
2024-05-09 15:30:00-04:00,39378.171875,39413.66015625,39369.48046875,39394.44921875,47627860,0.0,0.0
2024-05-10 09:30:00-04:00,39466.51953125,39579.87890625,39466.51953125,39515.03125,0,0.0,0.0
2024-05-10 10:30:00-04:00,39514.4296875,39537.80859375,39442.75,39457.921875,35498588,0.0,0.0
2024-05-10 11:30:00-04:00,39458.44140625,39494.859375,39406.26171875,39472.8515625,26136551,0.0,0.0
2024-05-10 12:30:00-04:00,39472.921875,39510.23828125,39460.73046875,39465.62109375,20812939,0.0,0.0
2024-05-10 13:30:00-04:00,39465.80078125,39494.0703125,39458.33984375,39479.23046875,22310780,0.0,0.0
2024-05-10 14:30:00-04:00,39479.3515625,39527.3515625,39447.828125,39523.37890625,25454999,0.0,0.0
2024-05-10 15:30:00-04:00,39524.08984375,39545.48828125,39502.12109375,39510.05078125,41954787,0.0,0.0
2024-05-13 09:30:00-04:00,39591.28125,39647.390625,39577.5703125,39588.3515625,0,0.0,0.0
2024-05-13 10:30:00-04:00,39588.58984375,39590.19140625,39519.80859375,39521.98046875,40439521,0.0,0.0
2024-05-13 11:30:00-04:00,39522.140625,39526.609375,39491.01171875,39502.78125,30748546,0.0,0.0
2024-05-13 12:30:00-04:00,39503.30859375,39504.73828125,39403.05078125,39450.609375,27175013,0.0,0.0
2024-05-13 13:30:00-04:00,39450.80078125,39459.2109375,39418.26953125,39455.30859375,28963444,0.0,0.0
2024-05-13 14:30:00-04:00,39455.2109375,39473.390625,39428.30078125,39445.30078125,26856660,0.0,0.0
2024-05-13 15:30:00-04:00,39445.46875,39473.94921875,39416.6015625,39435.58984375,42558694,0.0,0.0
2024-05-14 09:30:00-04:00,39466.76171875,39546.421875,39418.80859375,39509.4609375,0,0.0,0.0
2024-05-14 10:30:00-04:00,39509.5703125,39512.078125,39411.87109375,39440.0390625,35454705,0.0,0.0
2024-05-14 11:30:00-04:00,39438.80859375,39441.87109375,39416.328125,39433.80078125,28370375,0.0,0.0
2024-05-14 12:30:00-04:00,39433.328125,39437.8515625,39371.921875,39390.69921875,21104074,0.0,0.0
2024-05-14 13:30:00-04:00,39390.73828125,39492.4609375,39386.328125,39489.859375,24554646,0.0,0.0
2024-05-14 14:30:00-04:00,39489.71875,39616.41015625,39485.3515625,39587.0,31584889,0.0,0.0
2024-05-14 15:30:00-04:00,39586.48828125,39597.2109375,39550.62109375,39551.46875,43888578,0.0,0.0
2024-05-15 09:30:00-04:00,39615.1015625,39794.0703125,39615.1015625,39706.671875,0,0.0,0.0
2024-05-15 10:30:00-04:00,39706.890625,39838.46875,39706.859375,39838.46875,59587914,0.0,0.0
2024-05-15 11:30:00-04:00,39838.76171875,39842.5,39761.6015625,39795.51171875,31560904,0.0,0.0
2024-05-15 12:30:00-04:00,39796.5703125,39864.8984375,39788.1796875,39856.37109375,37954870,0.0,0.0
2024-05-15 13:30:00-04:00,39857.12890625,39865.73046875,39808.9296875,39836.6015625,32269621,0.0,0.0
2024-05-15 14:30:00-04:00,39836.890625,39864.171875,39813.1484375,39847.94921875,35266670,0.0,0.0
2024-05-15 15:30:00-04:00,39847.73828125,39935.0390625,39840.21875,39915.890625,52498695,0.0,0.0
2024-05-16 09:30:00-04:00,39912.33984375,39997.73046875,39879.83984375,39989.4609375,0,0.0,0.0
2024-05-16 10:30:00-04:00,39989.390625,40051.05078125,39970.421875,40029.359375,43515113,0.0,0.0
2024-05-16 11:30:00-04:00,40030.01171875,40048.2109375,39977.328125,39980.828125,36954177,0.0,0.0
2024-05-16 12:30:00-04:00,39980.19140625,40003.37890625,39923.48046875,39939.75,30404626,0.0,0.0
2024-05-16 13:30:00-04:00,39940.671875,39955.69140625,39874.37890625,39917.21875,34925862,0.0,0.0
2024-05-16 14:30:00-04:00,39917.75,39977.69140625,39916.73828125,39960.44921875,35287983,0.0,0.0
2024-05-16 15:30:00-04:00,39960.0,39972.98046875,39864.6796875,39879.16015625,52591881,0.0,0.0
2024-05-17 09:30:00-04:00,39911.71875,39951.30078125,39861.01171875,39911.26171875,0,0.0,0.0
2024-05-17 10:30:00-04:00,39910.9296875,39923.87890625,39879.5,39885.73828125,30373999,0.0,0.0
2024-05-17 11:30:00-04:00,39886.0703125,39914.46875,39863.5703125,39895.390625,24644723,0.0,0.0
2024-05-17 12:30:00-04:00,39895.390625,39947.21875,39891.41015625,39941.3203125,21852749,0.0,0.0
2024-05-17 13:30:00-04:00,39941.30078125,39955.671875,39858.859375,39901.73046875,28626248,0.0,0.0
2024-05-17 14:30:00-04:00,39901.73046875,39980.19921875,39892.5390625,39979.66015625,26421836,0.0,0.0
2024-05-17 15:30:00-04:00,39979.58984375,40007.73046875,39963.44140625,40007.2109375,41542334,0.0,0.0
2024-05-20 09:30:00-04:00,39989.76171875,40051.578125,39911.05078125,40050.828125,0,0.0,0.0
2024-05-20 10:30:00-04:00,40051.0,40074.83984375,40034.98828125,40064.8203125,30033716,0.0,0.0
2024-05-20 11:30:00-04:00,40065.1796875,40077.3984375,39986.16015625,39996.73828125,25435733,0.0,0.0
2024-05-20 12:30:00-04:00,39996.828125,39998.16015625,39908.21875,39918.94140625,21518479,0.0,0.0
2024-05-20 13:30:00-04:00,39918.578125,39918.578125,39796.76171875,39852.98828125,22494289,0.0,0.0
2024-05-20 14:30:00-04:00,39852.890625,39871.140625,39815.671875,39829.08984375,23561134,0.0,0.0
2024-05-20 15:30:00-04:00,39829.3984375,39832.0390625,39787.08984375,39816.359375,39833099,0.0,0.0
2024-05-21 09:30:00-04:00,39804.3984375,39873.21875,39778.73046875,39862.55859375,0,0.0,0.0
2024-05-21 10:30:00-04:00,39862.55859375,39890.66015625,39830.1796875,39869.66015625,36340406,0.0,0.0
2024-05-21 11:30:00-04:00,39869.8203125,39873.48046875,39805.78125,39822.109375,29674698,0.0,0.0
2024-05-21 12:30:00-04:00,39822.37109375,39839.3515625,39789.98828125,39813.19921875,23199633,0.0,0.0
2024-05-21 13:30:00-04:00,39813.08984375,39852.5703125,39808.05078125,39842.078125,26466426,0.0,0.0
2024-05-21 14:30:00-04:00,39841.87109375,39869.828125,39818.75,39860.26953125,26753957,0.0,0.0
2024-05-21 15:30:00-04:00,39860.23828125,39905.80078125,39854.1796875,39879.921875,41917826,0.0,0.0
2024-05-22 09:30:00-04:00,39863.328125,39890.91015625,39798.5703125,39881.6796875,0,0.0,0.0
2024-05-22 10:30:00-04:00,39881.76953125,39888.33984375,39820.8203125,39823.53125,26580502,0.0,0.0
2024-05-22 11:30:00-04:00,39823.58984375,39833.0,39766.828125,39830.3984375,21468575,0.0,0.0
2024-05-22 12:30:00-04:00,39830.69140625,39854.30078125,39812.609375,39812.7890625,20529680,0.0,0.0
2024-05-22 13:30:00-04:00,39813.01953125,39816.46875,39577.3203125,39577.3203125,25143806,0.0,0.0
2024-05-22 14:30:00-04:00,39576.44140625,39652.578125,39559.08984375,39624.55859375,27618194,0.0,0.0
2024-05-22 15:30:00-04:00,39624.75,39689.5703125,39573.171875,39669.58984375,36920623,0.0,0.0
2024-05-23 09:30:00-04:00,39694.94921875,39694.94921875,39387.9609375,39397.96875,62770102,0.0,0.0
2024-05-23 10:30:00-04:00,39399.75,39456.1015625,39362.23046875,39369.80859375,37770215,0.0,0.0
2024-05-23 11:30:00-04:00,39369.640625,39445.1796875,39369.5703125,39420.12890625,27864311,0.0,0.0
2024-05-23 12:30:00-04:00,39419.73046875,39430.0390625,39245.01171875,39284.3984375,23920386,0.0,0.0
2024-05-23 13:30:00-04:00,39284.3515625,39285.46875,39034.0703125,39062.48828125,32732790,0.0,0.0
2024-05-23 14:30:00-04:00,39061.8515625,39104.12109375,39033.25,39057.21875,34880968,0.0,0.0
2024-05-23 15:30:00-04:00,39057.0390625,39083.5703125,39025.51171875,39066.8984375,42170198,0.0,0.0
2024-05-24 09:30:00-04:00,39089.23046875,39186.859375,39078.0390625,39116.76953125,0,0.0,0.0
2024-05-24 10:30:00-04:00,39116.94921875,39220.30859375,39042.62109375,39181.80078125,29717869,0.0,0.0
2024-05-24 11:30:00-04:00,39182.0390625,39204.109375,39132.53125,39174.73828125,22079297,0.0,0.0
2024-05-24 12:30:00-04:00,39174.62890625,39175.4609375,39116.23828125,39146.80859375,17607610,0.0,0.0
2024-05-24 13:30:00-04:00,39146.73828125,39152.28125,39091.76171875,39093.26171875,19068395,0.0,0.0
2024-05-24 14:30:00-04:00,39093.28125,39116.6484375,39020.2890625,39050.44140625,23395083,0.0,0.0
2024-05-24 15:30:00-04:00,39050.390625,39089.94921875,39037.8984375,39069.03125,31179758,0.0,0.0
2024-05-28 09:30:00-04:00,39028.98828125,39028.98828125,38905.76953125,38927.640625,0,0.0,0.0
2024-05-28 10:30:00-04:00,38927.7109375,38954.51171875,38892.87109375,38934.140625,32367845,0.0,0.0
2024-05-28 11:30:00-04:00,38933.98046875,38942.30078125,38891.2109375,38902.75,25583537,0.0,0.0
2024-05-28 12:30:00-04:00,38902.94921875,38924.01171875,38815.5390625,38828.91015625,21479403,0.0,0.0
2024-05-28 13:30:00-04:00,38828.76171875,38849.05078125,38750.51171875,38755.96875,25794016,0.0,0.0
2024-05-28 14:30:00-04:00,38756.12890625,38791.53125,38706.140625,38763.8203125,30334294,0.0,0.0
2024-05-28 15:30:00-04:00,38763.73828125,38858.83984375,38762.0390625,38853.4609375,40138300,0.0,0.0
2024-05-29 09:30:00-04:00,38716.28125,38716.28125,38413.671875,38538.87890625,0,0.0,0.0
2024-05-29 10:30:00-04:00,38539.08984375,38555.76171875,38473.6015625,38497.390625,32460546,0.0,0.0
2024-05-29 11:30:00-04:00,38497.23828125,38532.03125,38455.05859375,38520.91015625,22759459,0.0,0.0
2024-05-29 12:30:00-04:00,38520.421875,38526.359375,38462.26953125,38509.890625,20038443,0.0,0.0
2024-05-29 13:30:00-04:00,38510.05859375,38514.66015625,38461.21875,38470.51171875,22748002,0.0,0.0
2024-05-29 14:30:00-04:00,38470.25,38523.19140625,38442.53125,38505.6484375,27365595,0.0,0.0
2024-05-29 15:30:00-04:00,38505.76953125,38529.26171875,38427.73828125,38446.87890625,41449050,0.0,0.0
2024-05-30 09:30:00-04:00,38368.3515625,38368.3515625,38000.9609375,38067.96875,0,0.0,0.0
2024-05-30 10:30:00-04:00,38069.41015625,38085.05859375,38045.28125,38055.1015625,8859536,0.0,0.0
2024-05-30 11:30:00-04:00,38090.7109375,38136.58984375,38080.0,38101.671875,62059880,0.0,0.0
2024-05-30 12:30:00-04:00,38101.75,38199.46875,38098.05859375,38180.19140625,27515605,0.0,0.0
2024-05-30 13:30:00-04:00,38180.48046875,38193.87109375,38107.69140625,38147.55078125,28018270,0.0,0.0
2024-05-30 14:30:00-04:00,38147.69921875,38158.828125,38093.44140625,38132.53125,37910821,0.0,0.0
2024-05-30 15:30:00-04:00,38132.4609375,38148.9609375,38016.8515625,38108.4296875,55070687,0.0,0.0
2024-05-31 09:30:00-04:00,38140.26171875,38281.921875,38092.26953125,38149.51953125,0,0.0,0.0
2024-05-31 10:30:00-04:00,38148.73828125,38183.83984375,38121.9609375,38166.26953125,44064782,0.0,0.0
2024-05-31 11:30:00-04:00,38174.69140625,38190.19921875,38122.23828125,38186.01171875,31541012,0.0,0.0
2024-05-31 12:30:00-04:00,38185.5703125,38301.51171875,38177.73046875,38292.078125,30565548,0.0,0.0
2024-05-31 13:30:00-04:00,38292.0703125,38388.921875,38288.5,38360.66015625,30148757,0.0,0.0
2024-05-31 14:30:00-04:00,38360.76171875,38414.69140625,38341.96875,38385.578125,37523953,0.0,0.0
2024-05-31 15:30:00-04:00,38384.69921875,38719.4296875,38371.359375,38706.98046875,89271735,0.0,0.0
2024-06-03 09:30:00-04:00,38709.98828125,38735.609375,38575.69921875,38648.12890625,0,0.0,0.0
2024-06-03 10:30:00-04:00,38648.0703125,38648.98046875,38446.08984375,38464.71875,34095359,0.0,0.0
2024-06-03 11:30:00-04:00,38464.6484375,38470.66015625,38288.33984375,38297.37109375,28766516,0.0,0.0
2024-06-03 12:30:00-04:00,38296.01171875,38358.26953125,38247.21875,38352.55859375,26933584,0.0,0.0
2024-06-03 13:30:00-04:00,38352.73046875,38444.23828125,38351.9296875,38412.05859375,24929394,0.0,0.0
2024-06-03 14:30:00-04:00,38412.12890625,38502.03125,38412.12890625,38484.4296875,25432442,0.0,0.0
2024-06-03 15:30:00-04:00,38483.83984375,38575.98828125,38457.76953125,38571.390625,40189100,0.0,0.0
2024-06-04 09:30:00-04:00,38518.859375,38669.51953125,38397.8203125,38669.19140625,0,0.0,0.0
2024-06-04 10:30:00-04:00,38668.9609375,38680.0,38515.05859375,38546.0703125,31686856,0.0,0.0
2024-06-04 11:30:00-04:00,38546.78125,38551.44921875,38477.609375,38545.5703125,25817532,0.0,0.0
2024-06-04 12:30:00-04:00,38545.12109375,38638.73046875,38520.921875,38638.640625,24202948,0.0,0.0
2024-06-04 13:30:00-04:00,38639.23046875,38783.78125,38593.83984375,38776.03125,26853243,0.0,0.0
2024-06-04 14:30:00-04:00,38776.19140625,38786.62109375,38601.05078125,38653.30859375,30908927,0.0,0.0
2024-06-04 15:30:00-04:00,38653.2890625,38720.75,38629.25,38705.078125,39827518,0.0,0.0
2024-06-05 09:30:00-04:00,38774.8203125,38807.3203125,38548.76953125,38596.12890625,0,0.0,0.0
2024-06-05 10:30:00-04:00,38595.12109375,38738.01953125,38595.12109375,38735.80859375,38136243,0.0,0.0
2024-06-05 11:30:00-04:00,38735.19921875,38791.0703125,38704.80078125,38733.55859375,28610690,0.0,0.0
2024-06-05 12:30:00-04:00,38733.671875,38780.1796875,38692.58984375,38744.4296875,23261297,0.0,0.0
2024-06-05 13:30:00-04:00,38744.01171875,38809.37890625,38720.80078125,38805.5703125,25724184,0.0,0.0
2024-06-05 14:30:00-04:00,38805.76953125,38844.3203125,38776.55859375,38776.609375,29463460,0.0,0.0
2024-06-05 15:30:00-04:00,38776.6796875,38818.23828125,38743.96875,38805.55859375,44244335,0.0,0.0
2024-06-06 09:30:00-04:00,38825.3984375,39004.16015625,38740.33984375,38933.2109375,0,0.0,0.0
2024-06-06 10:30:00-04:00,38933.62890625,38933.62890625,38811.921875,38872.46875,29645518,0.0,0.0
2024-06-06 11:30:00-04:00,38872.828125,38885.26953125,38815.05859375,38823.1796875,24778601,0.0,0.0
2024-06-06 12:30:00-04:00,38823.4609375,38863.109375,38809.46875,38849.98046875,20008774,0.0,0.0
2024-06-06 13:30:00-04:00,38849.78125,38870.359375,38735.98828125,38796.609375,23758704,0.0,0.0
2024-06-06 14:30:00-04:00,38796.6484375,38904.19140625,38780.98046875,38899.94140625,25128421,0.0,0.0
2024-06-06 15:30:00-04:00,38900.19140625,38900.19140625,38853.94921875,38884.76953125,38924565,0.0,0.0
2024-06-07 09:30:00-04:00,38861.23828125,38988.05078125,38751.8515625,38985.80859375,0,0.0,0.0
2024-06-07 10:30:00-04:00,38985.5,39105.23046875,38900.75,38963.48828125,34166597,0.0,0.0
2024-06-07 11:30:00-04:00,38964.01953125,38990.4609375,38930.0390625,38953.69140625,24526670,0.0,0.0
2024-06-07 12:30:00-04:00,38953.8203125,39011.98828125,38903.37109375,38977.3984375,22004636,0.0,0.0
2024-06-07 13:30:00-04:00,38977.58984375,38982.94140625,38825.73046875,38898.23828125,23243355,0.0,0.0
2024-06-07 14:30:00-04:00,38897.87890625,38945.0,38843.2890625,38874.19921875,24023289,0.0,0.0
2024-06-07 15:30:00-04:00,38874.16015625,38881.58984375,38785.69921875,38797.73828125,39598380,0.0,0.0
2024-06-10 09:30:00-04:00,38784.8984375,38849.83984375,38665.44921875,38767.328125,0,0.0,0.0
2024-06-10 10:30:00-04:00,38768.390625,38775.328125,38692.1796875,38735.62890625,30393062,0.0,0.0
2024-06-10 11:30:00-04:00,38735.76171875,38793.578125,38734.921875,38765.58984375,27109684,0.0,0.0
2024-06-10 12:30:00-04:00,38765.4296875,38775.921875,38729.08984375,38769.671875,25502262,0.0,0.0
2024-06-10 13:30:00-04:00,38769.76171875,38863.03125,38764.91015625,38827.5,43499616,0.0,0.0
2024-06-10 14:30:00-04:00,38827.33984375,38877.859375,38820.25,38850.51953125,38930130,0.0,0.0
2024-06-10 15:30:00-04:00,38850.859375,38876.73828125,38805.890625,38876.73828125,46150816,0.0,0.0
2024-06-11 09:30:00-04:00,38795.7109375,38795.7109375,38446.23828125,38604.37109375,0,0.0,0.0
2024-06-11 10:30:00-04:00,38604.7890625,38694.87109375,38583.58984375,38633.6015625,55634824,0.0,0.0
2024-06-11 11:30:00-04:00,38634.6484375,38671.76171875,38563.2109375,38568.328125,41204926,0.0,0.0
2024-06-11 12:30:00-04:00,38568.5703125,38631.58984375,38557.75,38600.19921875,30733401,0.0,0.0
2024-06-11 13:30:00-04:00,38600.16015625,38730.69921875,38599.78125,38729.609375,27649126,0.0,0.0
2024-06-11 14:30:00-04:00,38729.0,38760.7890625,38696.26171875,38700.55078125,33459082,0.0,0.0
2024-06-11 15:30:00-04:00,38701.41015625,38752.58984375,38672.890625,38750.9609375,45479778,0.0,0.0
2024-06-12 09:30:00-04:00,38950.6484375,39120.26171875,38930.4296875,38953.7890625,0,0.0,0.0
2024-06-12 10:30:00-04:00,38954.12109375,39019.62890625,38847.76953125,38871.76953125,58836797,0.0,0.0
2024-06-12 11:30:00-04:00,38871.46875,38880.5390625,38815.21875,38815.359375,40383956,0.0,0.0
2024-06-12 12:30:00-04:00,38810.83984375,38830.12109375,38769.4609375,38794.12109375,33817718,0.0,0.0
2024-06-12 13:30:00-04:00,38793.25,38808.2109375,38676.3984375,38771.12890625,41850511,0.0,0.0
2024-06-12 14:30:00-04:00,38772.44140625,38858.87890625,38649.140625,38659.609375,55375615,0.0,0.0
2024-06-12 15:30:00-04:00,38659.640625,38760.55078125,38621.44921875,38706.8203125,68971105,0.0,0.0
2024-06-13 09:30:00-04:00,38677.12109375,38677.12109375,38440.3984375,38459.01953125,0,0.0,0.0
2024-06-13 10:30:00-04:00,38458.80859375,38497.3515625,38407.69921875,38497.3515625,38076624,0.0,0.0
2024-06-13 11:30:00-04:00,38497.12890625,38518.37890625,38415.53125,38419.890625,31277222,0.0,0.0
2024-06-13 12:30:00-04:00,38419.58984375,38593.21875,38414.5,38583.87890625,25047537,0.0,0.0
2024-06-13 13:30:00-04:00,38584.16015625,38628.76953125,38560.26953125,38626.80859375,22421628,0.0,0.0
2024-06-13 14:30:00-04:00,38626.94140625,38712.2109375,38616.16015625,38646.1484375,32560845,0.0,0.0
2024-06-13 15:30:00-04:00,38644.671875,38683.828125,38615.8203125,38641.21875,43173776,0.0,0.0
2024-06-14 09:30:00-04:00,38528.390625,38534.25,38305.8515625,38359.6015625,0,0.0,0.0
2024-06-14 10:30:00-04:00,38359.9609375,38520.55078125,38324.359375,38512.30078125,31990696,0.0,0.0
2024-06-14 11:30:00-04:00,38512.3515625,38557.6796875,38481.87890625,38516.421875,28083015,0.0,0.0
2024-06-14 12:30:00-04:00,38516.46875,38595.23828125,38507.0390625,38556.76953125,21331920,0.0,0.0
2024-06-14 13:30:00-04:00,38556.75,38558.48828125,38465.71875,38524.73046875,22065576,0.0,0.0
2024-06-14 14:30:00-04:00,38524.69921875,38579.05859375,38505.94921875,38565.94921875,22491377,0.0,0.0
2024-06-14 15:30:00-04:00,38565.53125,38591.7890625,38531.9609375,38590.9296875,32965160,0.0,0.0
2024-06-17 09:30:00-04:00,38565.1796875,38565.1796875,38431.94921875,38530.109375,0,0.0,0.0
2024-06-17 10:30:00-04:00,38529.98046875,38653.76171875,38498.98828125,38631.609375,36919244,0.0,0.0
2024-06-17 11:30:00-04:00,38631.8984375,38697.71875,38579.62890625,38695.9609375,28553232,0.0,0.0
2024-06-17 12:30:00-04:00,38695.87109375,38711.44921875,38661.66015625,38694.44921875,25426553,0.0,0.0
2024-06-17 13:30:00-04:00,38695.109375,38826.6796875,38694.1484375,38821.7109375,33287086,0.0,0.0
2024-06-17 14:30:00-04:00,38822.8515625,38827.98828125,38760.671875,38809.6796875,34474841,0.0,0.0
2024-06-17 15:30:00-04:00,38809.69140625,38839.87890625,38761.23828125,38782.62109375,48053706,0.0,0.0
2024-06-18 09:30:00-04:00,38779.12109375,38936.9296875,38764.51953125,38781.1484375,0,0.0,0.0
2024-06-18 10:30:00-04:00,38781.890625,38808.19921875,38727.671875,38765.30078125,36597598,0.0,0.0
2024-06-18 11:30:00-04:00,38765.30078125,38838.30859375,38760.3203125,38779.05859375,28714384,0.0,0.0
2024-06-18 12:30:00-04:00,38779.33984375,38798.30078125,38752.390625,38779.71875,25807935,0.0,0.0
2024-06-18 13:30:00-04:00,38779.80078125,38833.69140625,38766.3984375,38792.859375,23172532,0.0,0.0
2024-06-18 14:30:00-04:00,38792.69140625,38808.03125,38746.98828125,38786.8515625,27584784,0.0,0.0
2024-06-18 15:30:00-04:00,38787.71875,38846.12109375,38784.4296875,38837.94921875,37879195,0.0,0.0
2024-06-20 09:30:00-04:00,38804.73046875,39011.6796875,38778.4609375,38965.6015625,0,0.0,0.0
2024-06-20 10:30:00-04:00,38961.78125,38971.390625,38881.2890625,38898.78125,45724520,0.0,0.0
2024-06-20 11:30:00-04:00,38898.73828125,38984.05078125,38887.140625,38941.03125,35157273,0.0,0.0
2024-06-20 12:30:00-04:00,38940.1796875,39031.37109375,38908.08984375,39008.83984375,28831014,0.0,0.0
2024-06-20 13:30:00-04:00,39010.08984375,39215.91015625,38991.2890625,39215.078125,32872558,0.0,0.0
2024-06-20 14:30:00-04:00,39215.16015625,39232.5,39106.609375,39155.55859375,37469969,0.0,0.0
2024-06-20 15:30:00-04:00,39155.98046875,39155.98046875,39072.37890625,39135.69140625,50353411,0.0,0.0
2024-06-21 09:30:00-04:00,39208.51171875,39257.1796875,39061.671875,39254.51953125,0,0.0,0.0
2024-06-21 10:30:00-04:00,39253.9296875,39253.9296875,39108.94140625,39109.66015625,40165254,0.0,0.0
2024-06-21 11:30:00-04:00,39109.91015625,39135.2109375,39083.71875,39124.30859375,28800517,0.0,0.0
2024-06-21 12:30:00-04:00,39124.05078125,39168.2890625,39114.94140625,39132.1796875,33864630,0.0,0.0
2024-06-21 13:30:00-04:00,39132.05078125,39187.078125,39110.8984375,39183.359375,25098471,0.0,0.0
2024-06-21 14:30:00-04:00,39182.96875,39182.96875,39133.01171875,39148.44140625,32556334,0.0,0.0
2024-06-21 15:30:00-04:00,39148.9609375,39195.19921875,39137.78125,39155.1015625,75174622,0.0,0.0
2024-06-24 09:30:00-04:00,39184.48828125,39503.48046875,39184.48828125,39466.76171875,0,0.0,0.0
2024-06-24 10:30:00-04:00,39467.41015625,39571.23046875,39466.1015625,39535.2109375,46818478,0.0,0.0
2024-06-24 11:30:00-04:00,39534.140625,39547.75,39476.80078125,39492.2890625,30075120,0.0,0.0
2024-06-24 12:30:00-04:00,39493.0390625,39502.78125,39399.62890625,39417.94140625,26232204,0.0,0.0
2024-06-24 13:30:00-04:00,39417.7109375,39425.12890625,39363.1484375,39416.4296875,26676442,0.0,0.0
2024-06-24 14:30:00-04:00,39416.69921875,39451.140625,39410.4609375,39428.44140625,29439322,0.0,0.0
2024-06-24 15:30:00-04:00,39428.078125,39477.6484375,39404.73046875,39413.859375,47656091,0.0,0.0
2024-06-25 09:30:00-04:00,39398.7890625,39423.26171875,39234.12109375,39285.48828125,0,0.0,0.0
2024-06-25 10:30:00-04:00,39287.078125,39304.328125,39127.03125,39149.25,34457321,0.0,0.0
2024-06-25 11:30:00-04:00,39149.3515625,39161.71875,39067.80859375,39067.80859375,26509971,0.0,0.0
2024-06-25 12:30:00-04:00,39068.48046875,39112.98828125,38997.23046875,39112.9296875,22051645,0.0,0.0
2024-06-25 13:30:00-04:00,39113.390625,39162.0,39087.26953125,39161.33984375,21066503,0.0,0.0
2024-06-25 14:30:00-04:00,39161.0390625,39165.76171875,39103.4609375,39148.37890625,24244262,0.0,0.0
2024-06-25 15:30:00-04:00,39149.3203125,39149.3203125,39084.96875,39116.58984375,39721179,0.0,0.0
2024-06-26 09:30:00-04:00,39063.1484375,39063.1484375,38908.98828125,38974.69921875,57514793,0.0,0.0
2024-06-26 10:30:00-04:00,38974.53125,39083.8984375,38966.71875,39063.4609375,41479019,0.0,0.0
2024-06-26 11:30:00-04:00,39063.26953125,39160.66015625,39056.2890625,39151.94921875,31632306,0.0,0.0
2024-06-26 12:30:00-04:00,39152.23046875,39170.55859375,39111.7109375,39146.2890625,25989908,0.0,0.0
2024-06-26 13:30:00-04:00,39146.03125,39171.640625,39129.44140625,39162.4609375,29147364,0.0,0.0
2024-06-26 14:30:00-04:00,39163.078125,39180.80859375,39127.109375,39130.109375,29971753,0.0,0.0
2024-06-26 15:30:00-04:00,39130.23046875,39183.73828125,39111.3515625,39126.578125,40048471,0.0,0.0
2024-06-27 09:30:00-04:00,39107.1015625,39192.23828125,39049.0,39187.0703125,0,0.0,0.0
2024-06-27 10:30:00-04:00,39185.859375,39250.69140625,39164.73828125,39186.98828125,35516490,0.0,0.0
2024-06-27 11:30:00-04:00,39186.76953125,39247.328125,39168.05859375,39224.48046875,37607654,0.0,0.0
2024-06-27 12:30:00-04:00,39223.4296875,39248.48828125,39182.171875,39244.01171875,30825113,0.0,0.0
2024-06-27 13:30:00-04:00,39243.8203125,39245.62109375,39046.16015625,39046.390625,27492392,0.0,0.0
2024-06-27 14:30:00-04:00,39044.80078125,39129.3203125,39026.75,39125.83984375,30287349,0.0,0.0
2024-06-27 15:30:00-04:00,39126.75,39176.21875,39126.2890625,39176.21875,45934896,0.0,0.0
2024-06-28 09:30:00-04:00,39092.390625,39427.3203125,39092.16015625,39354.6015625,0,0.0,0.0
2024-06-28 10:30:00-04:00,39355.859375,39443.6015625,39238.5703125,39258.5,56699022,0.0,0.0
2024-06-28 11:30:00-04:00,39259.140625,39307.94140625,39142.26171875,39199.1796875,46169954,0.0,0.0
2024-06-28 12:30:00-04:00,39199.078125,39215.109375,39148.96875,39154.44140625,40641048,0.0,0.0
2024-06-28 13:30:00-04:00,39154.05078125,39155.26171875,39055.0390625,39056.1484375,33246730,0.0,0.0
2024-06-28 14:30:00-04:00,39056.078125,39063.46875,38993.0,39033.828125,41346426,0.0,0.0
2024-06-28 15:30:00-04:00,39033.62890625,39133.828125,38937.1484375,39116.890625,83503487,0.0,0.0
2024-07-01 09:30:00-04:00,39186.19921875,39438.359375,39162.75,39191.3203125,0,0.0,0.0
2024-07-01 10:30:00-04:00,39194.01953125,39200.859375,39037.94140625,39146.48046875,43490444,0.0,0.0
2024-07-01 11:30:00-04:00,39148.41015625,39193.33984375,39113.48828125,39191.87890625,30352492,0.0,0.0
2024-07-01 12:30:00-04:00,39192.921875,39215.66015625,39162.48828125,39184.33984375,31560570,0.0,0.0
2024-07-01 13:30:00-04:00,39184.30078125,39197.71875,39151.01953125,39154.8984375,26850424,0.0,0.0
2024-07-01 14:30:00-04:00,39154.76953125,39154.76953125,39072.83984375,39095.3203125,31080952,0.0,0.0
2024-07-01 15:30:00-04:00,39095.48046875,39191.640625,39090.921875,39162.0390625,38510257,0.0,0.0
2024-07-02 09:30:00-04:00,39108.25,39208.5390625,39085.69140625,39151.6796875,0,0.0,0.0
2024-07-02 10:30:00-04:00,39151.890625,39173.3203125,39104.53125,39172.28125,42266062,0.0,0.0
2024-07-02 11:30:00-04:00,39172.26171875,39192.05078125,39094.3984375,39126.83984375,28672533,0.0,0.0
2024-07-02 12:30:00-04:00,39127.41015625,39163.5703125,39091.5703125,39158.55859375,25791873,0.0,0.0
2024-07-02 13:30:00-04:00,39158.328125,39278.19921875,39154.421875,39270.05078125,26342367,0.0,0.0
2024-07-02 14:30:00-04:00,39270.19140625,39293.4609375,39252.03125,39286.69140625,26270003,0.0,0.0
2024-07-02 15:30:00-04:00,39286.83984375,39340.48828125,39281.25,39333.828125,36318806,0.0,0.0
2024-07-03 09:30:00-04:00,39358.94921875,39411.171875,39293.5390625,39333.421875,0,0.0,0.0
2024-07-03 10:30:00-04:00,39332.23046875,39350.71875,39243.8203125,39254.73828125,37366985,0.0,0.0
2024-07-03 11:30:00-04:00,39254.5390625,39313.9609375,39230.859375,39265.6015625,35936478,0.0,0.0
2024-07-05 09:30:00-04:00,39313.3984375,39335.51171875,39168.69921875,39202.08984375,0,0.0,0.0
2024-07-05 10:30:00-04:00,39200.7890625,39322.48828125,39190.7109375,39288.01171875,35899983,0.0,0.0
2024-07-05 11:30:00-04:00,39287.9609375,39346.8203125,39260.5,39261.41015625,30043743,0.0,0.0
2024-07-05 12:30:00-04:00,39261.37890625,39276.1015625,39222.05859375,39259.98828125,21718301,0.0,0.0
2024-07-05 13:30:00-04:00,39260.05078125,39339.87890625,39260.05078125,39320.9296875,23782038,0.0,0.0
2024-07-05 14:30:00-04:00,39321.19140625,39381.01171875,39313.0703125,39340.69921875,22684335,0.0,0.0
2024-07-05 15:30:00-04:00,39340.671875,39399.62109375,39338.7890625,39370.9296875,39835826,0.0,0.0
2024-07-08 09:30:00-04:00,39391.98046875,39654.9609375,39391.98046875,39536.25,0,0.0,0.0
2024-07-08 10:30:00-04:00,39534.19921875,39558.87890625,39418.12890625,39421.4609375,41200269,0.0,0.0
2024-07-08 11:30:00-04:00,39421.71875,39427.9296875,39289.76171875,39323.75,33703482,0.0,0.0
2024-07-08 12:30:00-04:00,39323.91015625,39353.55859375,39278.4296875,39291.53125,27627665,0.0,0.0
2024-07-08 13:30:00-04:00,39291.640625,39349.28125,39290.44140625,39332.73046875,27934706,0.0,0.0
2024-07-08 14:30:00-04:00,39332.87890625,39341.9296875,39289.7109375,39335.0,33573624,0.0,0.0
2024-07-08 15:30:00-04:00,39334.76171875,39349.41015625,39305.671875,39342.33984375,45744563,0.0,0.0
2024-07-09 09:30:00-04:00,39357.37109375,39357.37109375,39146.6015625,39192.2109375,85675254,0.0,0.0
2024-07-09 10:30:00-04:00,39192.25,39273.828125,39184.671875,39252.328125,41344785,0.0,0.0
2024-07-09 11:30:00-04:00,39252.359375,39366.62890625,39241.98046875,39366.62890625,34704957,0.0,0.0
2024-07-09 12:30:00-04:00,39366.41015625,39492.28125,39361.80859375,39413.26171875,30764983,0.0,0.0
2024-07-09 13:30:00-04:00,39413.03125,39425.609375,39308.21875,39308.7109375,30200792,0.0,0.0
2024-07-09 14:30:00-04:00,39309.01171875,39330.83984375,39248.109375,39307.98046875,31411055,0.0,0.0
2024-07-09 15:30:00-04:00,39308.0390625,39325.55078125,39280.4296875,39295.80859375,46348674,0.0,0.0
2024-07-10 09:30:00-04:00,39272.44921875,39326.01171875,39261.12890625,39264.19140625,0,0.0,0.0
2024-07-10 10:30:00-04:00,39263.66015625,39368.9296875,39256.71875,39367.890625,37602746,0.0,0.0
2024-07-10 11:30:00-04:00,39367.98046875,39489.48046875,39366.12109375,39469.48046875,33866891,0.0,0.0
2024-07-10 12:30:00-04:00,39470.9296875,39528.671875,39442.2890625,39488.0390625,28415203,0.0,0.0
2024-07-10 13:30:00-04:00,39489.62109375,39517.25,39467.62890625,39487.48046875,25576005,0.0,0.0
2024-07-10 14:30:00-04:00,39487.62109375,39556.5390625,39484.98046875,39543.48828125,31169910,0.0,0.0
2024-07-10 15:30:00-04:00,39544.0390625,39736.19921875,39541.640625,39714.3984375,43592759,0.0,0.0
2024-07-11 09:30:00-04:00,39695.1796875,39875.6015625,39623.12109375,39741.0390625,0,0.0,0.0
2024-07-11 10:30:00-04:00,39741.51953125,39860.1796875,39725.80859375,39824.44140625,49569888,0.0,0.0
2024-07-11 11:30:00-04:00,39821.859375,39841.4609375,39732.46875,39771.6015625,39057568,0.0,0.0
2024-07-11 12:30:00-04:00,39771.359375,39791.921875,39702.23046875,39773.390625,27632423,0.0,0.0
2024-07-11 13:30:00-04:00,39773.66015625,39808.48828125,39730.859375,39746.91015625,26044761,0.0,0.0
2024-07-11 14:30:00-04:00,39747.4296875,39791.859375,39731.12109375,39736.7109375,28908536,0.0,0.0
2024-07-11 15:30:00-04:00,39736.640625,39783.0703125,39721.140625,39757.7890625,46453226,0.0,0.0
2024-07-12 09:30:00-04:00,39783.28125,39961.26171875,39783.28125,39952.5390625,0,0.0,0.0
2024-07-12 10:30:00-04:00,39952.078125,40095.19140625,39914.671875,40092.01171875,38081411,0.0,0.0
2024-07-12 11:30:00-04:00,40090.75,40098.98828125,40028.62109375,40051.78125,29300262,0.0,0.0
2024-07-12 12:30:00-04:00,40052.76953125,40169.2890625,40037.3515625,40169.2890625,29953650,0.0,0.0
2024-07-12 13:30:00-04:00,40169.55859375,40257.23828125,40156.3515625,40195.26171875,31304462,0.0,0.0
2024-07-12 14:30:00-04:00,40195.83984375,40208.890625,40159.12890625,40185.16015625,28296831,0.0,0.0
2024-07-12 15:30:00-04:00,40185.46875,40185.46875,39977.71875,40013.76953125,44102763,0.0,0.0
2024-07-15 09:30:00-04:00,40138.3984375,40285.62109375,40136.1015625,40165.80078125,0,0.0,0.0
2024-07-15 10:30:00-04:00,40163.73046875,40319.55859375,40158.9296875,40268.48046875,37268807,0.0,0.0
2024-07-15 11:30:00-04:00,40267.75,40351.1015625,40250.01171875,40280.75,35190331,0.0,0.0
2024-07-15 12:30:00-04:00,40280.828125,40280.828125,40173.5390625,40195.87109375,26826648,0.0,0.0
2024-07-15 13:30:00-04:00,40195.87890625,40235.30078125,40136.8203125,40235.30078125,25545199,0.0,0.0
2024-07-15 14:30:00-04:00,40235.2109375,40333.53125,40228.44140625,40299.109375,25147714,0.0,0.0
2024-07-15 15:30:00-04:00,40298.75,40308.4296875,40139.80859375,40222.19921875,41183629,0.0,0.0
2024-07-16 09:30:00-04:00,40263.78125,40766.26953125,40263.78125,40748.83984375,0,0.0,0.0
2024-07-16 10:30:00-04:00,40747.109375,40849.6796875,40719.4609375,40809.75,34566287,0.0,0.0
2024-07-16 11:30:00-04:00,40810.80078125,40810.80078125,40696.25,40793.3203125,33394619,0.0,0.0
2024-07-16 12:30:00-04:00,40792.05078125,40851.48046875,40768.2109375,40769.05859375,29389328,0.0,0.0
2024-07-16 13:30:00-04:00,40768.76953125,40887.94921875,40758.55078125,40864.3515625,25950091,0.0,0.0
2024-07-16 14:30:00-04:00,40863.6796875,40954.55859375,40859.4609375,40947.55859375,27766837,0.0,0.0
2024-07-16 15:30:00-04:00,40947.08984375,40988.80859375,40908.80859375,40956.30859375,35767724,0.0,0.0
2024-07-17 09:30:00-04:00,40862.5703125,41135.87890625,40849.7109375,41117.390625,0,0.0,0.0
2024-07-17 10:30:00-04:00,41116.359375,41116.359375,41017.62890625,41099.05078125,50296299,0.0,0.0
2024-07-17 11:30:00-04:00,41099.12109375,41190.08984375,41071.51953125,41157.80859375,37111145,0.0,0.0
2024-07-17 12:30:00-04:00,41156.8203125,41211.12109375,41098.328125,41145.28125,37923762,0.0,0.0
2024-07-17 13:30:00-04:00,41145.1796875,41202.23828125,41111.23046875,41198.78125,32483482,0.0,0.0
2024-07-17 14:30:00-04:00,41198.69140625,41221.98046875,41154.26953125,41205.98046875,38159918,0.0,0.0
2024-07-17 15:30:00-04:00,41205.9296875,41220.23046875,41139.76171875,41196.12890625,53683026,0.0,0.0
2024-07-18 09:30:00-04:00,41156.55859375,41376.0,41045.9296875,41367.8984375,0,0.0,0.0
2024-07-18 10:30:00-04:00,41368.078125,41368.078125,41051.66015625,41056.921875,63489954,0.0,0.0
2024-07-18 11:30:00-04:00,41058.12109375,41082.640625,40838.6796875,40846.8203125,46137662,0.0,0.0
2024-07-18 12:30:00-04:00,40846.94921875,40938.98046875,40839.87890625,40929.73828125,34441696,0.0,0.0
2024-07-18 13:30:00-04:00,40930.03125,40946.44921875,40724.01953125,40724.01953125,30207137,0.0,0.0
2024-07-18 14:30:00-04:00,40723.94140625,40759.921875,40597.5,40634.390625,35191389,0.0,0.0
2024-07-18 15:30:00-04:00,40634.19921875,40767.109375,40624.44140625,40660.0,43677760,0.0,0.0
2024-07-19 09:30:00-04:00,40592.3515625,40626.16015625,40362.859375,40369.80078125,0,0.0,0.0
2024-07-19 10:30:00-04:00,40368.96875,40422.05859375,40240.921875,40240.9296875,38258477,0.0,0.0
2024-07-19 11:30:00-04:00,40239.0703125,40412.7109375,40216.3203125,40322.75,31237981,0.0,0.0
2024-07-19 12:30:00-04:00,40322.6796875,40332.71875,40203.26953125,40229.69140625,26387115,0.0,0.0
2024-07-19 13:30:00-04:00,40229.8984375,40321.53125,40203.578125,40270.26171875,23629658,0.0,0.0
2024-07-19 14:30:00-04:00,40270.53125,40387.078125,40236.19140625,40344.171875,30303879,0.0,0.0
2024-07-19 15:30:00-04:00,40346.1015625,40352.55078125,40230.78125,40290.62109375,45540059,0.0,0.0
2024-07-22 09:30:00-04:00,40414.48828125,40461.69140625,40222.76953125,40362.0703125,0,0.0,0.0
2024-07-22 10:30:00-04:00,40360.5,40472.53125,40309.03125,40309.359375,39641509,0.0,0.0
2024-07-22 11:30:00-04:00,40309.3203125,40318.3203125,40249.94140625,40280.5703125,28440422,0.0,0.0
2024-07-22 12:30:00-04:00,40280.23046875,40424.0390625,40254.46875,40388.3984375,25169883,0.0,0.0
2024-07-22 13:30:00-04:00,40387.96875,40419.44921875,40348.41015625,40374.3203125,26420460,0.0,0.0
2024-07-22 14:30:00-04:00,40373.9609375,40442.62890625,40373.9609375,40425.53125,29443446,0.0,0.0
2024-07-22 15:30:00-04:00,40425.390625,40450.51953125,40386.5703125,40413.828125,43766324,0.0,0.0
2024-07-23 09:30:00-04:00,40443.73046875,40499.80078125,40324.69140625,40457.12109375,0,0.0,0.0
2024-07-23 10:30:00-04:00,40456.69921875,40500.9609375,40335.609375,40468.01953125,35287681,0.0,0.0
2024-07-23 11:30:00-04:00,40467.66015625,40527.890625,40379.8515625,40420.25,29542041,0.0,0.0
2024-07-23 12:30:00-04:00,40420.12890625,40439.390625,40354.62890625,40415.4609375,21834778,0.0,0.0
2024-07-23 13:30:00-04:00,40414.8515625,40494.828125,40377.6015625,40458.359375,20487359,0.0,0.0
2024-07-23 14:30:00-04:00,40458.4609375,40484.3203125,40439.71875,40469.55078125,24453889,0.0,0.0
2024-07-23 15:30:00-04:00,40469.3984375,40469.3984375,40319.69921875,40359.73046875,37377132,0.0,0.0
2024-07-24 09:30:00-04:00,40210.62890625,40258.44140625,39947.37890625,40016.73046875,0,0.0,0.0
2024-07-24 10:30:00-04:00,40016.828125,40089.69140625,39950.6015625,39989.140625,43638291,0.0,0.0
2024-07-24 11:30:00-04:00,39989.55078125,40087.8515625,39983.01171875,40056.2109375,39777326,0.0,0.0
2024-07-24 12:30:00-04:00,40056.71875,40080.91015625,39995.7109375,40025.4609375,31818148,0.0,0.0
2024-07-24 13:30:00-04:00,40025.73046875,40073.62109375,39976.91015625,39995.1796875,31759479,0.0,0.0
2024-07-24 14:30:00-04:00,39994.87890625,40008.53125,39904.5390625,39916.921875,36085653,0.0,0.0
2024-07-24 15:30:00-04:00,39916.23046875,39953.26171875,39807.44921875,39862.4609375,58753551,0.0,0.0
2024-07-25 09:30:00-04:00,39828.62890625,40075.671875,39817.5,40066.578125,0,0.0,0.0
2024-07-25 10:30:00-04:00,40066.05859375,40196.3984375,39956.8203125,40113.41015625,50842959,0.0,0.0
2024-07-25 11:30:00-04:00,40112.921875,40376.08984375,40077.6484375,40356.828125,38569190,0.0,0.0
2024-07-25 12:30:00-04:00,40356.55859375,40438.8203125,40264.6484375,40273.19140625,30706932,0.0,0.0
2024-07-25 13:30:00-04:00,40272.3515625,40279.71875,40179.01171875,40189.3203125,25760004,0.0,0.0
2024-07-25 14:30:00-04:00,40189.21875,40225.12890625,40032.48828125,40202.75,30934851,0.0,0.0
2024-07-25 15:30:00-04:00,40202.44921875,40211.19140625,39929.12109375,39940.1015625,47534134,0.0,0.0
2024-07-26 09:30:00-04:00,40140.859375,40610.37890625,40140.859375,40566.80078125,0,0.0,0.0
2024-07-26 10:30:00-04:00,40566.83984375,40588.9296875,40403.0390625,40547.96875,36875331,0.0,0.0
2024-07-26 11:30:00-04:00,40548.1484375,40731.2890625,40536.171875,40667.3203125,32922543,0.0,0.0
2024-07-26 12:30:00-04:00,40668.3515625,40753.828125,40601.80078125,40749.46875,28800413,0.0,0.0
2024-07-26 13:30:00-04:00,40748.73828125,40752.55859375,40557.078125,40614.58984375,28033177,0.0,0.0
2024-07-26 14:30:00-04:00,40615.328125,40663.73046875,40531.25,40634.37890625,27827269,0.0,0.0
2024-07-26 15:30:00-04:00,40634.9609375,40634.9609375,40516.98828125,40593.609375,42311746,0.0,0.0
2024-07-29 09:30:00-04:00,40665.7109375,40682.48828125,40444.921875,40482.8203125,0,0.0,0.0
2024-07-29 10:30:00-04:00,40484.62109375,40521.76953125,40388.828125,40500.87890625,33310291,0.0,0.0
2024-07-29 11:30:00-04:00,40502.0,40645.3984375,40422.7109375,40596.87109375,25979377,0.0,0.0
2024-07-29 12:30:00-04:00,40596.609375,40644.55078125,40571.9609375,40584.5703125,20565994,0.0,0.0
2024-07-29 13:30:00-04:00,40579.16015625,40597.4609375,40548.69921875,40574.76953125,24805756,0.0,0.0
2024-07-29 14:30:00-04:00,40574.73828125,40604.37109375,40545.05078125,40584.94921875,23866440,0.0,0.0
2024-07-29 15:30:00-04:00,40584.26171875,40634.69921875,40524.0,40542.55859375,39418991,0.0,0.0
2024-07-30 09:30:00-04:00,40622.12890625,40780.421875,40608.51953125,40689.03125,0,0.0,0.0
2024-07-30 10:30:00-04:00,40689.26171875,40752.3515625,40552.33984375,40601.890625,40355300,0.0,0.0
2024-07-30 11:30:00-04:00,40602.05078125,40630.3515625,40541.7109375,40620.33984375,32008543,0.0,0.0
2024-07-30 12:30:00-04:00,40620.94140625,40666.62109375,40529.1015625,40592.12890625,35506370,0.0,0.0
2024-07-30 13:30:00-04:00,40593.6015625,40761.96875,40584.30859375,40701.7890625,26699270,0.0,0.0
2024-07-30 14:30:00-04:00,40701.44140625,40708.859375,40632.51171875,40689.98046875,30745905,0.0,0.0
2024-07-30 15:30:00-04:00,40687.609375,40866.25,40670.12890625,40736.87890625,49878902,0.0,0.0
2024-07-31 09:30:00-04:00,40768.87890625,40881.21875,40655.890625,40864.578125,0,0.0,0.0
2024-07-31 10:30:00-04:00,40865.01953125,40979.51953125,40820.109375,40953.87109375,40642803,0.0,0.0
2024-07-31 11:30:00-04:00,40954.48046875,41000.48046875,40931.25,40986.37890625,30179304,0.0,0.0
2024-07-31 12:30:00-04:00,40986.3515625,41053.1484375,40978.19140625,41002.609375,28796599,0.0,0.0
2024-07-31 13:30:00-04:00,41002.41015625,41071.80078125,40905.26171875,41039.2890625,32701565,0.0,0.0
2024-07-31 14:30:00-04:00,41038.48828125,41198.62890625,40837.828125,40864.3984375,45504984,0.0,0.0
2024-07-31 15:30:00-04:00,40863.12890625,41011.44921875,40814.609375,40843.51953125,55772733,0.0,0.0
2024-08-01 09:30:00-04:00,40916.9609375,41096.66015625,40600.359375,40600.359375,0,0.0,0.0
2024-08-01 10:30:00-04:00,40599.33984375,40614.19921875,40324.98046875,40331.828125,51115373,0.0,0.0
2024-08-01 11:30:00-04:00,40332.23046875,40434.6015625,40282.0390625,40377.6484375,44987179,0.0,0.0
2024-08-01 12:30:00-04:00,40377.66015625,40378.1796875,40219.859375,40253.859375,37592382,0.0,0.0
2024-08-01 13:30:00-04:00,40250.9296875,40263.26171875,40117.8515625,40140.76171875,40303271,0.0,0.0
2024-08-01 14:30:00-04:00,40137.0703125,40221.05859375,40098.5703125,40211.109375,48695535,0.0,0.0
2024-08-01 15:30:00-04:00,40210.48046875,40352.80859375,40200.25,40336.76953125,64897636,0.0,0.0
2024-08-02 09:30:00-04:00,40075.328125,40075.328125,39605.30859375,39621.5390625,0,0.0,0.0
2024-08-02 10:30:00-04:00,39621.5703125,39649.4296875,39358.6796875,39393.25,114997107,0.0,0.0
2024-08-02 11:30:00-04:00,39393.3515625,39624.48828125,39387.578125,39618.51171875,86044852,0.0,0.0
2024-08-02 12:30:00-04:00,39618.48046875,39651.5703125,39489.26171875,39499.078125,61049269,0.0,0.0
2024-08-02 13:30:00-04:00,39499.30078125,39582.12109375,39419.69921875,39582.12109375,52529315,0.0,0.0
2024-08-02 14:30:00-04:00,39581.1484375,39672.98828125,39539.640625,39654.640625,67419189,0.0,0.0
2024-08-02 15:30:00-04:00,39657.62890625,39745.37109375,39558.28125,39721.26171875,92005280,0.0,0.0
2024-08-05 09:30:00-04:00,39056.19140625,39056.19140625,38499.26953125,38610.94140625,0,0.0,0.0
2024-08-05 10:30:00-04:00,38608.2109375,38881.51171875,38603.109375,38840.55859375,78828949,0.0,0.0
2024-08-05 11:30:00-04:00,38839.921875,39029.05078125,38818.8515625,39020.390625,61132842,0.0,0.0
2024-08-05 12:30:00-04:00,39021.80859375,39021.80859375,38757.83984375,38842.859375,47857104,0.0,0.0
2024-08-05 13:30:00-04:00,38843.44921875,38883.3984375,38735.23046875,38847.8203125,38481541,0.0,0.0
2024-08-05 14:30:00-04:00,38846.7109375,38854.48828125,38619.76953125,38661.98828125,64513363,0.0,0.0
2024-08-05 15:30:00-04:00,38663.3984375,38711.08984375,38571.21875,38711.08984375,73594547,0.0,0.0
2024-08-06 09:30:00-04:00,38736.21875,39145.6015625,38638.30078125,39044.3984375,0,0.0,0.0
2024-08-06 10:30:00-04:00,39046.53125,39251.6796875,38937.30859375,38938.0703125,55097935,0.0,0.0
2024-08-06 11:30:00-04:00,38935.671875,39226.58984375,38935.0703125,39181.58984375,39375594,0.0,0.0
2024-08-06 12:30:00-04:00,39180.328125,39289.69140625,39148.109375,39283.0,41329513,0.0,0.0
2024-08-06 13:30:00-04:00,39286.6796875,39375.01953125,39226.55078125,39374.30078125,36441934,0.0,0.0
2024-08-06 14:30:00-04:00,39374.51171875,39449.53125,39144.140625,39258.9296875,46132105,0.0,0.0
2024-08-06 15:30:00-04:00,39260.578125,39280.21875,38981.87109375,38982.94140625,54878233,0.0,0.0
2024-08-07 09:30:00-04:00,39230.08984375,39477.9609375,39187.76171875,39309.55078125,0,0.0,0.0
2024-08-07 10:30:00-04:00,39309.55078125,39457.328125,39293.921875,39371.30859375,46073334,0.0,0.0
2024-08-07 11:30:00-04:00,39367.640625,39413.6796875,39173.3984375,39236.83984375,34033224,0.0,0.0
2024-08-07 12:30:00-04:00,39236.7890625,39258.921875,38918.98828125,39002.33984375,36158778,0.0,0.0
2024-08-07 13:30:00-04:00,39002.16015625,39109.19921875,38761.71875,38826.55859375,39175790,0.0,0.0
2024-08-07 14:30:00-04:00,38822.51953125,38918.48828125,38731.51171875,38885.71875,42062353,0.0,0.0
2024-08-07 15:30:00-04:00,38884.87109375,38935.26953125,38743.7109375,38775.6015625,58867559,0.0,0.0
2024-08-08 09:30:00-04:00,38940.37890625,39334.01953125,38922.7890625,39328.6015625,0,0.0,0.0
2024-08-08 10:30:00-04:00,39332.01953125,39359.51171875,39247.671875,39324.5390625,43205172,0.0,0.0
2024-08-08 11:30:00-04:00,39323.2890625,39361.55859375,39255.33984375,39311.75,35863583,0.0,0.0
2024-08-08 12:30:00-04:00,39311.75,39404.26953125,39216.05859375,39402.69921875,30258461,0.0,0.0
2024-08-08 13:30:00-04:00,39402.55859375,39508.3984375,39382.921875,39434.6796875,30223884,0.0,0.0
2024-08-08 14:30:00-04:00,39434.6484375,39469.16015625,39375.87890625,39397.53125,34688040,0.0,0.0
2024-08-08 15:30:00-04:00,39397.48046875,39480.91015625,39325.0390625,39442.890625,50517370,0.0,0.0
2024-08-09 09:30:00-04:00,39408.05859375,39452.30078125,39230.4296875,39404.359375,0,0.0,0.0
2024-08-09 10:30:00-04:00,39404.19921875,39524.98828125,39326.71875,39426.05078125,40390818,0.0,0.0
2024-08-09 11:30:00-04:00,39424.05859375,39473.421875,39361.83984375,39388.28125,29667441,0.0,0.0
2024-08-09 12:30:00-04:00,39388.578125,39606.12109375,39386.94921875,39606.12109375,28244251,0.0,0.0
2024-08-09 13:30:00-04:00,39607.05078125,39628.66015625,39419.98046875,39426.87109375,24582650,0.0,0.0
2024-08-09 14:30:00-04:00,39426.73046875,39504.08984375,39392.578125,39476.6015625,29224332,0.0,0.0
2024-08-09 15:30:00-04:00,39476.33984375,39525.55859375,39452.109375,39496.03125,41028132,0.0,0.0
2024-08-12 09:30:00-04:00,39556.01171875,39587.05859375,39251.71875,39405.94921875,0,0.0,0.0
2024-08-12 10:30:00-04:00,39407.6015625,39523.26171875,39292.1015625,39335.9296875,36631977,0.0,0.0
2024-08-12 11:30:00-04:00,39336.390625,39491.6015625,39314.26953125,39415.01171875,27232388,0.0,0.0
2024-08-12 12:30:00-04:00,39415.08984375,39427.46875,39302.21875,39364.87890625,26769345,0.0,0.0
2024-08-12 13:30:00-04:00,39364.94921875,39391.921875,39269.859375,39312.640625,24422153,0.0,0.0
2024-08-12 14:30:00-04:00,39312.51953125,39352.08984375,39303.890625,39325.390625,28572458,0.0,0.0
2024-08-12 15:30:00-04:00,39325.390625,39361.01953125,39276.03125,39360.5390625,35806653,0.0,0.0
2024-08-13 09:30:00-04:00,39445.26953125,39651.1796875,39392.41015625,39477.08984375,0,0.0,0.0
2024-08-13 10:30:00-04:00,39479.0,39579.359375,39403.12109375,39556.94921875,45212707,0.0,0.0
2024-08-13 11:30:00-04:00,39556.87890625,39702.80078125,39550.109375,39651.359375,34133695,0.0,0.0
2024-08-13 12:30:00-04:00,39651.2890625,39732.03125,39620.71875,39677.30859375,30405597,0.0,0.0
2024-08-13 13:30:00-04:00,39677.3515625,39710.171875,39616.62109375,39701.3515625,29150217,0.0,0.0
2024-08-13 14:30:00-04:00,39701.28125,39758.26171875,39695.76953125,39744.66015625,30109444,0.0,0.0
2024-08-13 15:30:00-04:00,39744.98046875,39792.80078125,39722.0703125,39762.4296875,45250121,0.0,0.0
2024-08-14 09:30:00-04:00,39800.58984375,39868.6484375,39749.2890625,39837.1015625,0,0.0,0.0
2024-08-14 10:30:00-04:00,39837.23828125,39915.7890625,39737.19921875,39911.87890625,38518290,0.0,0.0
2024-08-14 11:30:00-04:00,39911.671875,40051.8203125,39906.58984375,39910.9296875,30266696,0.0,0.0
2024-08-14 12:30:00-04:00,39910.53125,40001.921875,39906.03125,40000.7109375,22809332,0.0,0.0
2024-08-14 13:30:00-04:00,40001.03125,40037.87109375,39964.8984375,39975.66015625,21758747,0.0,0.0
2024-08-14 14:30:00-04:00,39975.48828125,40068.75,39972.9609375,39993.51953125,29067242,0.0,0.0
2024-08-14 15:30:00-04:00,39993.96875,40062.2109375,39963.37109375,39993.19140625,46598043,0.0,0.0
2024-08-15 09:30:00-04:00,40295.73828125,40536.671875,40295.73828125,40363.0390625,0,0.0,0.0
2024-08-15 10:30:00-04:00,40364.2109375,40492.3515625,40335.19921875,40445.51953125,48230247,0.0,0.0
2024-08-15 11:30:00-04:00,40445.23828125,40533.87109375,40444.2109375,40525.80078125,36821980,0.0,0.0
2024-08-15 12:30:00-04:00,40527.28125,40542.66015625,40455.78125,40505.5,38843508,0.0,0.0
2024-08-15 13:30:00-04:00,40505.23828125,40531.359375,40499.12109375,40530.7890625,31934137,0.0,0.0
2024-08-15 14:30:00-04:00,40530.98046875,40575.46875,40517.171875,40575.46875,37594599,0.0,0.0
2024-08-15 15:30:00-04:00,40575.30859375,40590.51171875,40491.3203125,40566.859375,53728533,0.0,0.0
2024-08-16 09:30:00-04:00,40528.859375,40625.9296875,40490.6484375,40495.19921875,0,0.0,0.0
2024-08-16 10:30:00-04:00,40495.6796875,40567.53125,40453.578125,40562.578125,37724441,0.0,0.0
2024-08-16 11:30:00-04:00,40563.5390625,40644.30859375,40543.01953125,40614.55078125,27729401,0.0,0.0
2024-08-16 12:30:00-04:00,40616.69921875,40712.671875,40615.26953125,40673.921875,24675626,0.0,0.0
2024-08-16 13:30:00-04:00,40674.05078125,40691.51953125,40646.5703125,40672.51953125,22079977,0.0,0.0
2024-08-16 14:30:00-04:00,40672.46875,40726.03125,40667.28125,40672.1484375,25115984,0.0,0.0
2024-08-16 15:30:00-04:00,40672.19921875,40690.8203125,40646.16015625,40658.6796875,39002821,0.0,0.0
2024-08-19 09:30:00-04:00,40670.828125,40825.46875,40670.828125,40802.69921875,0,0.0,0.0
2024-08-19 10:30:00-04:00,40803.08984375,40886.140625,40791.6015625,40851.91015625,34512415,0.0,0.0
2024-08-19 11:30:00-04:00,40851.80859375,40865.33984375,40792.6796875,40855.23046875,28705984,0.0,0.0
2024-08-19 12:30:00-04:00,40855.359375,40907.3203125,40838.5,40839.0390625,20114216,0.0,0.0
2024-08-19 13:30:00-04:00,40838.48828125,40844.28125,40799.80078125,40806.37890625,22965338,0.0,0.0
2024-08-19 14:30:00-04:00,40806.44921875,40860.73828125,40805.25,40828.69921875,27229517,0.0,0.0
2024-08-19 15:30:00-04:00,40828.7890625,40894.98828125,40809.0703125,40891.96875,38608096,0.0,0.0
2024-08-20 09:30:00-04:00,40874.51953125,40888.640625,40793.03125,40866.23046875,0,0.0,0.0
2024-08-20 10:30:00-04:00,40865.41015625,40885.91015625,40763.578125,40769.01171875,36545310,0.0,0.0
2024-08-20 11:30:00-04:00,40768.6796875,40863.6015625,40756.6484375,40852.1484375,26747598,0.0,0.0
2024-08-20 12:30:00-04:00,40851.8984375,40869.78125,40786.6015625,40829.37109375,20931885,0.0,0.0
2024-08-20 13:30:00-04:00,40829.4609375,40909.37890625,40793.96875,40889.62109375,23738038,0.0,0.0
2024-08-20 14:30:00-04:00,40889.921875,40894.19140625,40819.0390625,40819.1796875,25787845,0.0,0.0
2024-08-20 15:30:00-04:00,40819.26171875,40844.4296875,40794.80078125,40830.51171875,35953159,0.0,0.0
2024-08-21 09:30:00-04:00,40939.76953125,40963.609375,40772.21875,40860.21875,0,0.0,0.0
2024-08-21 10:30:00-04:00,40859.7890625,40974.3984375,40738.4296875,40848.1484375,35128170,0.0,0.0
2024-08-21 11:30:00-04:00,40848.7890625,40868.078125,40749.19921875,40824.4609375,24000510,0.0,0.0
2024-08-21 12:30:00-04:00,40824.44140625,40879.87109375,40822.12890625,40874.921875,18854074,0.0,0.0
2024-08-21 13:30:00-04:00,40875.1484375,40892.609375,40831.578125,40891.640625,20584310,0.0,0.0
2024-08-21 14:30:00-04:00,40891.6015625,40920.890625,40814.44140625,40862.19921875,24788846,0.0,0.0
2024-08-21 15:30:00-04:00,40861.9296875,40908.2109375,40828.25,40890.55078125,36141020,0.0,0.0
2024-08-22 09:30:00-04:00,40890.48828125,41026.640625,40783.6484375,40800.609375,0,0.0,0.0
2024-08-22 10:30:00-04:00,40800.01171875,40854.58984375,40711.3203125,40719.69140625,29663091,0.0,0.0
2024-08-22 11:30:00-04:00,40720.390625,40838.33984375,40695.21875,40834.1015625,28853746,0.0,0.0
2024-08-22 12:30:00-04:00,40833.9296875,40867.0703125,40659.1484375,40680.9296875,22297292,0.0,0.0
2024-08-22 13:30:00-04:00,40680.28125,40708.9296875,40584.46875,40700.55859375,24939862,0.0,0.0
2024-08-22 14:30:00-04:00,40700.71875,40726.37890625,40651.21875,40673.890625,26751537,0.0,0.0
2024-08-22 15:30:00-04:00,40674.83984375,40735.1484375,40641.7890625,40731.73046875,47880128,0.0,0.0
2024-08-23 09:30:00-04:00,40712.78125,41152.5390625,40712.78125,41123.44140625,0,0.0,0.0
2024-08-23 10:30:00-04:00,41123.171875,41207.921875,40934.80859375,41164.1484375,37461262,0.0,0.0
2024-08-23 11:30:00-04:00,41163.2890625,41195.859375,40875.0,40899.8984375,26830754,0.0,0.0
2024-08-23 12:30:00-04:00,40900.1015625,41039.859375,40842.9609375,41033.078125,22054749,0.0,0.0
2024-08-23 13:30:00-04:00,41032.73828125,41087.671875,41021.3203125,41073.828125,17656795,0.0,0.0
2024-08-23 14:30:00-04:00,41073.80859375,41171.9609375,41053.87109375,41170.21875,24737851,0.0,0.0
2024-08-23 15:30:00-04:00,41168.51953125,41207.78125,41100.9609375,41171.078125,40155695,0.0,0.0
2024-08-26 09:30:00-04:00,41244.69140625,41400.21875,41240.6484375,41397.76171875,0,0.0,0.0
2024-08-26 10:30:00-04:00,41399.98828125,41420.05078125,41192.94921875,41203.5703125,32764292,0.0,0.0
2024-08-26 11:30:00-04:00,41203.1484375,41251.01953125,41179.609375,41246.6484375,21690225,0.0,0.0
2024-08-26 12:30:00-04:00,41246.3203125,41308.23046875,41232.87109375,41264.55078125,19046535,0.0,0.0
2024-08-26 13:30:00-04:00,41265.21875,41268.19921875,41140.23046875,41211.78125,20637670,0.0,0.0
2024-08-26 14:30:00-04:00,41211.76953125,41246.26171875,41200.30859375,41212.26171875,20338217,0.0,0.0
2024-08-26 15:30:00-04:00,41212.921875,41250.62890625,41199.421875,41250.140625,32572058,0.0,0.0
2024-08-27 09:30:00-04:00,41240.51953125,41260.7890625,41141.4609375,41228.359375,0,0.0,0.0
2024-08-27 10:30:00-04:00,41229.62109375,41258.69921875,41173.078125,41190.73828125,27455549,0.0,0.0
2024-08-27 11:30:00-04:00,41184.859375,41193.0390625,41127.46875,41169.7109375,21844761,0.0,0.0
2024-08-27 12:30:00-04:00,41169.0,41222.33984375,41109.421875,41222.3203125,19515246,0.0,0.0
2024-08-27 13:30:00-04:00,41222.05078125,41254.51953125,41215.1484375,41244.3515625,19940058,0.0,0.0
2024-08-27 14:30:00-04:00,41244.41015625,41258.828125,41222.25,41240.51953125,18836028,0.0,0.0
2024-08-27 15:30:00-04:00,41241.33984375,41271.75,41222.76171875,41258.890625,34181877,0.0,0.0
2024-08-28 09:30:00-04:00,41249.3984375,41351.109375,41166.3984375,41254.5,0,0.0,0.0
2024-08-28 10:30:00-04:00,41254.1015625,41316.83984375,41190.1796875,41210.16015625,35925184,0.0,0.0
2024-08-28 11:30:00-04:00,41210.23828125,41210.23828125,41021.25,41036.33984375,26632927,0.0,0.0
2024-08-28 12:30:00-04:00,41035.75,41129.3203125,41021.55078125,41051.69140625,19344793,0.0,0.0
2024-08-28 13:30:00-04:00,41051.69140625,41081.91015625,40842.2890625,40865.640625,23027351,0.0,0.0
2024-08-28 14:30:00-04:00,40865.80078125,41087.5703125,40861.83984375,41060.26953125,26465310,0.0,0.0
2024-08-28 15:30:00-04:00,41060.41015625,41141.98046875,41034.1796875,41091.3203125,37049051,0.0,0.0
2024-08-29 09:30:00-04:00,41345.5,41397.2890625,41086.80859375,41366.7890625,0,0.0,0.0
2024-08-29 10:30:00-04:00,41366.87890625,41409.55078125,41292.83984375,41382.8203125,38653182,0.0,0.0
2024-08-29 11:30:00-04:00,41383.2109375,41554.1484375,41369.8515625,41532.390625,31826062,0.0,0.0
2024-08-29 12:30:00-04:00,41532.140625,41577.96875,41491.6796875,41516.5,21945588,0.0,0.0
2024-08-29 13:30:00-04:00,41516.69140625,41570.41015625,41476.359375,41477.078125,25050516,0.0,0.0
2024-08-29 14:30:00-04:00,41477.25,41477.25,41269.71875,41429.87890625,32681821,0.0,0.0
2024-08-29 15:30:00-04:00,41429.8515625,41450.328125,41306.62109375,41336.55859375,38740261,0.0,0.0
2024-08-30 09:30:00-04:00,41366.16015625,41498.98046875,41317.75,41417.5703125,0,0.0,0.0
2024-08-30 10:30:00-04:00,41417.8515625,41441.46875,41275.1015625,41281.87109375,59214174,0.0,0.0
2024-08-30 11:30:00-04:00,41281.8515625,41296.2890625,41192.87109375,41196.16015625,36363399,0.0,0.0
2024-08-30 12:30:00-04:00,41196.078125,41298.671875,41145.8515625,41229.1015625,26970266,0.0,0.0
2024-08-30 13:30:00-04:00,41228.859375,41324.33984375,41228.71875,41299.98046875,23870295,0.0,0.0
2024-08-30 14:30:00-04:00,41300.05078125,41407.9296875,41291.71875,41396.26953125,34002622,0.0,0.0
2024-08-30 15:30:00-04:00,41396.33984375,41585.2109375,41373.96875,41548.0390625,66667311,0.0,0.0
2024-09-03 09:30:00-04:00,41489.671875,41489.671875,41052.640625,41103.01171875,0,0.0,0.0
2024-09-03 10:30:00-04:00,41102.51953125,41174.0703125,41056.94140625,41131.26171875,52536520,0.0,0.0
2024-09-03 11:30:00-04:00,41131.2890625,41153.5390625,41085.01953125,41115.55078125,35545178,0.0,0.0
2024-09-03 12:30:00-04:00,41114.78125,41136.80078125,41052.6796875,41120.98828125,27414117,0.0,0.0
2024-09-03 13:30:00-04:00,41120.94921875,41122.0703125,40985.62109375,40998.16015625,32058601,0.0,0.0
2024-09-03 14:30:00-04:00,40997.8984375,41024.69140625,40930.01953125,40964.3515625,35855217,0.0,0.0
2024-09-03 15:30:00-04:00,40964.140625,40989.890625,40778.08984375,40939.6015625,62298232,0.0,0.0
2024-09-04 09:30:00-04:00,40872.05859375,41084.48046875,40872.05859375,41065.03125,0,0.0,0.0
2024-09-04 10:30:00-04:00,41067.28125,41172.58984375,41011.109375,41011.109375,39368521,0.0,0.0
2024-09-04 11:30:00-04:00,41012.109375,41031.01171875,40923.26171875,40969.171875,29858476,0.0,0.0
2024-09-04 12:30:00-04:00,40969.01171875,41023.55078125,40872.08984375,40879.87890625,25458916,0.0,0.0
2024-09-04 13:30:00-04:00,40879.37890625,40928.51171875,40840.890625,40915.19140625,33620555,0.0,0.0
2024-09-04 14:30:00-04:00,40915.19140625,40946.8203125,40843.94921875,40932.80078125,36749786,0.0,0.0
2024-09-04 15:30:00-04:00,40932.55078125,41006.609375,40875.91015625,40965.609375,50970976,0.0,0.0
2024-09-05 09:30:00-04:00,41056.328125,41084.78125,40828.8515625,40932.55859375,0,0.0,0.0
2024-09-05 10:30:00-04:00,40936.05859375,40976.58984375,40631.69140625,40640.87890625,42088757,0.0,0.0
2024-09-05 11:30:00-04:00,40641.12109375,40663.6796875,40519.078125,40606.12109375,30104677,0.0,0.0
2024-09-05 12:30:00-04:00,40606.44921875,40698.1796875,40582.1796875,40631.62890625,23745456,0.0,0.0
2024-09-05 13:30:00-04:00,40631.640625,40842.19921875,40625.30078125,40790.1015625,24815814,0.0,0.0
2024-09-05 14:30:00-04:00,40789.37109375,40866.16015625,40688.421875,40739.55078125,27921545,0.0,0.0
2024-09-05 15:30:00-04:00,40739.44921875,40805.23828125,40681.6015625,40754.69921875,41426798,0.0,0.0
2024-09-06 09:30:00-04:00,40756.80859375,41009.390625,40605.078125,40615.37890625,0,0.0,0.0
2024-09-06 10:30:00-04:00,40617.1484375,40738.25,40377.30859375,40412.421875,47955032,0.0,0.0
2024-09-06 11:30:00-04:00,40413.1015625,40495.328125,40315.12109375,40315.98046875,33529681,0.0,0.0
2024-09-06 12:30:00-04:00,40316.1484375,40461.94140625,40316.1484375,40402.96875,27618874,0.0,0.0
2024-09-06 13:30:00-04:00,40403.30078125,40420.80078125,40321.12109375,40351.69140625,24464804,0.0,0.0
2024-09-06 14:30:00-04:00,40351.6796875,40450.51171875,40297.328125,40407.69140625,32392123,0.0,0.0
2024-09-06 15:30:00-04:00,40407.30859375,40431.41015625,40314.5,40353.69140625,47664481,0.0,0.0
2024-09-09 09:30:00-04:00,40555.109375,40799.51171875,40518.05859375,40744.7109375,0,0.0,0.0
2024-09-09 10:30:00-04:00,40745.171875,40764.23046875,40658.03125,40756.21875,37176048,0.0,0.0
2024-09-09 11:30:00-04:00,40756.4296875,40979.87890625,40756.4296875,40973.6796875,34495649,0.0,0.0
2024-09-09 12:30:00-04:00,40974.12109375,41000.23828125,40918.30859375,40931.83984375,25263697,0.0,0.0
2024-09-09 13:30:00-04:00,40931.91015625,40935.51953125,40765.8203125,40785.83984375,34553809,0.0,0.0
2024-09-09 14:30:00-04:00,40786.37890625,40810.98046875,40732.7890625,40798.83984375,35721351,0.0,0.0
2024-09-09 15:30:00-04:00,40798.8984375,40854.1796875,40763.87109375,40826.5,51961095,0.0,0.0
2024-09-10 09:30:00-04:00,40916.5,40916.5,40543.73828125,40632.30078125,0,0.0,0.0
2024-09-10 10:30:00-04:00,40631.03125,40719.55078125,40570.890625,40677.6015625,38451705,0.0,0.0
2024-09-10 11:30:00-04:00,40676.83984375,40699.0,40417.48046875,40473.1015625,38120185,0.0,0.0
2024-09-10 12:30:00-04:00,40472.578125,40652.0,40460.62109375,40611.9296875,31879120,0.0,0.0
2024-09-10 13:30:00-04:00,40611.8515625,40687.9296875,40611.8515625,40684.98828125,30801782,0.0,0.0
2024-09-10 14:30:00-04:00,40685.171875,40738.6484375,40677.9609375,40731.26171875,34982349,0.0,0.0
2024-09-10 15:30:00-04:00,40731.140625,40750.71875,40676.109375,40738.51171875,47678153,0.0,0.0
2024-09-11 09:30:00-04:00,40638.76171875,40638.76171875,40015.76953125,40026.28125,0,0.0,0.0
2024-09-11 10:30:00-04:00,40026.0703125,40201.2890625,39993.0703125,40174.76171875,40416961,0.0,0.0
2024-09-11 11:30:00-04:00,40174.62890625,40392.91015625,40170.01953125,40389.05078125,29939214,0.0,0.0
2024-09-11 12:30:00-04:00,40389.41015625,40592.44140625,40370.46875,40548.25,27362917,0.0,0.0
2024-09-11 13:30:00-04:00,40549.30078125,40676.66015625,40548.78125,40631.48828125,30790600,0.0,0.0
2024-09-11 14:30:00-04:00,40632.01171875,40812.44140625,40632.01171875,40802.921875,37023425,0.0,0.0
2024-09-11 15:30:00-04:00,40803.078125,40903.6796875,40725.58984375,40838.390625,55043256,0.0,0.0
2024-09-12 09:30:00-04:00,40862.109375,40984.28125,40665.53125,40817.03125,0,0.0,0.0
2024-09-12 10:30:00-04:00,40817.53125,40887.26953125,40725.51953125,40798.3515625,31961395,0.0,0.0
2024-09-12 11:30:00-04:00,40798.28125,40866.96875,40772.53125,40816.328125,20442028,0.0,0.0
2024-09-12 12:30:00-04:00,40816.21875,41029.9609375,40810.0390625,41016.828125,21240662,0.0,0.0
2024-09-12 13:30:00-04:00,41016.359375,41085.51953125,41005.2890625,41050.69140625,26224774,0.0,0.0
2024-09-12 14:30:00-04:00,41050.94921875,41085.171875,40893.2109375,41044.828125,28727003,0.0,0.0
2024-09-12 15:30:00-04:00,41044.98828125,41107.3515625,41031.21875,41105.3515625,41319688,0.0,0.0
2024-09-13 09:30:00-04:00,41153.69921875,41419.12890625,41128.69921875,41358.23828125,0,0.0,0.0
2024-09-13 10:30:00-04:00,41357.80078125,41470.859375,41318.921875,41412.87109375,31162910,0.0,0.0
2024-09-13 11:30:00-04:00,41413.2890625,41533.83984375,41384.12890625,41385.87109375,25966710,0.0,0.0
2024-09-13 12:30:00-04:00,41386.12890625,41471.23046875,41342.4609375,41469.30859375,26579244,0.0,0.0
2024-09-13 13:30:00-04:00,41469.28125,41501.76953125,41349.55859375,41353.51171875,24728466,0.0,0.0
2024-09-13 14:30:00-04:00,41353.01953125,41397.3515625,41339.109375,41394.05859375,23064775,0.0,0.0
2024-09-13 15:30:00-04:00,41394.01171875,41432.83984375,41356.5,41393.80078125,40003835,0.0,0.0
2024-09-16 09:30:00-04:00,41435.171875,41733.96875,41435.171875,41555.41015625,0,0.0,0.0
2024-09-16 10:30:00-04:00,41556.76171875,41579.828125,41458.46875,41459.05859375,44085532,0.0,0.0
2024-09-16 11:30:00-04:00,41459.19921875,41541.83984375,41451.53125,41536.328125,32657287,0.0,0.0
2024-09-16 12:30:00-04:00,41537.109375,41543.71875,41497.26171875,41521.16015625,28950098,0.0,0.0
2024-09-16 13:30:00-04:00,41521.4296875,41592.140625,41508.62109375,41587.44140625,32017485,0.0,0.0
2024-09-16 14:30:00-04:00,41587.9296875,41639.80078125,41574.96875,41590.76171875,43822594,0.0,0.0
2024-09-16 15:30:00-04:00,41591.109375,41658.609375,41591.109375,41631.80078125,47492332,0.0,0.0
2024-09-17 09:30:00-04:00,41681.26953125,41835.28125,41647.6796875,41797.83984375,109862570,0.0,0.0
2024-09-17 10:30:00-04:00,41797.46875,41814.9296875,41699.390625,41775.640625,75444741,0.0,0.0
2024-09-17 11:30:00-04:00,41775.6484375,41794.28125,41626.44921875,41670.390625,49447286,0.0,0.0
2024-09-17 12:30:00-04:00,41670.08984375,41670.08984375,41470.69140625,41596.30078125,41432625,0.0,0.0
2024-09-17 13:30:00-04:00,41596.01953125,41652.80078125,41495.359375,41597.5,32977780,0.0,0.0
2024-09-17 14:30:00-04:00,41596.8203125,41613.26953125,41512.0703125,41564.44921875,32619415,0.0,0.0
2024-09-17 15:30:00-04:00,41554.46875,41616.890625,41525.01171875,41616.890625,45815886,0.0,0.0
2024-09-18 09:30:00-04:00,41570.390625,41618.2109375,41476.9609375,41552.55859375,0,0.0,0.0
2024-09-18 10:30:00-04:00,41553.37890625,41576.80859375,41479.51953125,41574.78125,34858199,0.0,0.0
2024-09-18 11:30:00-04:00,41574.73828125,41591.0390625,41500.859375,41588.48828125,29594286,0.0,0.0
2024-09-18 12:30:00-04:00,41588.44921875,41650.3515625,41580.23046875,41647.9296875,25471970,0.0,0.0
2024-09-18 13:30:00-04:00,41647.578125,41981.96875,41539.359375,41779.83984375,49729867,0.0,0.0
2024-09-18 14:30:00-04:00,41779.05859375,41863.26953125,41528.51171875,41692.8203125,59620701,0.0,0.0
2024-09-18 15:30:00-04:00,41692.01953125,41723.609375,41449.0,41508.87890625,45599065,0.0,0.0
2024-09-19 09:30:00-04:00,41972.55859375,42105.01171875,41859.0390625,41978.828125,0,0.0,0.0
2024-09-19 10:30:00-04:00,41980.66015625,42051.6484375,41832.08984375,41929.55859375,53036682,0.0,0.0
2024-09-19 11:30:00-04:00,41928.23828125,42048.7109375,41885.26171875,42034.37890625,37507690,0.0,0.0
2024-09-19 12:30:00-04:00,42034.05078125,42080.078125,41992.4296875,42068.98046875,37368564,0.0,0.0
2024-09-19 13:30:00-04:00,42069.6796875,42160.91015625,42007.12109375,42081.44921875,34307209,0.0,0.0
2024-09-19 14:30:00-04:00,42081.51171875,42109.23828125,42026.421875,42027.109375,36590541,0.0,0.0
2024-09-19 15:30:00-04:00,42027.2109375,42066.05859375,41983.8984375,42024.69921875,52524875,0.0,0.0
2024-09-20 09:30:00-04:00,41959.4296875,42006.83984375,41865.94921875,41949.44140625,0,0.0,0.0
2024-09-20 10:30:00-04:00,41947.98046875,41998.12890625,41888.80859375,41931.51171875,50784890,0.0,0.0
2024-09-20 11:30:00-04:00,41931.08984375,42056.87890625,41895.37109375,42056.109375,40829889,0.0,0.0
2024-09-20 12:30:00-04:00,42056.44921875,42118.0703125,42045.5390625,42093.1796875,34212003,0.0,0.0
2024-09-20 13:30:00-04:00,42093.390625,42138.41015625,41962.80859375,41962.80859375,37401207,0.0,0.0
2024-09-20 14:30:00-04:00,41962.87890625,42073.75,41925.8984375,42044.87109375,95642704,0.0,0.0
2024-09-20 15:30:00-04:00,42044.8203125,42132.83984375,42030.1796875,42059.5,144628085,0.0,0.0
2024-09-23 09:30:00-04:00,42060.3984375,42190.05078125,42012.21875,42120.53125,0,0.0,0.0
2024-09-23 10:30:00-04:00,42120.390625,42142.8515625,42060.08984375,42117.44140625,53043258,0.0,0.0
2024-09-23 11:30:00-04:00,42117.44921875,42129.3984375,42035.87109375,42075.05859375,35727850,0.0,0.0
2024-09-23 12:30:00-04:00,42074.828125,42099.5,42036.16015625,42097.71875,33123284,0.0,0.0
2024-09-23 13:30:00-04:00,42097.73046875,42139.55859375,42094.41015625,42138.21875,38299970,0.0,0.0
2024-09-23 14:30:00-04:00,42137.71875,42145.8984375,42093.140625,42116.94140625,36292548,0.0,0.0
2024-09-23 15:30:00-04:00,42116.9296875,42145.48828125,42097.8203125,42123.96875,46641114,0.0,0.0
2024-09-24 09:30:00-04:00,42234.98828125,42234.98828125,42090.171875,42146.890625,0,0.0,0.0
2024-09-24 10:30:00-04:00,42146.4296875,42281.05859375,42097.609375,42213.62890625,48463467,0.0,0.0
2024-09-24 11:30:00-04:00,42213.44921875,42216.83984375,42110.109375,42112.87890625,33048424,0.0,0.0
2024-09-24 12:30:00-04:00,42112.921875,42180.609375,42103.53125,42130.5390625,24871349,0.0,0.0
2024-09-24 13:30:00-04:00,42130.7890625,42149.19140625,42095.87109375,42101.2890625,23470505,0.0,0.0
2024-09-24 14:30:00-04:00,42100.890625,42173.44140625,42056.8203125,42169.171875,27622398,0.0,0.0
2024-09-24 15:30:00-04:00,42169.37109375,42231.62890625,42135.2109375,42227.76171875,45770839,0.0,0.0
2024-09-25 09:30:00-04:00,42236.08984375,42299.640625,42017.328125,42043.640625,0,0.0,0.0
2024-09-25 10:30:00-04:00,42044.62890625,42086.26953125,41998.5,42020.37890625,45446030,0.0,0.0
2024-09-25 11:30:00-04:00,42020.51953125,42026.48046875,41955.83984375,41979.08984375,32872293,0.0,0.0
2024-09-25 12:30:00-04:00,41979.3515625,41988.53125,41900.421875,41911.359375,27844866,0.0,0.0
2024-09-25 13:30:00-04:00,41909.69140625,41980.69921875,41859.73046875,41969.7109375,30992158,0.0,0.0
2024-09-25 14:30:00-04:00,41970.9609375,41975.94140625,41933.4296875,41953.0390625,27308066,0.0,0.0
2024-09-25 15:30:00-04:00,41952.16015625,41952.16015625,41894.0703125,41923.26953125,40260824,0.0,0.0
2024-09-26 09:30:00-04:00,42157.390625,42195.75,42036.28125,42073.62109375,0,0.0,0.0
2024-09-26 10:30:00-04:00,42072.58984375,42161.890625,42068.01953125,42100.96875,48658067,0.0,0.0
2024-09-26 11:30:00-04:00,42100.0390625,42196.26171875,42091.87890625,42159.4609375,32940204,0.0,0.0
2024-09-26 12:30:00-04:00,42159.76953125,42173.37109375,42071.7109375,42144.37109375,24788710,0.0,0.0
2024-09-26 13:30:00-04:00,42144.98828125,42224.1484375,42144.94140625,42194.5390625,27454694,0.0,0.0
2024-09-26 14:30:00-04:00,42193.6796875,42196.171875,42126.5,42138.91015625,27036203,0.0,0.0
2024-09-26 15:30:00-04:00,42138.78125,42209.890625,42108.73046875,42169.98046875,41425488,0.0,0.0
2024-09-27 09:30:00-04:00,42253.828125,42533.94140625,42249.87109375,42516.5390625,0,0.0,0.0
2024-09-27 10:30:00-04:00,42516.73828125,42628.3203125,42482.71875,42617.87109375,39190064,0.0,0.0
2024-09-27 11:30:00-04:00,42617.71875,42624.5,42412.75,42427.73828125,34032037,0.0,0.0
2024-09-27 12:30:00-04:00,42427.75,42436.80078125,42341.171875,42365.87109375,20074885,0.0,0.0
2024-09-27 13:30:00-04:00,42365.73046875,42404.2890625,42322.8203125,42326.171875,19099094,0.0,0.0
2024-09-27 14:30:00-04:00,42327.03125,42397.4296875,42262.671875,42355.01171875,24788307,0.0,0.0
2024-09-27 15:30:00-04:00,42355.03125,42374.30078125,42301.08984375,42305.62109375,37193366,0.0,0.0
2024-09-30 09:30:00-04:00,42223.53125,42231.421875,42078.421875,42213.69921875,0,0.0,0.0
2024-09-30 10:30:00-04:00,42213.23046875,42309.26953125,42195.25,42195.2890625,29928679,0.0,0.0
2024-09-30 11:30:00-04:00,42193.66015625,42229.62109375,42156.62109375,42207.75,24808937,0.0,0.0
2024-09-30 12:30:00-04:00,42207.91015625,42213.76171875,42169.75,42170.3984375,17522760,0.0,0.0
2024-09-30 13:30:00-04:00,42170.91015625,42205.53125,41929.0703125,42025.6796875,24651858,0.0,0.0
2024-09-30 14:30:00-04:00,42029.6796875,42165.26171875,41991.8984375,42158.671875,29178039,0.0,0.0
2024-09-30 15:30:00-04:00,42158.359375,42347.66015625,42154.078125,42319.2109375,56023260,0.0,0.0
2024-10-01 09:30:00-04:00,42262.96875,42268.0,41945.62890625,42014.6796875,0,0.0,0.0
2024-10-01 10:30:00-04:00,42015.51171875,42132.7109375,41965.03125,42126.1796875,40888703,0.0,0.0
2024-10-01 11:30:00-04:00,42125.140625,42233.6015625,42115.96875,42179.48046875,30669078,0.0,0.0
2024-10-01 12:30:00-04:00,42179.75,42182.2890625,42001.55859375,42013.05859375,32518258,0.0,0.0
2024-10-01 13:30:00-04:00,42012.87109375,42310.69921875,42003.66015625,42304.859375,30396750,0.0,0.0
2024-10-01 14:30:00-04:00,42304.83984375,42322.359375,42217.421875,42265.578125,27456849,0.0,0.0
2024-10-01 15:30:00-04:00,42265.01171875,42265.01171875,42138.6015625,42157.2109375,46432469,0.0,0.0
2024-10-02 09:30:00-04:00,42125.140625,42194.91015625,41968.7890625,42143.578125,0,0.0,0.0
2024-10-02 10:30:00-04:00,42143.41015625,42248.109375,42122.5390625,42237.75,36756354,0.0,0.0
2024-10-02 11:30:00-04:00,42237.48046875,42259.51953125,42149.390625,42186.6796875,26120290,0.0,0.0
2024-10-02 12:30:00-04:00,42186.41015625,42188.5390625,42109.37890625,42143.6796875,23718521,0.0,0.0
2024-10-02 13:30:00-04:00,42143.44921875,42227.921875,42111.69921875,42154.76171875,24873352,0.0,0.0
2024-10-02 14:30:00-04:00,42155.69921875,42235.73046875,42148.19921875,42209.19140625,30332403,0.0,0.0
2024-10-02 15:30:00-04:00,42209.0703125,42232.76953125,42183.01953125,42194.98046875,38063075,0.0,0.0
2024-10-03 09:30:00-04:00,42099.53125,42125.83984375,41847.80859375,41972.46875,0,0.0,0.0
2024-10-03 10:30:00-04:00,41972.26171875,42031.3515625,41896.44921875,41984.828125,30413280,0.0,0.0
2024-10-03 11:30:00-04:00,41985.078125,42112.8984375,41982.80078125,42084.7890625,20962852,0.0,0.0
2024-10-03 12:30:00-04:00,42085.1015625,42085.1015625,41864.1015625,41897.0390625,24283551,0.0,0.0
2024-10-03 13:30:00-04:00,41897.12890625,41978.83984375,41882.171875,41960.46875,18052979,0.0,0.0
2024-10-03 14:30:00-04:00,41960.53125,41979.9296875,41904.4609375,41954.46875,22182972,0.0,0.0
2024-10-03 15:30:00-04:00,41954.87109375,42032.8515625,41928.55078125,42004.37890625,36730994,0.0,0.0
2024-10-04 09:30:00-04:00,42248.26171875,42313.578125,42022.6796875,42053.28125,0,0.0,0.0
2024-10-04 10:30:00-04:00,42054.33984375,42129.37890625,41972.109375,42008.62890625,33273945,0.0,0.0
2024-10-04 11:30:00-04:00,42009.0390625,42171.62890625,41989.37890625,42112.87890625,24456132,0.0,0.0
2024-10-04 12:30:00-04:00,42112.80859375,42245.12109375,42097.828125,42217.359375,18934338,0.0,0.0
2024-10-04 13:30:00-04:00,42217.23046875,42228.609375,42104.1484375,42173.8203125,20452667,0.0,0.0
2024-10-04 14:30:00-04:00,42173.94921875,42286.44921875,42163.7109375,42282.328125,24204103,0.0,0.0
2024-10-04 15:30:00-04:00,42282.44140625,42361.37890625,42269.578125,42344.1484375,40455251,0.0,0.0
2024-10-07 09:30:00-04:00,42289.51171875,42293.640625,42133.890625,42228.46875,0,0.0,0.0
2024-10-07 10:30:00-04:00,42226.0,42251.8984375,42154.359375,42218.30078125,29279004,0.0,0.0
2024-10-07 11:30:00-04:00,42218.76171875,42220.98046875,42060.98828125,42105.26171875,23941878,0.0,0.0
2024-10-07 12:30:00-04:00,42105.44921875,42142.140625,42080.01953125,42103.78125,19754527,0.0,0.0
2024-10-07 13:30:00-04:00,42101.171875,42104.98046875,41986.55078125,41997.05078125,19798238,0.0,0.0
2024-10-07 14:30:00-04:00,41997.19140625,41997.19140625,41831.73828125,41956.94140625,37146637,0.0,0.0
2024-10-07 15:30:00-04:00,41956.5703125,42012.109375,41902.62109375,41952.6796875,37638074,0.0,0.0
2024-10-08 09:30:00-04:00,42022.6484375,42096.4296875,41874.71875,41928.78125,0,0.0,0.0
2024-10-08 10:30:00-04:00,41929.12109375,42015.2890625,41893.05859375,42009.48828125,30840458,0.0,0.0
2024-10-08 11:30:00-04:00,42009.5703125,42043.48046875,41982.75,42033.19921875,20689873,0.0,0.0
2024-10-08 12:30:00-04:00,42033.359375,42051.94140625,41936.73828125,41975.4296875,20514214,0.0,0.0
2024-10-08 13:30:00-04:00,41975.69921875,42046.21875,41963.2109375,42045.421875,24278868,0.0,0.0
2024-10-08 14:30:00-04:00,42045.33984375,42092.390625,42035.4609375,42079.87109375,31907429,0.0,0.0
2024-10-08 15:30:00-04:00,42080.41015625,42128.55859375,42072.33984375,42075.3203125,40443897,0.0,0.0
2024-10-09 09:30:00-04:00,42070.3203125,42289.16015625,41993.3515625,42168.44921875,53012504,0.0,0.0
2024-10-09 10:30:00-04:00,42168.03125,42368.51953125,42148.328125,42347.28125,31990902,0.0,0.0
2024-10-09 11:30:00-04:00,42347.12109375,42485.76171875,42342.26171875,42425.44921875,27721113,0.0,0.0
2024-10-09 12:30:00-04:00,42425.03125,42497.83984375,42394.51953125,42473.66015625,19605897,0.0,0.0
2024-10-09 13:30:00-04:00,42473.609375,42482.2890625,42371.08984375,42429.171875,20650254,0.0,0.0
2024-10-09 14:30:00-04:00,42429.58984375,42510.44921875,42414.8515625,42506.9609375,25067026,0.0,0.0
2024-10-09 15:30:00-04:00,42507.140625,42562.01171875,42480.87109375,42514.01953125,35281618,0.0,0.0
2024-10-10 09:30:00-04:00,42511.37109375,42511.37109375,42368.21875,42398.9609375,0,0.0,0.0
2024-10-10 10:30:00-04:00,42398.828125,42459.3984375,42332.5390625,42422.6015625,26292235,0.0,0.0
2024-10-10 11:30:00-04:00,42422.98828125,42500.359375,42395.1484375,42498.16015625,19607161,0.0,0.0
2024-10-10 12:30:00-04:00,42498.1015625,42500.7109375,42336.98046875,42402.6015625,18861754,0.0,0.0
2024-10-10 13:30:00-04:00,42402.03125,42417.94140625,42314.75,42355.30859375,18313177,0.0,0.0
2024-10-10 14:30:00-04:00,42355.41015625,42371.37890625,42308.0390625,42358.578125,21011811,0.0,0.0
2024-10-10 15:30:00-04:00,42358.6796875,42472.6796875,42357.26953125,42454.83984375,31515059,0.0,0.0
2024-10-11 09:30:00-04:00,42507.53125,42786.8203125,42507.53125,42772.640625,0,0.0,0.0
2024-10-11 10:30:00-04:00,42772.73828125,42812.05859375,42739.76171875,42785.30859375,31929746,0.0,0.0
2024-10-11 11:30:00-04:00,42785.5390625,42835.48046875,42702.83984375,42722.78125,23474765,0.0,0.0
2024-10-11 12:30:00-04:00,42723.0703125,42774.44140625,42707.21875,42751.62109375,17791948,0.0,0.0
2024-10-11 13:30:00-04:00,42751.6484375,42862.01953125,42742.01953125,42825.609375,18702188,0.0,0.0
2024-10-11 14:30:00-04:00,42824.73828125,42886.71875,42784.73046875,42876.1484375,23913522,0.0,0.0
2024-10-11 15:30:00-04:00,42876.2890625,42899.75,42854.73046875,42865.19140625,36555531,0.0,0.0
2024-10-14 09:30:00-04:00,42800.890625,42904.44921875,42707.140625,42877.08984375,0,0.0,0.0
2024-10-14 10:30:00-04:00,42879.16015625,42990.87890625,42879.16015625,42973.0390625,27317001,0.0,0.0
2024-10-14 11:30:00-04:00,42973.53125,43062.78125,42964.3203125,43047.46875,19715528,0.0,0.0
2024-10-14 12:30:00-04:00,43047.46875,43075.37890625,43026.62109375,43042.05078125,14265950,0.0,0.0
2024-10-14 13:30:00-04:00,43041.05859375,43076.6015625,42995.328125,43066.7890625,17961035,0.0,0.0
2024-10-14 14:30:00-04:00,43066.94921875,43111.44921875,43063.76953125,43081.19140625,20147610,0.0,0.0
2024-10-14 15:30:00-04:00,43081.08984375,43139.0,43066.69140625,43077.73828125,36189963,0.0,0.0
2024-10-15 09:30:00-04:00,43240.171875,43277.78125,42760.5390625,42886.359375,0,0.0,0.0
2024-10-15 10:30:00-04:00,42885.421875,43004.1015625,42839.69140625,42988.37109375,50133284,0.0,0.0
2024-10-15 11:30:00-04:00,42987.7890625,43000.08984375,42886.19140625,42996.6015625,29320524,0.0,0.0
2024-10-15 12:30:00-04:00,42996.359375,43002.4609375,42877.671875,42895.12109375,23560667,0.0,0.0
2024-10-15 13:30:00-04:00,42894.76953125,42952.921875,42794.28125,42807.94921875,22646627,0.0,0.0
2024-10-15 14:30:00-04:00,42808.01171875,42821.23828125,42725.3984375,42761.94921875,29648201,0.0,0.0
2024-10-15 15:30:00-04:00,42761.5703125,42775.859375,42703.171875,42752.51953125,51810554,0.0,0.0
2024-10-16 09:30:00-04:00,42706.48828125,42957.421875,42692.37109375,42917.91015625,0,0.0,0.0
2024-10-16 10:30:00-04:00,42917.76953125,42977.640625,42888.48828125,42932.0,33904351,0.0,0.0
2024-10-16 11:30:00-04:00,42930.9609375,43009.578125,42911.8203125,42989.41015625,26074664,0.0,0.0
2024-10-16 12:30:00-04:00,42989.30859375,43016.44921875,42959.12109375,42972.44140625,23141805,0.0,0.0
2024-10-16 13:30:00-04:00,42971.8203125,43098.140625,42962.19140625,43077.94921875,23536457,0.0,0.0
2024-10-16 14:30:00-04:00,43077.8515625,43095.140625,43048.91015625,43059.8984375,25276659,0.0,0.0
2024-10-16 15:30:00-04:00,43059.76953125,43100.83984375,43052.609375,43077.1484375,37714164,0.0,0.0
2024-10-17 09:30:00-04:00,43119.80859375,43289.76171875,43119.80859375,43182.4609375,0,0.0,0.0
2024-10-17 10:30:00-04:00,43181.94140625,43239.30859375,43123.859375,43235.73828125,27741064,0.0,0.0
2024-10-17 11:30:00-04:00,43236.16015625,43253.9609375,43180.421875,43219.6484375,24540870,0.0,0.0
2024-10-17 12:30:00-04:00,43219.51953125,43286.109375,43199.8984375,43259.359375,19496534,0.0,0.0
2024-10-17 13:30:00-04:00,43259.359375,43286.0703125,43164.640625,43208.87109375,24014394,0.0,0.0
2024-10-17 14:30:00-04:00,43209.3203125,43265.80078125,43205.8515625,43243.7109375,22317619,0.0,0.0
2024-10-17 15:30:00-04:00,43242.921875,43268.94140625,43229.6796875,43239.51171875,34293390,0.0,0.0
2024-10-18 09:30:00-04:00,43187.12109375,43252.8984375,43036.3515625,43095.578125,0,0.0,0.0
2024-10-18 10:30:00-04:00,43095.53125,43178.73828125,43092.44921875,43170.08984375,31635646,0.0,0.0
2024-10-18 11:30:00-04:00,43170.01171875,43255.55859375,43165.8515625,43244.0390625,24689223,0.0,0.0
2024-10-18 12:30:00-04:00,43243.5703125,43315.16015625,43229.96875,43251.53125,24689302,0.0,0.0
2024-10-18 13:30:00-04:00,43252.390625,43325.08984375,43205.37109375,43310.33984375,18371824,0.0,0.0
2024-10-18 14:30:00-04:00,43310.3984375,43317.26953125,43239.44921875,43249.91015625,22481480,0.0,0.0
2024-10-18 15:30:00-04:00,43249.8515625,43285.94140625,43236.21875,43275.3515625,32146341,0.0,0.0
2024-10-21 09:30:00-04:00,43222.2109375,43310.87109375,43113.8515625,43120.46875,0,0.0,0.0
2024-10-21 10:30:00-04:00,43121.69140625,43143.4296875,42887.421875,42896.140625,35104358,0.0,0.0
2024-10-21 11:30:00-04:00,42895.1015625,43000.7890625,42877.5703125,42950.76171875,23092842,0.0,0.0
2024-10-21 12:30:00-04:00,42950.3515625,43004.71875,42935.69921875,42972.01953125,17860870,0.0,0.0
2024-10-21 13:30:00-04:00,42971.94140625,42976.28125,42906.01171875,42919.01171875,17647342,0.0,0.0
2024-10-21 14:30:00-04:00,42918.9609375,42955.94140625,42890.01171875,42927.8203125,22428742,0.0,0.0
2024-10-21 15:30:00-04:00,42927.48828125,42937.6015625,42880.76953125,42937.6015625,35141512,0.0,0.0
2024-10-22 09:30:00-04:00,42876.83984375,42876.83984375,42728.51953125,42748.48046875,0,0.0,0.0
2024-10-22 10:30:00-04:00,42747.7109375,42886.1484375,42718.26171875,42850.53125,34801646,0.0,0.0
2024-10-22 11:30:00-04:00,42850.58984375,42894.05078125,42837.328125,42890.6015625,24687406,0.0,0.0
2024-10-22 12:30:00-04:00,42890.3984375,42946.828125,42888.58984375,42924.4296875,26532635,0.0,0.0
2024-10-22 13:30:00-04:00,42924.69921875,43041.05078125,42912.890625,42986.69921875,27454100,0.0,0.0
2024-10-22 14:30:00-04:00,42986.75,42988.3984375,42932.8203125,42967.5,25531350,0.0,0.0
2024-10-22 15:30:00-04:00,42968.390625,43008.76953125,42923.3203125,42925.421875,37940539,0.0,0.0
2024-10-23 09:30:00-04:00,42834.3984375,42834.3984375,42625.48828125,42721.25,0,0.0,0.0
2024-10-23 10:30:00-04:00,42721.390625,42745.48828125,42529.5390625,42531.12890625,37069743,0.0,0.0
2024-10-23 11:30:00-04:00,42531.2109375,42636.359375,42524.75,42527.51953125,39971146,0.0,0.0
2024-10-23 12:30:00-04:00,42527.87890625,42583.9296875,42449.2890625,42472.44140625,31552401,0.0,0.0
2024-10-23 13:30:00-04:00,42472.6796875,42472.6796875,42293.171875,42360.359375,33689360,0.0,0.0
2024-10-23 14:30:00-04:00,42360.48828125,42525.8515625,42356.609375,42491.71875,33379958,0.0,0.0
2024-10-23 15:30:00-04:00,42491.19921875,42528.671875,42465.5390625,42508.9296875,46726078,0.0,0.0
2024-10-24 09:30:00-04:00,42522.55078125,42522.55078125,42337.171875,42424.23046875,61508351,0.0,0.0
2024-10-24 10:30:00-04:00,42425.26171875,42447.01171875,42334.4296875,42338.3203125,29680779,0.0,0.0
2024-10-24 11:30:00-04:00,42338.6796875,42343.0390625,42191.828125,42279.8984375,25882518,0.0,0.0
2024-10-24 12:30:00-04:00,42279.96875,42372.7890625,42276.87109375,42372.23828125,20372360,0.0,0.0
2024-10-24 13:30:00-04:00,42372.25,42412.671875,42307.859375,42346.359375,21604471,0.0,0.0
2024-10-24 14:30:00-04:00,42346.359375,42397.98046875,42307.4609375,42384.08984375,23891105,0.0,0.0
2024-10-24 15:30:00-04:00,42384.69140625,42411.609375,42366.6796875,42373.41015625,34827083,0.0,0.0
2024-10-25 09:30:00-04:00,42477.51171875,42594.640625,42477.51171875,42554.0390625,0,0.0,0.0
2024-10-25 10:30:00-04:00,42553.3515625,42554.9609375,42338.2890625,42339.828125,34764627,0.0,0.0
2024-10-25 11:30:00-04:00,42340.03125,42354.46875,42267.5,42350.7109375,25758162,0.0,0.0
2024-10-25 12:30:00-04:00,42349.78125,42358.6484375,42152.55078125,42185.69921875,21842296,0.0,0.0
2024-10-25 13:30:00-04:00,42183.78125,42183.78125,42051.390625,42162.171875,33364339,0.0,0.0
2024-10-25 14:30:00-04:00,42162.37109375,42207.16015625,42114.75,42144.76953125,23333411,0.0,0.0
2024-10-25 15:30:00-04:00,42143.7890625,42148.96875,42085.671875,42112.26953125,36666417,0.0,0.0
2024-10-28 09:30:00-04:00,42264.5390625,42463.12890625,42264.5390625,42452.3515625,0,0.0,0.0
2024-10-28 10:30:00-04:00,42451.01171875,42476.4609375,42406.30859375,42422.171875,30031706,0.0,0.0
2024-10-28 11:30:00-04:00,42421.328125,42422.66015625,42331.171875,42411.7109375,22210986,0.0,0.0
2024-10-28 12:30:00-04:00,42411.75,42428.8515625,42363.640625,42409.96875,20711294,0.0,0.0
2024-10-28 13:30:00-04:00,42409.9609375,42445.609375,42407.5703125,42416.421875,18803524,0.0,0.0
2024-10-28 14:30:00-04:00,42416.890625,42456.41015625,42396.80078125,42438.171875,23946024,0.0,0.0
2024-10-28 15:30:00-04:00,42438.23046875,42461.8203125,42380.2109375,42395.078125,38465342,0.0,0.0
2024-10-29 09:30:00-04:00,42323.48046875,42491.859375,42171.6484375,42391.9296875,0,0.0,0.0
2024-10-29 10:30:00-04:00,42395.609375,42435.890625,42297.58984375,42314.87109375,51332927,0.0,0.0
2024-10-29 11:30:00-04:00,42314.12109375,42369.171875,42297.8203125,42309.75,30765785,0.0,0.0
2024-10-29 12:30:00-04:00,42309.48828125,42384.6484375,42267.87890625,42316.12890625,31559685,0.0,0.0
2024-10-29 13:30:00-04:00,42315.9609375,42334.76953125,42274.6015625,42323.51171875,24397026,0.0,0.0
2024-10-29 14:30:00-04:00,42324.8984375,42352.41015625,42298.76171875,42318.5,32530851,0.0,0.0
2024-10-29 15:30:00-04:00,42318.28125,42320.5390625,42228.671875,42248.421875,48841929,0.0,0.0
2024-10-30 09:30:00-04:00,42249.80859375,42436.98828125,42144.3984375,42387.890625,0,0.0,0.0
2024-10-30 10:30:00-04:00,42388.01171875,42415.48828125,42339.37890625,42370.01171875,37277797,0.0,0.0
2024-10-30 11:30:00-04:00,42369.91015625,42457.921875,42364.1796875,42394.05078125,31295048,0.0,0.0
2024-10-30 12:30:00-04:00,42393.890625,42395.80859375,42304.4609375,42317.109375,24762319,0.0,0.0
2024-10-30 13:30:00-04:00,42317.08984375,42327.4296875,42240.5,42275.1015625,30335477,0.0,0.0
2024-10-30 14:30:00-04:00,42274.8515625,42287.9296875,42196.921875,42223.37890625,28292505,0.0,0.0
2024-10-30 15:30:00-04:00,42223.62109375,42232.62109375,42141.71875,42170.671875,55214510,0.0,0.0
2024-10-31 09:30:00-04:00,41956.33984375,41991.91015625,41836.76953125,41848.12890625,0,0.0,0.0
2024-10-31 10:30:00-04:00,41848.0,41886.1796875,41704.62890625,41777.46875,49502702,0.0,0.0
2024-10-31 11:30:00-04:00,41777.80859375,41881.671875,41770.7109375,41870.21875,40895343,0.0,0.0
2024-10-31 12:30:00-04:00,41869.3515625,41976.66015625,41853.12890625,41945.7890625,31771700,0.0,0.0
2024-10-31 13:30:00-04:00,41945.55078125,41947.05859375,41846.640625,41909.8203125,33287252,0.0,0.0
2024-10-31 14:30:00-04:00,41910.12109375,41956.71875,41858.4609375,41919.078125,40441752,0.0,0.0
2024-10-31 15:30:00-04:00,41917.76171875,41960.5703125,41751.140625,41753.76171875,69623645,0.0,0.0
2024-11-01 09:30:00-04:00,41869.8203125,42281.87890625,41869.8203125,42281.87890625,0,0.0,0.0
2024-11-01 10:30:00-04:00,42283.0,42326.30859375,42131.3515625,42320.69140625,79248594,0.0,0.0
2024-11-01 11:30:00-04:00,42320.9609375,42323.1796875,42181.94921875,42183.55078125,55273816,0.0,0.0
2024-11-01 12:30:00-04:00,42183.328125,42244.80859375,42096.83984375,42205.1796875,37324707,0.0,0.0
2024-11-01 13:30:00-04:00,42205.609375,42206.8984375,42020.71875,42091.7890625,36248884,0.0,0.0
2024-11-01 14:30:00-04:00,42092.01171875,42158.26953125,42055.55078125,42056.109375,44625587,0.0,0.0
2024-11-01 15:30:00-04:00,42056.26953125,42083.1484375,42005.55859375,42046.37890625,50599172,0.0,0.0
2024-11-04 09:30:00-05:00,42004.66015625,42035.87109375,41850.2109375,41938.78125,0,0.0,0.0
2024-11-04 10:30:00-05:00,41938.76953125,41960.01171875,41850.671875,41852.6484375,39280097,0.0,0.0
2024-11-04 11:30:00-05:00,41852.08984375,41853.9296875,41647.30078125,41822.87890625,37653449,0.0,0.0
2024-11-04 12:30:00-05:00,41823.171875,41884.25,41773.2890625,41845.46875,27635308,0.0,0.0
2024-11-04 13:30:00-05:00,41845.26953125,41865.69921875,41806.8203125,41807.6484375,25041370,0.0,0.0
2024-11-04 14:30:00-05:00,41806.828125,41853.0,41791.6484375,41813.80859375,24867875,0.0,0.0
2024-11-04 15:30:00-05:00,41814.26171875,41821.859375,41761.171875,41799.8203125,43654969,0.0,0.0
2024-11-05 09:30:00-05:00,41835.48828125,42122.6796875,41766.9609375,42077.19921875,0,0.0,0.0
2024-11-05 10:30:00-05:00,42077.16015625,42176.5703125,42059.5390625,42094.87890625,32933682,0.0,0.0
2024-11-05 11:30:00-05:00,42095.16015625,42190.69921875,42090.078125,42161.421875,27040594,0.0,0.0
2024-11-05 12:30:00-05:00,42161.48828125,42258.83984375,42150.66015625,42155.3515625,24902112,0.0,0.0
2024-11-05 13:30:00-05:00,42154.73828125,42201.3515625,42101.828125,42153.9296875,21841697,0.0,0.0
2024-11-05 14:30:00-05:00,42153.828125,42178.46875,42114.0,42151.48828125,23742791,0.0,0.0
2024-11-05 15:30:00-05:00,42150.9296875,42230.01953125,42128.6015625,42227.73828125,37057438,0.0,0.0
2024-11-06 09:30:00-05:00,42850.3984375,43624.109375,42850.3984375,43610.12109375,0,0.0,0.0
2024-11-06 10:30:00-05:00,43608.7109375,43609.30859375,43453.78125,43532.4296875,62769660,0.0,0.0
2024-11-06 11:30:00-05:00,43532.26953125,43615.6796875,43510.6015625,43558.71875,41209955,0.0,0.0
2024-11-06 12:30:00-05:00,43558.171875,43680.05859375,43556.94140625,43676.98046875,36284828,0.0,0.0
2024-11-06 13:30:00-05:00,43676.421875,43711.890625,43640.26171875,43662.328125,41356038,0.0,0.0
2024-11-06 14:30:00-05:00,43662.75,43769.78125,43635.921875,43727.109375,45726056,0.0,0.0
2024-11-06 15:30:00-05:00,43726.8515625,43778.78125,43689.37890625,43726.71875,65828523,0.0,0.0
2024-11-07 09:30:00-05:00,43718.921875,43810.2890625,43641.921875,43759.98046875,0,0.0,0.0
2024-11-07 10:30:00-05:00,43756.01953125,43778.66015625,43677.96875,43704.25,49083542,0.0,0.0
2024-11-07 11:30:00-05:00,43704.66015625,43781.921875,43702.390625,43770.37109375,32372124,0.0,0.0
2024-11-07 12:30:00-05:00,43770.3515625,43795.0,43716.05078125,43747.48046875,26657339,0.0,0.0
2024-11-07 13:30:00-05:00,43747.7109375,43772.5390625,43691.9609375,43716.2890625,28881968,0.0,0.0
2024-11-07 14:30:00-05:00,43717.359375,43823.1015625,43646.51171875,43779.62890625,41739769,0.0,0.0
2024-11-07 15:30:00-05:00,43779.1484375,43806.390625,43716.80078125,43727.26171875,49575589,0.0,0.0
2024-11-08 09:30:00-05:00,43768.53125,43981.23828125,43733.859375,43957.30078125,0,0.0,0.0
2024-11-08 10:30:00-05:00,43956.98828125,44052.890625,43956.3515625,44046.44140625,52225249,0.0,0.0
2024-11-08 11:30:00-05:00,44046.05859375,44048.03125,43950.12890625,43976.23828125,37979474,0.0,0.0
2024-11-08 12:30:00-05:00,43976.37890625,44018.23046875,43968.80859375,43981.3203125,29880044,0.0,0.0
2024-11-08 13:30:00-05:00,43982.48828125,44098.9609375,43979.390625,44080.75,33461959,0.0,0.0
2024-11-08 14:30:00-05:00,44081.171875,44157.2890625,44034.171875,44044.55859375,38354469,0.0,0.0
2024-11-08 15:30:00-05:00,44044.6484375,44047.58984375,43975.80859375,43998.73046875,52203626,0.0,0.0
2024-11-11 09:30:00-05:00,44057.6484375,44486.69921875,44057.6484375,44374.2109375,0,0.0,0.0
2024-11-11 10:30:00-05:00,44374.05078125,44426.62109375,44313.9296875,44330.6015625,56741524,0.0,0.0
2024-11-11 11:30:00-05:00,44327.578125,44367.71875,44313.6015625,44342.0,40096745,0.0,0.0
2024-11-11 12:30:00-05:00,44341.55078125,44356.6796875,44247.19140625,44287.48828125,35208766,0.0,0.0
2024-11-11 13:30:00-05:00,44288.4296875,44332.26171875,44256.609375,44324.05859375,31971616,0.0,0.0
2024-11-11 14:30:00-05:00,44323.98046875,44336.2109375,44273.30859375,44281.01171875,35609985,0.0,0.0
2024-11-11 15:30:00-05:00,44281.12890625,44316.9296875,44253.7890625,44305.25,44969360,0.0,0.0
2024-11-12 09:30:00-05:00,44359.2109375,44405.73046875,44170.078125,44173.359375,0,0.0,0.0
2024-11-12 10:30:00-05:00,44175.73046875,44208.2890625,44094.53125,44099.80859375,57714255,0.0,0.0
2024-11-12 11:30:00-05:00,44094.3203125,44103.55078125,44013.71875,44037.328125,47850667,0.0,0.0
2024-11-12 12:30:00-05:00,44036.87109375,44054.0703125,43909.98828125,43992.62109375,40965074,0.0,0.0
2024-11-12 13:30:00-05:00,43992.69140625,44145.73828125,43991.19921875,44065.5703125,36261847,0.0,0.0
2024-11-12 14:30:00-05:00,44064.5,44096.3515625,43974.98828125,43998.73828125,36228131,0.0,0.0
2024-11-12 15:30:00-05:00,43998.6015625,44001.19921875,43887.26953125,43912.5390625,50781734,0.0,0.0
2024-11-13 09:30:00-05:00,43880.4609375,44027.98828125,43829.98046875,43957.44921875,0,0.0,0.0
2024-11-13 10:30:00-05:00,43957.3984375,44086.609375,43938.140625,44085.87109375,49283933,0.0,0.0
2024-11-13 11:30:00-05:00,44087.6484375,44135.16015625,44062.33984375,44088.30859375,48324377,0.0,0.0
2024-11-13 12:30:00-05:00,44088.6015625,44141.328125,44053.4296875,44075.01171875,40435993,0.0,0.0
2024-11-13 13:30:00-05:00,44075.859375,44090.03125,43982.12109375,43999.328125,41551188,0.0,0.0
2024-11-13 14:30:00-05:00,43999.44921875,44023.05859375,43925.03125,44003.0703125,48991689,0.0,0.0
2024-11-13 15:30:00-05:00,44002.78125,44037.91015625,43934.6796875,43960.4296875,58290329,0.0,0.0
2024-11-14 09:30:00-05:00,44032.37890625,44080.78125,43869.12109375,43949.76953125,0,0.0,0.0
2024-11-14 10:30:00-05:00,43950.671875,43985.19921875,43897.58984375,43963.890625,60075890,0.0,0.0
2024-11-14 11:30:00-05:00,43959.76953125,43970.94921875,43810.5390625,43820.640625,47413224,0.0,0.0
2024-11-14 12:30:00-05:00,43820.9296875,43868.7890625,43751.19140625,43797.4296875,46270577,0.0,0.0
2024-11-14 13:30:00-05:00,43797.37890625,43838.890625,43743.3203125,43838.0,49192367,0.0,0.0
2024-11-14 14:30:00-05:00,43838.53125,43886.359375,43704.8203125,43780.94140625,53199284,0.0,0.0
2024-11-14 15:30:00-05:00,43780.44140625,43793.87109375,43705.1796875,43753.83984375,54538560,0.0,0.0
2024-11-15 09:30:00-05:00,43587.9296875,43647.53125,43436.12890625,43471.53125,0,0.0,0.0
2024-11-15 10:30:00-05:00,43469.87890625,43542.859375,43419.3203125,43530.08984375,72062165,0.0,0.0
2024-11-15 11:30:00-05:00,43530.4296875,43530.4296875,43394.609375,43396.80859375,63469210,0.0,0.0
2024-11-15 12:30:00-05:00,43396.94921875,43462.03125,43350.4296875,43448.359375,59555751,0.0,0.0
2024-11-15 13:30:00-05:00,43447.5703125,43447.5703125,43361.640625,43391.9296875,61971816,0.0,0.0
2024-11-15 14:30:00-05:00,43391.80078125,43515.671875,43378.94140625,43439.76953125,65859910,0.0,0.0
2024-11-15 15:30:00-05:00,43439.62109375,43477.80859375,43386.859375,43439.19140625,64789581,0.0,0.0
2024-11-18 09:30:00-05:00,43431.890625,43441.87109375,43297.5703125,43354.609375,0,0.0,0.0
2024-11-18 10:30:00-05:00,43353.109375,43484.390625,43344.9609375,43455.21875,54248031,0.0,0.0
2024-11-18 11:30:00-05:00,43454.7890625,43505.66015625,43403.4296875,43436.51171875,45086784,0.0,0.0
2024-11-18 12:30:00-05:00,43436.3984375,43468.890625,43394.55859375,43402.05078125,37255804,0.0,0.0
2024-11-18 13:30:00-05:00,43401.1796875,43412.83984375,43320.8515625,43338.2109375,38311789,0.0,0.0
2024-11-18 14:30:00-05:00,43339.69140625,43397.44921875,43315.828125,43393.7109375,41069818,0.0,0.0
2024-11-18 15:30:00-05:00,43395.37109375,43398.71875,43348.94140625,43394.1484375,51655562,0.0,0.0
2024-11-19 09:30:00-05:00,43243.26953125,43243.26953125,42938.87109375,43086.55078125,0,0.0,0.0
2024-11-19 10:30:00-05:00,43088.01171875,43274.51171875,43083.859375,43271.87109375,60693076,0.0,0.0
2024-11-19 11:30:00-05:00,43271.609375,43282.75,43205.2890625,43265.21875,43220889,0.0,0.0
2024-11-19 12:30:00-05:00,43265.1796875,43313.078125,43249.6484375,43286.62109375,34832354,0.0,0.0
2024-11-19 13:30:00-05:00,43284.1484375,43380.96875,43268.671875,43279.78125,45135903,0.0,0.0
2024-11-19 14:30:00-05:00,43279.3515625,43287.87109375,43214.26953125,43246.94140625,49748039,0.0,0.0
2024-11-19 15:30:00-05:00,43247.30859375,43270.6796875,43224.55859375,43265.0390625,56908925,0.0,0.0
2024-11-20 09:30:00-05:00,43296.05078125,43359.21875,43074.859375,43145.73046875,0,0.0,0.0
2024-11-20 10:30:00-05:00,43145.0,43252.109375,43126.109375,43127.7109375,64830301,0.0,0.0
2024-11-20 11:30:00-05:00,43127.12890625,43285.421875,43098.03125,43165.76953125,50216450,0.0,0.0
2024-11-20 12:30:00-05:00,43166.7890625,43265.41015625,43149.55859375,43223.48828125,35675703,0.0,0.0
2024-11-20 13:30:00-05:00,43223.609375,43223.609375,43124.76171875,43171.609375,38850553,0.0,0.0
2024-11-20 14:30:00-05:00,43171.69140625,43305.0390625,43162.23828125,43296.2109375,45915892,0.0,0.0
2024-11-20 15:30:00-05:00,43296.37109375,43465.76953125,43296.37109375,43406.87890625,62782812,0.0,0.0
2024-11-21 09:30:00-05:00,43538.69921875,43599.0,43345.578125,43437.53125,0,0.0,0.0
2024-11-21 10:30:00-05:00,43434.48046875,43817.1796875,43420.73828125,43805.87890625,92401566,0.0,0.0
2024-11-21 11:30:00-05:00,43805.671875,43874.671875,43708.51953125,43862.1796875,68615469,0.0,0.0
2024-11-21 12:30:00-05:00,43861.6796875,43997.98828125,43843.921875,43994.9296875,51209779,0.0,0.0
2024-11-21 13:30:00-05:00,43995.23828125,44020.30859375,43907.98828125,43966.62109375,65133452,0.0,0.0
2024-11-21 14:30:00-05:00,43966.23046875,43976.7109375,43927.2890625,43953.94921875,60368671,0.0,0.0
2024-11-21 15:30:00-05:00,43953.55859375,43956.1015625,43864.51171875,43866.44140625,62217730,0.0,0.0
2024-11-22 09:30:00-05:00,43871.62890625,44209.48046875,43871.62890625,44038.0390625,0,0.0,0.0
2024-11-22 10:30:00-05:00,44037.55859375,44169.5390625,44036.30078125,44116.08984375,66189356,0.0,0.0
2024-11-22 11:30:00-05:00,44116.2109375,44241.73046875,44081.6484375,44229.98828125,56128246,0.0,0.0
2024-11-22 12:30:00-05:00,44229.7890625,44242.3515625,44144.51171875,44214.5703125,38399973,0.0,0.0
2024-11-22 13:30:00-05:00,44214.55859375,44254.8203125,44155.41015625,44217.26953125,44706863,0.0,0.0
2024-11-22 14:30:00-05:00,44216.91015625,44266.98046875,44159.69140625,44209.37890625,47176744,0.0,0.0
2024-11-22 15:30:00-05:00,44209.1484375,44323.94921875,44204.1796875,44292.578125,57516158,0.0,0.0
2024-11-25 09:30:00-05:00,44385.48828125,44815.671875,44385.48828125,44792.44921875,0,0.0,0.0
2024-11-25 10:30:00-05:00,44792.96875,44803.30078125,44639.33984375,44654.23046875,66200701,0.0,0.0
2024-11-25 11:30:00-05:00,44653.609375,44669.21875,44526.0703125,44533.76953125,50434787,0.0,0.0
2024-11-25 12:30:00-05:00,44533.94921875,44663.48828125,44512.921875,44648.328125,45288693,0.0,0.0
2024-11-25 13:30:00-05:00,44648.26953125,44725.5390625,44638.1484375,44690.01953125,41406710,0.0,0.0
2024-11-25 14:30:00-05:00,44690.12109375,44719.109375,44657.51171875,44701.48046875,43098688,0.0,0.0
2024-11-25 15:30:00-05:00,44701.140625,44736.71875,44685.359375,44732.390625,73674709,0.0,0.0
2024-11-26 09:30:00-05:00,44614.890625,44630.66015625,44429.30859375,44469.6484375,0,0.0,0.0
2024-11-26 10:30:00-05:00,44469.828125,44566.46875,44426.66015625,44564.5703125,57702477,0.0,0.0
2024-11-26 11:30:00-05:00,44565.12890625,44633.3515625,44551.87890625,44616.30859375,37992749,0.0,0.0
2024-11-26 12:30:00-05:00,44616.69140625,44725.96875,44616.01953125,44715.6796875,31784779,0.0,0.0
2024-11-26 13:30:00-05:00,44715.69921875,44768.48828125,44689.16015625,44750.0,35396966,0.0,0.0
2024-11-26 14:30:00-05:00,44753.171875,44856.48828125,44736.94140625,44831.94921875,37806811,0.0,0.0
2024-11-26 15:30:00-05:00,44831.859375,44903.01171875,44824.73828125,44851.26953125,50797379,0.0,0.0
2024-11-27 09:30:00-05:00,44837.75,45003.05859375,44837.75,44934.8984375,0,0.0,0.0
2024-11-27 10:30:00-05:00,44936.4609375,44952.30078125,44826.26171875,44831.3203125,60426556,0.0,0.0
2024-11-27 11:30:00-05:00,44830.6484375,44893.8203125,44780.0,44809.69921875,41259578,0.0,0.0
2024-11-27 12:30:00-05:00,44809.30859375,44814.6796875,44715.30859375,44719.578125,33969495,0.0,0.0
2024-11-27 13:30:00-05:00,44719.890625,44776.19140625,44710.12890625,44739.76953125,34990541,0.0,0.0
2024-11-27 14:30:00-05:00,44739.23828125,44764.62109375,44707.08984375,44726.96875,36123511,0.0,0.0
2024-11-27 15:30:00-05:00,44724.55078125,44756.76171875,44690.23046875,44722.80078125,41269330,0.0,0.0
2024-11-29 09:30:00-05:00,44760.05078125,44894.73046875,44760.05078125,44881.328125,0,0.0,0.0
2024-11-29 10:30:00-05:00,44880.98828125,44985.44140625,44870.1484375,44972.83984375,48639247,0.0,0.0
2024-11-29 11:30:00-05:00,44974.171875,45071.2890625,44959.48046875,45045.609375,45470251,0.0,0.0
2024-12-02 09:30:00-05:00,44925.859375,45001.66015625,44710.16015625,44741.9296875,0,0.0,0.0
2024-12-02 10:30:00-05:00,44741.94140625,44824.16015625,44721.08984375,44807.23828125,54663663,0.0,0.0
2024-12-02 11:30:00-05:00,44806.4609375,44823.6484375,44748.5703125,44753.03125,37192822,0.0,0.0
2024-12-02 12:30:00-05:00,44752.80859375,44814.921875,44746.3203125,44804.21875,31255023,0.0,0.0
2024-12-02 13:30:00-05:00,44804.171875,44828.2890625,44784.55078125,44816.73046875,32500306,0.0,0.0
2024-12-02 14:30:00-05:00,44816.6796875,44851.91015625,44813.58984375,44824.2109375,32440916,0.0,0.0
2024-12-02 15:30:00-05:00,44823.078125,44823.078125,44764.12890625,44783.3203125,46498366,0.0,0.0
2024-12-03 09:30:00-05:00,44769.578125,44914.6796875,44652.80859375,44652.80859375,0,0.0,0.0
2024-12-03 10:30:00-05:00,44652.1484375,44682.5703125,44615.12890625,44644.26171875,44329022,0.0,0.0
2024-12-03 11:30:00-05:00,44643.26953125,44705.58984375,44574.78125,44704.51953125,39909278,0.0,0.0
2024-12-03 12:30:00-05:00,44704.4296875,44778.609375,44696.609375,44741.30078125,34240479,0.0,0.0
2024-12-03 13:30:00-05:00,44740.98046875,44747.7109375,44670.73828125,44724.51171875,31405722,0.0,0.0
2024-12-03 14:30:00-05:00,44724.83984375,44760.21875,44712.94921875,44719.94921875,37269359,0.0,0.0
2024-12-03 15:30:00-05:00,44718.8984375,44742.55859375,44690.4609375,44705.55859375,46772665,0.0,0.0
2024-12-04 09:30:00-05:00,44941.05078125,45018.8203125,44826.421875,44851.0703125,0,0.0,0.0
2024-12-04 10:30:00-05:00,44846.5,44971.26953125,44829.76953125,44957.69921875,57458644,0.0,0.0
2024-12-04 11:30:00-05:00,44957.73046875,44974.58984375,44895.80859375,44896.171875,60670947,0.0,0.0
2024-12-04 12:30:00-05:00,44896.1796875,44914.94140625,44865.078125,44873.3984375,41902875,0.0,0.0
2024-12-04 13:30:00-05:00,44873.44921875,44953.16015625,44799.73828125,44945.69921875,49578283,0.0,0.0
2024-12-04 14:30:00-05:00,44945.671875,45037.609375,44941.390625,45003.30078125,54603014,0.0,0.0
2024-12-04 15:30:00-05:00,45003.5,45073.62890625,44991.078125,45011.98828125,58886815,0.0,0.0
2024-12-05 09:30:00-05:00,45038.44140625,45059.94140625,44911.859375,44925.7890625,0,0.0,0.0
2024-12-05 10:30:00-05:00,44925.671875,44942.62890625,44863.8515625,44941.66015625,50846263,0.0,0.0
2024-12-05 11:30:00-05:00,44941.80859375,44943.890625,44851.71875,44865.5703125,45597828,0.0,0.0
2024-12-05 12:30:00-05:00,44865.69140625,44919.7109375,44813.44921875,44849.6484375,41790577,0.0,0.0
2024-12-05 13:30:00-05:00,44849.6484375,44893.3515625,44828.62109375,44835.91015625,36081078,0.0,0.0
2024-12-05 14:30:00-05:00,44835.33984375,44854.71875,44774.48828125,44796.87109375,37666294,0.0,0.0
2024-12-05 15:30:00-05:00,44797.16015625,44820.8203125,44747.140625,44772.26953125,52852039,0.0,0.0
2024-12-06 09:30:00-05:00,44824.2890625,44923.73828125,44776.98046875,44831.390625,0,0.0,0.0
2024-12-06 10:30:00-05:00,44830.8203125,44838.5390625,44678.26953125,44724.98828125,66154502,0.0,0.0
2024-12-06 11:30:00-05:00,44724.640625,44745.1015625,44639.890625,44667.30859375,51853919,0.0,0.0
2024-12-06 12:30:00-05:00,44667.328125,44727.53125,44626.28125,44687.37890625,34060540,0.0,0.0
2024-12-06 13:30:00-05:00,44687.3203125,44689.30078125,44601.828125,44613.37890625,31119209,0.0,0.0
2024-12-06 14:30:00-05:00,44614.6015625,44642.19921875,44596.4609375,44639.5390625,38974979,0.0,0.0
2024-12-06 15:30:00-05:00,44639.23828125,44651.37890625,44619.6484375,44634.44140625,51140827,0.0,0.0
2024-12-09 09:30:00-05:00,44637.96875,44728.51171875,44606.640625,44628.16015625,0,0.0,0.0
2024-12-09 10:30:00-05:00,44627.6796875,44643.1796875,44517.5390625,44583.078125,73980503,0.0,0.0
2024-12-09 11:30:00-05:00,44583.25,44656.98046875,44541.41015625,44571.12890625,40889721,0.0,0.0
2024-12-09 12:30:00-05:00,44567.890625,44584.12890625,44508.5390625,44520.9609375,36229585,0.0,0.0
2024-12-09 13:30:00-05:00,44521.01171875,44600.1015625,44507.5390625,44547.55859375,32860835,0.0,0.0
2024-12-09 14:30:00-05:00,44546.1796875,44564.921875,44441.26171875,44462.0703125,37741968,0.0,0.0
2024-12-09 15:30:00-05:00,44461.828125,44486.28125,44382.828125,44413.69140625,50998971,0.0,0.0
2024-12-10 09:30:00-05:00,44291.5703125,44354.8203125,44186.66015625,44334.3515625,0,0.0,0.0
2024-12-10 10:30:00-05:00,44333.828125,44462.26953125,44333.828125,44450.48828125,61518786,0.0,0.0
2024-12-10 11:30:00-05:00,44450.9296875,44470.83984375,44364.8984375,44372.140625,48807105,0.0,0.0
2024-12-10 12:30:00-05:00,44372.3515625,44454.1015625,44351.69140625,44398.33984375,33418467,0.0,0.0
2024-12-10 13:30:00-05:00,44398.55859375,44419.55078125,44335.16015625,44383.83984375,32732767,0.0,0.0
2024-12-10 14:30:00-05:00,44383.421875,44427.8203125,44305.62109375,44313.890625,55893183,0.0,0.0
2024-12-10 15:30:00-05:00,44314.3984375,44314.62109375,44207.01953125,44259.6015625,52939925,0.0,0.0
2024-12-11 09:30:00-05:00,44300.41015625,44376.1796875,44152.671875,44258.921875,0,0.0,0.0
2024-12-11 10:30:00-05:00,44258.98828125,44267.19921875,44186.9296875,44241.19921875,53488663,0.0,0.0
2024-12-11 11:30:00-05:00,44240.94921875,44321.53125,44240.609375,44248.30078125,44092995,0.0,0.0
2024-12-11 12:30:00-05:00,44247.0390625,44331.41015625,44236.3203125,44309.05859375,32724344,0.0,0.0
2024-12-11 13:30:00-05:00,44309.0,44313.890625,44216.171875,44239.4609375,35979572,0.0,0.0
2024-12-11 14:30:00-05:00,44239.359375,44264.9296875,44189.828125,44213.87890625,41795586,0.0,0.0
2024-12-11 15:30:00-05:00,44213.73828125,44226.640625,44135.73828125,44150.609375,50045900,0.0,0.0
2024-12-12 09:30:00-05:00,44168.66015625,44208.6015625,44047.05859375,44111.55078125,0,0.0,0.0
2024-12-12 10:30:00-05:00,44114.12109375,44174.03125,44060.12109375,44158.3203125,44823114,0.0,0.0
2024-12-12 11:30:00-05:00,44159.6796875,44159.6796875,44044.16015625,44087.578125,31293818,0.0,0.0
2024-12-12 12:30:00-05:00,44087.328125,44096.671875,44012.76171875,44040.91015625,33524308,0.0,0.0
2024-12-12 13:30:00-05:00,44040.53125,44042.171875,43915.46875,43923.01171875,32381406,0.0,0.0
2024-12-12 14:30:00-05:00,43923.01171875,43960.30078125,43908.80078125,43955.12890625,32732203,0.0,0.0
2024-12-12 15:30:00-05:00,43955.2890625,43979.37109375,43903.26953125,43916.5,40962992,0.0,0.0
2024-12-13 09:30:00-05:00,43929.1484375,44054.23046875,43843.25,43915.578125,0,0.0,0.0
2024-12-13 10:30:00-05:00,43915.3515625,43942.16015625,43833.55078125,43919.48046875,80548062,0.0,0.0
2024-12-13 11:30:00-05:00,43917.609375,43960.80859375,43796.96875,43832.33984375,55032144,0.0,0.0
2024-12-13 12:30:00-05:00,43833.0390625,43874.1796875,43790.48046875,43870.3515625,35575431,0.0,0.0
2024-12-13 13:30:00-05:00,43870.46875,43898.1484375,43832.26171875,43833.3984375,29553451,0.0,0.0
2024-12-13 14:30:00-05:00,43833.33984375,43870.4609375,43817.0,43826.4609375,44868260,0.0,0.0
2024-12-13 15:30:00-05:00,43826.03125,43874.0703125,43819.48828125,43827.94921875,39519218,0.0,0.0
2024-12-16 09:30:00-05:00,43825.76171875,43951.578125,43790.51171875,43862.75,0,0.0,0.0
2024-12-16 10:30:00-05:00,43862.53125,43914.640625,43798.19921875,43811.23046875,56202508,0.0,0.0
2024-12-16 11:30:00-05:00,43808.6484375,43840.87109375,43774.390625,43784.3515625,49539016,0.0,0.0
2024-12-16 12:30:00-05:00,43786.3984375,43813.9609375,43758.19921875,43808.109375,45787439,0.0,0.0
2024-12-16 13:30:00-05:00,43808.05078125,43823.1484375,43780.4609375,43805.87890625,49436744,0.0,0.0
2024-12-16 14:30:00-05:00,43806.6484375,43831.609375,43781.91015625,43812.53125,49856399,0.0,0.0
2024-12-16 15:30:00-05:00,43812.94140625,43814.48046875,43686.8515625,43722.30078125,55457694,0.0,0.0
2024-12-17 09:30:00-05:00,43656.46875,43656.46875,43413.21875,43461.05078125,0,0.0,0.0
2024-12-17 10:30:00-05:00,43458.609375,43522.3984375,43415.21875,43446.578125,66864548,0.0,0.0
2024-12-17 11:30:00-05:00,43445.08984375,43530.51953125,43440.5,43453.94140625,57586679,0.0,0.0
2024-12-17 12:30:00-05:00,43454.23046875,43481.859375,43381.21875,43386.5703125,42615282,0.0,0.0
2024-12-17 13:30:00-05:00,43387.26171875,43445.3984375,43366.96875,43371.19140625,39901751,0.0,0.0
2024-12-17 14:30:00-05:00,43370.73828125,43380.73046875,43336.21875,43361.671875,41921845,0.0,0.0
2024-12-17 15:30:00-05:00,43362.37109375,43488.19921875,43348.390625,43448.08984375,57506170,0.0,0.0
2024-12-18 09:30:00-05:00,43459.71875,43613.46875,43447.0,43600.328125,0,0.0,0.0
2024-12-18 10:30:00-05:00,43600.23046875,43688.96875,43563.21875,43598.140625,60136122,0.0,0.0
2024-12-18 11:30:00-05:00,43598.19140625,43684.01953125,43568.921875,43643.58984375,38944321,0.0,0.0
2024-12-18 12:30:00-05:00,43643.328125,43668.94140625,43547.03125,43551.859375,32079853,0.0,0.0
2024-12-18 13:30:00-05:00,43551.828125,43627.05859375,43185.28125,43185.28125,53594968,0.0,0.0
2024-12-18 14:30:00-05:00,43184.21875,43266.78125,42796.4296875,42810.359375,81324296,0.0,0.0
2024-12-18 15:30:00-05:00,42810.41015625,42834.4609375,42300.0390625,42307.48046875,103731184,0.0,0.0
2024-12-19 09:30:00-05:00,42464.12890625,42787.8515625,42452.69921875,42472.359375,0,0.0,0.0
2024-12-19 10:30:00-05:00,42471.2890625,42615.48046875,42416.12890625,42603.1484375,68701311,0.0,0.0
2024-12-19 11:30:00-05:00,42602.8515625,42631.6015625,42454.48828125,42458.94921875,50093843,0.0,0.0
2024-12-19 12:30:00-05:00,42458.37890625,42584.51953125,42407.7890625,42582.3203125,40494383,0.0,0.0
2024-12-19 13:30:00-05:00,42581.828125,42678.0390625,42527.98828125,42551.078125,36330037,0.0,0.0
2024-12-19 14:30:00-05:00,42550.98828125,42554.26171875,42434.51171875,42501.2890625,42685074,0.0,0.0
2024-12-19 15:30:00-05:00,42501.08984375,42576.23828125,42334.12890625,42336.33984375,58128417,0.0,0.0
2024-12-20 09:30:00-05:00,42296.26171875,42592.44140625,42146.328125,42585.23046875,0,0.0,0.0
2024-12-20 10:30:00-05:00,42585.37109375,42954.46875,42585.37109375,42954.1796875,69174164,0.0,0.0
2024-12-20 11:30:00-05:00,42954.640625,43216.03125,42945.46875,43199.7890625,59367017,0.0,0.0
2024-12-20 12:30:00-05:00,43199.26171875,43201.37890625,42956.421875,42962.390625,47662061,0.0,0.0
2024-12-20 13:30:00-05:00,42963.1484375,43036.37109375,42925.48046875,43036.05078125,42173920,0.0,0.0
2024-12-20 14:30:00-05:00,43035.55859375,43077.66015625,42899.6015625,42925.75,49367358,0.0,0.0
2024-12-20 15:30:00-05:00,42926.0390625,42988.62109375,42795.5,42854.1484375,82675992,0.0,0.0
2024-12-23 09:30:00-05:00,42800.48828125,42806.7109375,42516.87109375,42623.1796875,0,0.0,0.0
2024-12-23 10:30:00-05:00,42623.109375,42663.578125,42530.078125,42633.2890625,42222158,0.0,0.0
2024-12-23 11:30:00-05:00,42633.19921875,42793.9296875,42611.87109375,42747.5,42724227,0.0,0.0
2024-12-23 12:30:00-05:00,42746.98046875,42814.078125,42710.6484375,42811.30859375,36844327,0.0,0.0
2024-12-23 13:30:00-05:00,42811.19140625,42840.30078125,42788.4296875,42801.9296875,35789128,0.0,0.0
2024-12-23 14:30:00-05:00,42800.87890625,42834.921875,42757.359375,42828.78125,40559810,0.0,0.0
2024-12-23 15:30:00-05:00,42828.69921875,42957.7890625,42824.44140625,42893.69921875,46019453,0.0,0.0
2024-12-24 09:30:00-05:00,42916.48046875,43060.828125,42871.76171875,43035.98046875,0,0.0,0.0
2024-12-24 10:30:00-05:00,43035.890625,43129.37109375,43030.46875,43093.46875,41809020,0.0,0.0
2024-12-24 11:30:00-05:00,43093.46875,43223.69921875,43091.6796875,43212.8203125,34375804,0.0,0.0
2024-12-26 09:30:00-05:00,43201.8515625,43245.6015625,43115.08984375,43221.41015625,0,0.0,0.0
2024-12-26 10:30:00-05:00,43222.6484375,43305.609375,43175.66015625,43285.73046875,32071814,0.0,0.0
2024-12-26 11:30:00-05:00,43285.96875,43373.98046875,43283.37109375,43318.58984375,27909021,0.0,0.0
2024-12-26 12:30:00-05:00,43317.98046875,43355.76171875,43261.171875,43342.0390625,23568257,0.0,0.0
2024-12-26 13:30:00-05:00,43342.171875,43343.0703125,43264.4296875,43286.609375,21668830,0.0,0.0
2024-12-26 14:30:00-05:00,43286.30859375,43341.109375,43276.109375,43320.8203125,21919533,0.0,0.0
2024-12-26 15:30:00-05:00,43320.390625,43369.62890625,43297.37109375,43323.640625,29934616,0.0,0.0
2024-12-27 09:30:00-05:00,43142.37109375,43238.8515625,42930.78125,42938.2109375,0,0.0,0.0
2024-12-27 10:30:00-05:00,42934.8984375,43023.26953125,42882.62109375,42993.8203125,43890347,0.0,0.0
2024-12-27 11:30:00-05:00,42993.9609375,43027.2890625,42766.6015625,42805.421875,38629794,0.0,0.0
2024-12-27 12:30:00-05:00,42805.73046875,42890.30078125,42761.55859375,42866.6484375,29844322,0.0,0.0
2024-12-27 13:30:00-05:00,42866.71875,43019.16015625,42855.37109375,42979.6796875,25766683,0.0,0.0
2024-12-27 14:30:00-05:00,42979.62109375,43079.76953125,42906.8515625,42932.8515625,29909975,0.0,0.0
2024-12-27 15:30:00-05:00,42933.1484375,43048.921875,42866.9296875,43002.46875,45502613,0.0,0.0
2024-12-30 09:30:00-05:00,42863.859375,42863.859375,42263.51171875,42302.62890625,0,0.0,0.0
2024-12-30 10:30:00-05:00,42301.87109375,42565.171875,42299.328125,42536.30078125,44327459,0.0,0.0
2024-12-30 11:30:00-05:00,42536.51171875,42705.578125,42535.390625,42678.6484375,34777678,0.0,0.0
2024-12-30 12:30:00-05:00,42678.53125,42769.03125,42631.1796875,42703.73828125,38729798,0.0,0.0
2024-12-30 13:30:00-05:00,42703.828125,42771.3984375,42645.5390625,42702.890625,31870157,0.0,0.0
2024-12-30 14:30:00-05:00,42702.890625,42772.671875,42670.9296875,42671.51171875,33086934,0.0,0.0
2024-12-30 15:30:00-05:00,42670.51953125,42740.44921875,42572.1484375,42583.8984375,40368880,0.0,0.0
2024-12-31 09:30:00-05:00,42636.69921875,42779.69140625,42635.41015625,42707.890625,0,0.0,0.0
2024-12-31 10:30:00-05:00,42708.4296875,42719.4296875,42533.8203125,42542.23046875,36073108,0.0,0.0
2024-12-31 11:30:00-05:00,42541.37109375,42573.1484375,42454.87890625,42455.73828125,30526570,0.0,0.0
2024-12-31 12:30:00-05:00,42455.30859375,42582.5,42421.2890625,42435.44140625,33653039,0.0,0.0
2024-12-31 13:30:00-05:00,42437.28125,42556.23046875,42432.8984375,42460.328125,28051416,0.0,0.0
2024-12-31 14:30:00-05:00,42459.91015625,42582.828125,42422.91015625,42582.01953125,33906512,0.0,0.0
2024-12-31 15:30:00-05:00,42582.1796875,42596.640625,42488.5390625,42560.87890625,52137277,0.0,0.0
2025-01-02 09:30:00-05:00,42660.08984375,42899.5,42625.3984375,42654.98828125,0,0.0,0.0
2025-01-02 10:30:00-05:00,42655.578125,42704.51171875,42458.62890625,42590.9609375,51379026,0.0,0.0
2025-01-02 11:30:00-05:00,42590.46875,42676.83984375,42407.98046875,42419.171875,45139700,0.0,0.0
2025-01-02 12:30:00-05:00,42418.69921875,42418.69921875,42213.96875,42286.21875,48885280,0.0,0.0
2025-01-02 13:30:00-05:00,42286.94140625,42352.0703125,42174.80078125,42349.94140625,37092258,0.0,0.0
2025-01-02 14:30:00-05:00,42350.48828125,42447.5390625,42254.44140625,42424.58984375,38891645,0.0,0.0
2025-01-02 15:30:00-05:00,42424.1796875,42476.71875,42361.328125,42397.7109375,45280391,0.0,0.0
2025-01-03 09:30:00-05:00,42495.76171875,42695.37890625,42436.921875,42577.33984375,0,0.0,0.0
2025-01-03 10:30:00-05:00,42577.03125,42675.8984375,42544.6796875,42610.3515625,52422747,0.0,0.0
2025-01-03 11:30:00-05:00,42610.48046875,42688.921875,42607.91015625,42636.609375,37257285,0.0,0.0
2025-01-03 12:30:00-05:00,42636.01171875,42716.28125,42621.078125,42716.28125,37973585,0.0,0.0
2025-01-03 13:30:00-05:00,42717.859375,42744.51953125,42691.6484375,42734.41015625,36931176,0.0,0.0
2025-01-03 14:30:00-05:00,42734.01171875,42782.76171875,42681.078125,42737.5390625,34376856,0.0,0.0
2025-01-03 15:30:00-05:00,42737.62890625,42749.46875,42684.19140625,42730.23046875,47642563,0.0,0.0
2025-01-06 09:30:00-05:00,42835.51953125,43053.96875,42805.98828125,42996.76171875,0,0.0,0.0
2025-01-06 10:30:00-05:00,42998.140625,43056.3203125,42919.26171875,43052.140625,66711620,0.0,0.0
2025-01-06 11:30:00-05:00,43051.55859375,43115.30859375,43008.87890625,43021.3984375,46579659,0.0,0.0
2025-01-06 12:30:00-05:00,43020.55859375,43034.62109375,42864.1015625,42892.19921875,40210238,0.0,0.0
2025-01-06 13:30:00-05:00,42892.80859375,42897.25,42714.7890625,42763.5390625,43292790,0.0,0.0
2025-01-06 14:30:00-05:00,42763.6484375,42784.01171875,42638.9609375,42691.44921875,41000780,0.0,0.0
2025-01-06 15:30:00-05:00,42691.91015625,42720.0,42611.16015625,42714.21875,58478193,0.0,0.0
2025-01-07 09:30:00-05:00,42809.7109375,42931.5390625,42620.73828125,42791.98046875,0,0.0,0.0
2025-01-07 10:30:00-05:00,42792.12109375,42814.7109375,42596.2890625,42734.23046875,111278333,0.0,0.0
2025-01-07 11:30:00-05:00,42735.328125,42768.8984375,42617.25,42641.98046875,56432096,0.0,0.0
2025-01-07 12:30:00-05:00,42642.69140625,42710.08984375,42554.4609375,42703.26171875,42373439,0.0,0.0
2025-01-07 13:30:00-05:00,42703.578125,42705.48046875,42627.390625,42663.48828125,37563513,0.0,0.0
2025-01-07 14:30:00-05:00,42663.171875,42663.171875,42433.91015625,42445.359375,47917292,0.0,0.0
2025-01-07 15:30:00-05:00,42445.66015625,42539.109375,42380.75,42529.28125,58882523,0.0,0.0
2025-01-08 09:30:00-05:00,42542.1015625,42542.16015625,42327.7890625,42339.48046875,0,0.0,0.0
2025-01-08 10:30:00-05:00,42339.2109375,42541.05078125,42331.83984375,42509.73046875,53365990,0.0,0.0
2025-01-08 11:30:00-05:00,42510.48046875,42599.44921875,42358.3515625,42368.5,41275344,0.0,0.0
2025-01-08 12:30:00-05:00,42368.41015625,42572.3984375,42351.44140625,42548.109375,41491314,0.0,0.0
2025-01-08 13:30:00-05:00,42547.6015625,42650.23046875,42414.9609375,42635.25,40670452,0.0,0.0
2025-01-08 14:30:00-05:00,42634.25,42634.25,42518.55078125,42597.94921875,35473780,0.0,0.0
2025-01-08 15:30:00-05:00,42598.01171875,42656.21875,42546.87109375,42617.37109375,42978214,0.0,0.0
2025-01-10 09:30:00-05:00,42540.2890625,42540.2890625,41994.9609375,42094.41015625,0,0.0,0.0
2025-01-10 10:30:00-05:00,42093.55859375,42148.859375,41954.9296875,41967.01953125,70523285,0.0,0.0
2025-01-10 11:30:00-05:00,41965.671875,42012.8515625,41877.30078125,41953.12890625,48805369,0.0,0.0
2025-01-10 12:30:00-05:00,41952.98828125,42173.9609375,41934.25,42139.55859375,38643299,0.0,0.0
2025-01-10 13:30:00-05:00,42139.66015625,42179.55078125,42004.62109375,42063.140625,40217765,0.0,0.0
2025-01-10 14:30:00-05:00,42063.51953125,42063.87109375,41904.44140625,41925.87890625,40577297,0.0,0.0
2025-01-10 15:30:00-05:00,41925.6484375,41978.55078125,41885.73046875,41931.26953125,51206920,0.0,0.0
2025-01-13 09:30:00-05:00,41924.6796875,42154.21875,41844.890625,42036.87890625,0,0.0,0.0
2025-01-13 10:30:00-05:00,42038.01171875,42181.671875,42033.80859375,42069.3203125,60608520,0.0,0.0
2025-01-13 11:30:00-05:00,42069.1796875,42112.12890625,41947.71875,42093.609375,44464011,0.0,0.0
2025-01-13 12:30:00-05:00,42094.1796875,42187.9609375,42056.41015625,42183.78125,32838325,0.0,0.0
2025-01-13 13:30:00-05:00,42183.46875,42252.48828125,42150.05078125,42233.7890625,35470459,0.0,0.0
2025-01-13 14:30:00-05:00,42234.0703125,42284.69921875,42177.51953125,42241.578125,38776140,0.0,0.0
2025-01-13 15:30:00-05:00,42241.9609375,42319.6015625,42210.359375,42299.69140625,47844275,0.0,0.0
2025-01-14 09:30:00-05:00,42366.421875,42505.8203125,42352.53125,42462.3203125,0,0.0,0.0
2025-01-14 10:30:00-05:00,42464.3515625,42525.23046875,42313.5390625,42318.48828125,65011416,0.0,0.0
2025-01-14 11:30:00-05:00,42316.69921875,42337.3203125,42157.03125,42244.609375,38409574,0.0,0.0
2025-01-14 12:30:00-05:00,42243.76171875,42392.4296875,42172.37890625,42382.640625,33343526,0.0,0.0
2025-01-14 13:30:00-05:00,42382.0390625,42538.73046875,42375.98046875,42491.26953125,34820082,0.0,0.0
2025-01-14 14:30:00-05:00,42490.37890625,42544.5703125,42288.83984375,42397.80078125,47189992,0.0,0.0
2025-01-14 15:30:00-05:00,42397.58984375,42526.80078125,42362.3515625,42522.55859375,48715393,0.0,0.0
2025-01-15 09:30:00-05:00,42927.76171875,43269.80078125,42927.76171875,43204.76171875,0,0.0,0.0
2025-01-15 10:30:00-05:00,43204.01953125,43221.8984375,43096.12109375,43133.23828125,58071668,0.0,0.0
2025-01-15 11:30:00-05:00,43132.69140625,43158.8203125,43042.48046875,43136.6796875,41054736,0.0,0.0
2025-01-15 12:30:00-05:00,43136.66015625,43198.578125,43125.6796875,43195.91015625,36087258,0.0,0.0
2025-01-15 13:30:00-05:00,43196.078125,43249.9609375,43187.23046875,43244.8203125,30393867,0.0,0.0
2025-01-15 14:30:00-05:00,43244.76953125,43323.48828125,43244.73828125,43283.55859375,38133283,0.0,0.0
2025-01-15 15:30:00-05:00,43284.671875,43295.41015625,43204.1796875,43213.921875,50790412,0.0,0.0
2025-01-16 09:30:00-05:00,43290.25,43294.80859375,43084.2109375,43122.62109375,0,0.0,0.0
2025-01-16 10:30:00-05:00,43122.73046875,43225.73046875,43093.87109375,43216.0390625,61638248,0.0,0.0
2025-01-16 11:30:00-05:00,43215.359375,43273.16015625,43159.8203125,43263.12890625,51084419,0.0,0.0
2025-01-16 12:30:00-05:00,43262.640625,43263.55859375,43170.19921875,43172.26171875,35686934,0.0,0.0
2025-01-16 13:30:00-05:00,43172.62109375,43178.359375,43081.75,43172.94140625,53345844,0.0,0.0
2025-01-16 14:30:00-05:00,43173.19921875,43206.55078125,43143.078125,43155.98828125,46919254,0.0,0.0
2025-01-16 15:30:00-05:00,43155.8984375,43239.0703125,43140.8203125,43154.1796875,52621738,0.0,0.0
2025-01-17 09:30:00-05:00,43312.55078125,43527.8984375,43312.55078125,43518.05859375,0,0.0,0.0
2025-01-17 10:30:00-05:00,43518.2890625,43618.671875,43501.7890625,43590.0703125,58529854,0.0,0.0
2025-01-17 11:30:00-05:00,43590.30078125,43640.640625,43563.0,43633.5703125,47295672,0.0,0.0
2025-01-17 12:30:00-05:00,43633.16015625,43653.25,43590.80859375,43598.8515625,35437686,0.0,0.0
2025-01-17 13:30:00-05:00,43598.6484375,43598.6484375,43510.76171875,43546.9296875,41673287,0.0,0.0
2025-01-17 14:30:00-05:00,43546.828125,43562.80078125,43482.19140625,43538.2890625,45829862,0.0,0.0
2025-01-17 15:30:00-05:00,43539.37109375,43562.328125,43482.671875,43491.4296875,56876738,0.0,0.0
2025-01-21 09:30:00-05:00,43528.6484375,43834.87109375,43528.6484375,43773.51171875,0,0.0,0.0
2025-01-21 10:30:00-05:00,43775.26171875,43918.58984375,43745.05859375,43910.98828125,60459977,0.0,0.0
2025-01-21 11:30:00-05:00,43911.73046875,43938.55078125,43872.58984375,43934.33984375,50396132,0.0,0.0
2025-01-21 12:30:00-05:00,43933.91015625,43969.23828125,43908.03125,43950.41015625,55130655,0.0,0.0
2025-01-21 13:30:00-05:00,43950.328125,43968.9609375,43912.30078125,43953.23828125,47218762,0.0,0.0
2025-01-21 14:30:00-05:00,43953.390625,43990.6796875,43908.109375,43988.0390625,46470155,0.0,0.0
2025-01-21 15:30:00-05:00,43988.171875,44050.12890625,43957.1484375,44026.5703125,53835418,0.0,0.0
2025-01-22 09:30:00-05:00,44178.05859375,44201.62109375,44064.30859375,44160.78125,0,0.0,0.0
2025-01-22 10:30:00-05:00,44159.58984375,44162.328125,44053.12890625,44115.91015625,68708398,0.0,0.0
2025-01-22 11:30:00-05:00,44116.33984375,44172.5390625,44108.19140625,44139.671875,53156492,0.0,0.0
2025-01-22 12:30:00-05:00,44139.3203125,44184.30859375,44117.5,44169.37890625,39141704,0.0,0.0
2025-01-22 13:30:00-05:00,44169.6796875,44197.3203125,44118.859375,44136.58984375,46471278,0.0,0.0
2025-01-22 14:30:00-05:00,44136.66015625,44208.33984375,44129.140625,44164.12890625,45804535,0.0,0.0
2025-01-22 15:30:00-05:00,44163.80859375,44187.44921875,44118.078125,44153.71875,58191543,0.0,0.0
2025-01-23 09:30:00-05:00,44113.55078125,44290.25,44113.55078125,44225.4296875,0,0.0,0.0
2025-01-23 10:30:00-05:00,44228.53125,44411.48046875,44217.2109375,44393.23046875,52605293,0.0,0.0
2025-01-23 11:30:00-05:00,44393.30859375,44436.109375,44376.30078125,44426.37109375,37342968,0.0,0.0
2025-01-23 12:30:00-05:00,44426.4609375,44530.73828125,44420.62109375,44506.140625,36651902,0.0,0.0
2025-01-23 13:30:00-05:00,44505.98828125,44514.44921875,44460.87109375,44484.55078125,33986470,0.0,0.0
2025-01-23 14:30:00-05:00,44484.578125,44512.21875,44476.8515625,44485.7890625,43061546,0.0,0.0
2025-01-23 15:30:00-05:00,44485.640625,44559.55859375,44448.55078125,44556.5703125,57347561,0.0,0.0
2025-01-24 09:30:00-05:00,44533.75,44544.640625,44397.328125,44468.66015625,0,0.0,0.0
2025-01-24 10:30:00-05:00,44469.76953125,44515.96875,44431.55859375,44515.0,58715602,0.0,0.0
2025-01-24 11:30:00-05:00,44514.7890625,44545.51953125,44466.5390625,44508.48828125,47536730,0.0,0.0
2025-01-24 12:30:00-05:00,44508.05078125,44531.16015625,44442.55859375,44468.19921875,48230370,0.0,0.0
2025-01-24 13:30:00-05:00,44468.19140625,44486.0703125,44378.46875,44399.78125,54077834,0.0,0.0
2025-01-24 14:30:00-05:00,44399.80859375,44425.0703125,44356.3515625,44363.609375,49975116,0.0,0.0
2025-01-24 15:30:00-05:00,44364.2890625,44429.21875,44332.21875,44418.76953125,59595753,0.0,0.0
2025-01-27 09:30:00-05:00,44148.83984375,44422.23828125,44026.26953125,44406.5703125,0,0.0,0.0
2025-01-27 10:30:00-05:00,44403.78125,44437.26953125,44335.83984375,44352.91015625,157759795,0.0,0.0
2025-01-27 11:30:00-05:00,44352.78125,44569.1484375,44343.4609375,44552.671875,158393770,0.0,0.0
2025-01-27 12:30:00-05:00,44552.33984375,44577.48828125,44455.75,44493.828125,97459018,0.0,0.0
2025-01-27 13:30:00-05:00,44495.01953125,44723.69921875,44476.73046875,44713.94921875,101404934,0.0,0.0
2025-01-27 14:30:00-05:00,44714.58984375,44715.890625,44539.96875,44607.859375,118059866,0.0,0.0
2025-01-27 15:30:00-05:00,44607.828125,44727.8515625,44586.30078125,44715.7890625,113324070,0.0,0.0
2025-01-28 09:30:00-05:00,44756.359375,44884.328125,44621.9609375,44864.859375,0,0.0,0.0
2025-01-28 10:30:00-05:00,44866.55078125,44976.3515625,44757.73046875,44775.80859375,108492637,0.0,0.0
2025-01-28 11:30:00-05:00,44775.0703125,44861.1015625,44726.26953125,44823.76953125,121504786,0.0,0.0
2025-01-28 12:30:00-05:00,44823.25,44907.4296875,44807.0,44882.48828125,85064683,0.0,0.0
2025-01-28 13:30:00-05:00,44882.01171875,44903.8984375,44776.01171875,44824.80859375,71891181,0.0,0.0
2025-01-28 14:30:00-05:00,44823.609375,44879.08984375,44819.41015625,44845.3515625,77561356,0.0,0.0
2025-01-28 15:30:00-05:00,44846.21875,44894.75,44833.94140625,44847.859375,87701824,0.0,0.0
2025-01-29 09:30:00-05:00,44819.55078125,44953.1796875,44810.8203125,44906.76171875,0,0.0,0.0
2025-01-29 10:30:00-05:00,44908.2890625,44962.578125,44842.55078125,44853.96875,91665965,0.0,0.0
2025-01-29 11:30:00-05:00,44855.05859375,44889.6484375,44814.8515625,44855.28125,61814330,0.0,0.0
2025-01-29 12:30:00-05:00,44855.05078125,44872.1015625,44671.390625,44811.44140625,71994353,0.0,0.0
2025-01-29 13:30:00-05:00,44812.9296875,44818.37109375,44585.109375,44588.640625,58301670,0.0,0.0
2025-01-29 14:30:00-05:00,44586.8203125,44851.75,44579.1015625,44827.19140625,76831058,0.0,0.0
2025-01-29 15:30:00-05:00,44826.8203125,44846.1484375,44690.0703125,44710.76171875,71989650,0.0,0.0
2025-01-30 09:30:00-05:00,44548.69140625,44882.26171875,44548.69140625,44753.51953125,0,0.0,0.0
2025-01-30 10:30:00-05:00,44752.71875,44874.75,44714.73828125,44793.98046875,102365454,0.0,0.0
2025-01-30 11:30:00-05:00,44792.46875,44901.4609375,44763.58984375,44781.87890625,64596766,0.0,0.0
2025-01-30 12:30:00-05:00,44783.87890625,44932.76953125,44783.87890625,44922.140625,45679858,0.0,0.0
2025-01-30 13:30:00-05:00,44924.48046875,44997.55859375,44924.48046875,44953.25,56352354,0.0,0.0
2025-01-30 14:30:00-05:00,44953.0703125,45008.75,44927.51953125,44974.05859375,74099765,0.0,0.0
2025-01-30 15:30:00-05:00,44972.8984375,44973.0390625,44640.21875,44879.609375,92964992,0.0,0.0
2025-01-31 09:30:00-05:00,45054.359375,45054.359375,44878.4609375,44944.109375,0,0.0,0.0
2025-01-31 10:30:00-05:00,44944.5390625,44959.53125,44865.08984375,44875.30859375,95546625,0.0,0.0
2025-01-31 11:30:00-05:00,44874.1484375,44944.48828125,44832.328125,44935.87890625,70920910,0.0,0.0
2025-01-31 12:30:00-05:00,44935.5703125,44955.05859375,44723.83984375,44737.94140625,52392499,0.0,0.0
2025-01-31 13:30:00-05:00,44738.62109375,44738.62109375,44532.578125,44651.80078125,63825398,0.0,0.0
2025-01-31 14:30:00-05:00,44652.671875,44692.8515625,44507.21875,44535.859375,79880585,0.0,0.0
2025-01-31 15:30:00-05:00,44535.859375,44627.21875,44508.03125,44542.76171875,83573876,0.0,0.0
2025-02-03 09:30:00-05:00,44268.1484375,44335.828125,43879.05859375,44330.578125,0,0.0,0.0
2025-02-03 10:30:00-05:00,44329.08984375,44521.01953125,44286.01171875,44448.671875,94706467,0.0,0.0
2025-02-03 11:30:00-05:00,44448.25,44519.4609375,44372.01953125,44440.23828125,58182323,0.0,0.0
2025-02-03 12:30:00-05:00,44439.80078125,44472.53125,44340.828125,44445.0703125,55133102,0.0,0.0
2025-02-03 13:30:00-05:00,44445.05859375,44572.26953125,44420.0390625,44542.26171875,62595458,0.0,0.0
2025-02-03 14:30:00-05:00,44542.48828125,44594.5390625,44457.6484375,44459.94140625,58352914,0.0,0.0
2025-02-03 15:30:00-05:00,44459.80859375,44539.390625,44411.53125,44425.6015625,62465401,0.0,0.0
2025-02-04 09:30:00-05:00,44469.4609375,44474.26953125,44328.51953125,44425.16015625,0,0.0,0.0
2025-02-04 10:30:00-05:00,44424.05078125,44535.328125,44402.4609375,44533.05859375,68844841,0.0,0.0
2025-02-04 11:30:00-05:00,44531.94921875,44537.390625,44424.94140625,44426.2890625,55584443,0.0,0.0
2025-02-04 12:30:00-05:00,44426.26953125,44521.609375,44405.98046875,44497.828125,41528278,0.0,0.0
2025-02-04 13:30:00-05:00,44497.7890625,44589.71875,44461.171875,44563.16015625,40521741,0.0,0.0
2025-02-04 14:30:00-05:00,44563.23046875,44597.7109375,44511.12890625,44517.26171875,50176058,0.0,0.0
2025-02-04 15:30:00-05:00,44517.078125,44580.4609375,44514.37109375,44551.1796875,53443160,0.0,0.0
2025-02-05 09:30:00-05:00,44563.62890625,44628.73828125,44352.98828125,44557.21875,0,0.0,0.0
2025-02-05 10:30:00-05:00,44560.48046875,44612.671875,44518.6796875,44605.359375,63270919,0.0,0.0
2025-02-05 11:30:00-05:00,44610.3203125,44707.8984375,44602.44921875,44668.578125,55307675,0.0,0.0
2025-02-05 12:30:00-05:00,44668.828125,44722.5,44667.3203125,44706.62890625,38945246,0.0,0.0
2025-02-05 13:30:00-05:00,44706.390625,44831.69921875,44701.16015625,44816.4609375,44037228,0.0,0.0
2025-02-05 14:30:00-05:00,44816.55859375,44886.87890625,44780.23046875,44851.23046875,47046622,0.0,0.0
2025-02-05 15:30:00-05:00,44850.69140625,44880.21875,44831.46875,44872.94140625,58795646,0.0,0.0
2025-02-06 09:30:00-05:00,44949.19140625,44966.62890625,44788.6484375,44798.9609375,0,0.0,0.0
2025-02-06 10:30:00-05:00,44798.76953125,44817.921875,44726.80078125,44780.28125,57193906,0.0,0.0
2025-02-06 11:30:00-05:00,44780.33984375,44785.75,44680.48046875,44739.25,62341756,0.0,0.0
2025-02-06 12:30:00-05:00,44738.890625,44780.609375,44698.51953125,44713.4609375,42843352,0.0,0.0
2025-02-06 13:30:00-05:00,44712.6015625,44725.66015625,44639.91015625,44651.16015625,42471720,0.0,0.0
2025-02-06 14:30:00-05:00,44651.078125,44699.0703125,44545.26953125,44685.53125,55507262,0.0,0.0
2025-02-06 15:30:00-05:00,44685.328125,44756.609375,44655.62109375,44743.8984375,61794545,0.0,0.0
2025-02-07 09:30:00-05:00,44762.5703125,44857.109375,44595.359375,44640.03125,0,0.0,0.0
2025-02-07 10:30:00-05:00,44640.3984375,44693.94921875,44410.12890625,44455.1796875,73086793,0.0,0.0
2025-02-07 11:30:00-05:00,44455.109375,44519.6484375,44377.0390625,44434.55859375,56637396,0.0,0.0
2025-02-07 12:30:00-05:00,44434.05859375,44507.78125,44414.96875,44458.421875,40876766,0.0,0.0
2025-02-07 13:30:00-05:00,44458.98828125,44484.94140625,44307.578125,44319.69921875,39434668,0.0,0.0
2025-02-07 14:30:00-05:00,44318.921875,44368.05859375,44279.78125,44293.71875,44031410,0.0,0.0
2025-02-07 15:30:00-05:00,44293.921875,44344.98046875,44284.62109375,44303.171875,67315526,0.0,0.0
2025-02-10 09:30:00-05:00,44396.921875,44622.19140625,44346.62109375,44446.19921875,0,0.0,0.0
2025-02-10 10:30:00-05:00,44445.94140625,44484.91015625,44334.94921875,44369.98046875,63560174,0.0,0.0
2025-02-10 11:30:00-05:00,44369.62109375,44405.87890625,44301.421875,44345.76171875,42548697,0.0,0.0
2025-02-10 12:30:00-05:00,44345.859375,44462.609375,44345.859375,44424.87109375,32063149,0.0,0.0
2025-02-10 13:30:00-05:00,44424.890625,44496.328125,44401.3984375,44477.0390625,34619457,0.0,0.0
2025-02-10 14:30:00-05:00,44477.01171875,44487.0390625,44431.640625,44435.3203125,43618382,0.0,0.0
2025-02-10 15:30:00-05:00,44435.44140625,44498.6484375,44422.9296875,44472.76953125,53478029,0.0,0.0
2025-02-11 09:30:00-05:00,44401.37890625,44417.2109375,44319.51171875,44404.41015625,0,0.0,0.0
2025-02-11 10:30:00-05:00,44404.48828125,44534.44140625,44388.9609375,44489.46875,51294062,0.0,0.0
2025-02-11 11:30:00-05:00,44488.94921875,44548.91015625,44463.4296875,44508.8203125,58420310,0.0,0.0
2025-02-11 12:30:00-05:00,44508.98046875,44519.5703125,44450.98828125,44487.23046875,34601054,0.0,0.0
2025-02-11 13:30:00-05:00,44487.078125,44555.4609375,44486.4609375,44525.33984375,36602062,0.0,0.0
2025-02-11 14:30:00-05:00,44525.44921875,44629.08984375,44524.0,44610.23046875,39602211,0.0,0.0
2025-02-11 15:30:00-05:00,44609.55078125,44640.6015625,44563.3203125,44595.7109375,46728573,0.0,0.0
2025-02-12 09:30:00-05:00,44357.69921875,44357.69921875,44104.48046875,44241.91015625,0,0.0,0.0
2025-02-12 10:30:00-05:00,44240.2890625,44364.80859375,44137.2109375,44169.87890625,49602744,0.0,0.0
2025-02-12 11:30:00-05:00,44169.921875,44446.7890625,44169.73046875,44433.859375,40888326,0.0,0.0
2025-02-12 12:30:00-05:00,44431.94140625,44467.2109375,44375.66015625,44390.7890625,34566214,0.0,0.0
2025-02-12 13:30:00-05:00,44392.19921875,44422.76953125,44339.421875,44361.1484375,36015191,0.0,0.0
2025-02-12 14:30:00-05:00,44360.87109375,44419.62890625,44324.30859375,44324.30859375,39775879,0.0,0.0
2025-02-12 15:30:00-05:00,44323.87890625,44376.48828125,44300.73046875,44362.0703125,49959734,0.0,0.0
2025-02-13 09:30:00-05:00,44425.94140625,44529.73046875,44366.62109375,44466.109375,0,0.0,0.0
2025-02-13 10:30:00-05:00,44466.26171875,44536.8984375,44441.41015625,44481.96875,72994062,0.0,0.0
2025-02-13 11:30:00-05:00,44481.7109375,44516.078125,44441.05078125,44512.8515625,43386031,0.0,0.0
2025-02-13 12:30:00-05:00,44512.73046875,44519.51171875,44409.30078125,44491.26953125,40432266,0.0,0.0
2025-02-13 13:30:00-05:00,44490.828125,44721.671875,44445.16015625,44705.30078125,43842375,0.0,0.0
2025-02-13 14:30:00-05:00,44705.19140625,44768.26171875,44694.25,44758.76171875,44361607,0.0,0.0
2025-02-13 15:30:00-05:00,44759.390625,44759.390625,44697.62890625,44711.91015625,52095932,0.0,0.0
2025-02-14 09:30:00-05:00,44720.98828125,44769.05078125,44627.578125,44627.578125,0,0.0,0.0
2025-02-14 10:30:00-05:00,44628.66015625,44710.109375,44585.26171875,44616.859375,61391021,0.0,0.0
2025-02-14 11:30:00-05:00,44617.421875,44655.828125,44581.98046875,44586.5,39970400,0.0,0.0
2025-02-14 12:30:00-05:00,44587.328125,44618.640625,44564.0,44606.48828125,33143847,0.0,0.0
2025-02-14 13:30:00-05:00,44606.4609375,44653.44140625,44589.859375,44595.76953125,35346587,0.0,0.0
2025-02-14 14:30:00-05:00,44595.53125,44611.171875,44518.98828125,44524.078125,41279808,0.0,0.0
2025-02-14 15:30:00-05:00,44523.421875,44560.828125,44498.9609375,44537.76171875,61373467,0.0,0.0
2025-02-18 09:30:00-05:00,44583.91015625,44602.01953125,44382.21875,44462.3203125,0,0.0,0.0
2025-02-18 10:30:00-05:00,44462.03125,44550.671875,44429.390625,44455.0390625,65584037,0.0,0.0
2025-02-18 11:30:00-05:00,44455.37109375,44491.5390625,44438.26953125,44477.19921875,41984147,0.0,0.0
2025-02-18 12:30:00-05:00,44476.7109375,44507.171875,44431.51171875,44474.75,35307322,0.0,0.0
2025-02-18 13:30:00-05:00,44474.69921875,44476.828125,44319.3203125,44356.640625,43237762,0.0,0.0
2025-02-18 14:30:00-05:00,44356.87890625,44446.609375,44350.19140625,44443.328125,37403584,0.0,0.0
2025-02-18 15:30:00-05:00,44443.44140625,44560.8203125,44440.25,44554.1015625,63424762,0.0,0.0
2025-02-19 09:30:00-05:00,44478.12109375,44478.12109375,44366.41015625,44410.94921875,0,0.0,0.0
2025-02-19 10:30:00-05:00,44410.03125,44450.5703125,44348.6796875,44430.25,60825127,0.0,0.0
2025-02-19 11:30:00-05:00,44431.359375,44474.3203125,44381.109375,44382.87890625,38369693,0.0,0.0
2025-02-19 12:30:00-05:00,44383.1015625,44416.69921875,44312.6484375,44399.2109375,41015674,0.0,0.0
2025-02-19 13:30:00-05:00,44398.6796875,44576.859375,44398.6796875,44562.3203125,34044968,0.0,0.0
2025-02-19 14:30:00-05:00,44561.69140625,44580.828125,44516.2890625,44559.05859375,48464270,0.0,0.0
2025-02-19 15:30:00-05:00,44558.9609375,44636.19140625,44558.21875,44619.78125,49609517,0.0,0.0
2025-02-20 09:30:00-05:00,44561.109375,44561.109375,44167.28125,44184.359375,0,0.0,0.0
2025-02-20 10:30:00-05:00,44184.44140625,44232.03125,44025.5703125,44050.6484375,59390704,0.0,0.0
2025-02-20 11:30:00-05:00,44050.4296875,44075.4609375,43957.328125,44055.58984375,43800172,0.0,0.0
2025-02-20 12:30:00-05:00,44056.8203125,44086.609375,43950.16015625,43967.671875,30853577,0.0,0.0
2025-02-20 13:30:00-05:00,43967.73046875,44095.05078125,43956.9609375,44063.3984375,33086364,0.0,0.0
2025-02-20 14:30:00-05:00,44063.94921875,44145.19140625,44035.5390625,44135.94140625,40652879,0.0,0.0
2025-02-20 15:30:00-05:00,44136.109375,44192.96875,44108.80078125,44181.1796875,47501652,0.0,0.0
2025-02-21 09:30:00-05:00,43820.12890625,43959.73046875,43762.0390625,43801.91015625,0,0.0,0.0
2025-02-21 10:30:00-05:00,43799.73046875,43851.3203125,43760.640625,43801.109375,63301683,0.0,0.0
2025-02-21 11:30:00-05:00,43802.1484375,43848.55859375,43715.859375,43719.3203125,48857828,0.0,0.0
2025-02-21 12:30:00-05:00,43723.8984375,43726.4296875,43492.71875,43493.1484375,70948640,0.0,0.0
2025-02-21 13:30:00-05:00,43494.2890625,43547.58984375,43349.328125,43369.19921875,62909673,0.0,0.0
2025-02-21 14:30:00-05:00,43369.53125,43463.19140625,43361.80078125,43458.55078125,73277783,0.0,0.0
2025-02-21 15:30:00-05:00,43460.51171875,43468.390625,43391.69140625,43431.19140625,74758668,0.0,0.0
2025-02-24 09:30:00-05:00,43493.12109375,43649.28125,43343.671875,43468.08984375,0,0.0,0.0
2025-02-24 10:30:00-05:00,43467.01953125,43598.75,43382.98828125,43579.08984375,82125003,0.0,0.0
2025-02-24 11:30:00-05:00,43579.30078125,43651.08984375,43528.3515625,43618.421875,58342095,0.0,0.0
2025-02-24 12:30:00-05:00,43618.5,43688.3203125,43602.01171875,43652.23828125,34899249,0.0,0.0
2025-02-24 13:30:00-05:00,43652.51171875,43699.1484375,43608.609375,43622.5390625,41454410,0.0,0.0
2025-02-24 14:30:00-05:00,43620.94921875,43663.6015625,43553.4609375,43555.21875,47915562,0.0,0.0
2025-02-24 15:30:00-05:00,43555.28125,43594.30859375,43428.671875,43468.171875,65019228,0.0,0.0
2025-02-25 09:30:00-05:00,43509.73828125,43734.44921875,43302.62109375,43313.3203125,0,0.0,0.0
2025-02-25 10:30:00-05:00,43313.62109375,43537.69921875,43282.98046875,43407.26171875,89042377,0.0,0.0
2025-02-25 11:30:00-05:00,43406.828125,43508.83984375,43299.98046875,43482.05078125,67164525,0.0,0.0
2025-02-25 12:30:00-05:00,43482.390625,43696.9609375,43474.609375,43508.609375,57991546,0.0,0.0
2025-02-25 13:30:00-05:00,43509.78125,43668.4609375,43473.6484375,43487.12890625,50435650,0.0,0.0
2025-02-25 14:30:00-05:00,43487.0390625,43767.73828125,43484.76953125,43707.16015625,57318784,0.0,0.0
2025-02-25 15:30:00-05:00,43707.1484375,43712.83984375,43559.16015625,43624.3515625,70247203,0.0,0.0
2025-02-26 09:30:00-05:00,43635.421875,43858.69140625,43561.75,43811.73046875,0,0.0,0.0
2025-02-26 10:30:00-05:00,43813.80078125,43866.5,43760.6796875,43760.6796875,71776479,0.0,0.0
2025-02-26 11:30:00-05:00,43760.859375,43793.05859375,43659.8984375,43714.53125,51641073,0.0,0.0
2025-02-26 12:30:00-05:00,43709.98046875,43729.921875,43379.1484375,43385.01953125,51954129,0.0,0.0
2025-02-26 13:30:00-05:00,43384.7109375,43456.96875,43318.9296875,43425.87890625,70667641,0.0,0.0
2025-02-26 14:30:00-05:00,43425.6796875,43503.4609375,43370.53125,43416.9609375,53396220,0.0,0.0
2025-02-26 15:30:00-05:00,43416.140625,43529.5,43398.01171875,43445.94140625,64400346,0.0,0.0
2025-02-27 09:30:00-05:00,43516.44140625,43879.921875,43466.51171875,43808.3203125,0,0.0,0.0
2025-02-27 10:30:00-05:00,43809.30859375,43884.19140625,43720.28125,43760.62109375,76981340,0.0,0.0
2025-02-27 11:30:00-05:00,43762.05859375,43821.23828125,43556.0,43718.58984375,53654510,0.0,0.0
2025-02-27 12:30:00-05:00,43718.921875,43764.73046875,43617.078125,43718.44921875,46966247,0.0,0.0
2025-02-27 13:30:00-05:00,43718.359375,43749.3515625,43516.171875,43516.3515625,61124434,0.0,0.0
2025-02-27 14:30:00-05:00,43516.94921875,43516.94921875,43254.1796875,43257.80078125,97341237,0.0,0.0
2025-02-27 15:30:00-05:00,43256.921875,43344.73046875,43224.53125,43248.75,91773980,0.0,0.0
2025-02-28 09:30:00-05:00,43259.83984375,43516.0,43232.390625,43491.69921875,0,0.0,0.0
2025-02-28 10:30:00-05:00,43493.9296875,43536.76171875,43356.28125,43361.3984375,83929580,0.0,0.0
2025-02-28 11:30:00-05:00,43360.6796875,43512.78125,43347.16015625,43408.1484375,47512353,0.0,0.0
2025-02-28 12:30:00-05:00,43408.671875,43410.9296875,43100.87109375,43221.98046875,60848236,0.0,0.0
2025-02-28 13:30:00-05:00,43222.3984375,43346.0703125,43170.62890625,43306.890625,52419627,0.0,0.0
2025-02-28 14:30:00-05:00,43309.19921875,43558.37109375,43287.94921875,43558.37109375,58836071,0.0,0.0
2025-02-28 15:30:00-05:00,43558.94140625,43873.55078125,43467.55078125,43831.26171875,98746556,0.0,0.0
2025-03-03 09:30:00-05:00,43900.48828125,44033.78125,43749.640625,43882.1015625,0,0.0,0.0
2025-03-03 10:30:00-05:00,43884.2890625,43952.08984375,43722.4609375,43722.4609375,66247867,0.0,0.0
2025-03-03 11:30:00-05:00,43724.25,43817.6015625,43622.87890625,43785.26953125,55374066,0.0,0.0
2025-03-03 12:30:00-05:00,43784.46875,43813.98046875,43425.19921875,43441.0390625,87866481,0.0,0.0
2025-03-03 13:30:00-05:00,43440.76171875,43544.5703125,43391.890625,43449.359375,65276968,0.0,0.0
2025-03-03 14:30:00-05:00,43447.76171875,43563.1484375,42980.51171875,42999.62890625,102625867,0.0,0.0
2025-03-03 15:30:00-05:00,42998.69140625,43198.30859375,42919.30859375,43197.58984375,91631715,0.0,0.0
2025-03-04 09:30:00-05:00,43040.30078125,43040.30078125,42422.8203125,42561.6484375,0,0.0,0.0
2025-03-04 10:30:00-05:00,42561.1484375,42618.0703125,42347.75,42402.73046875,101967771,0.0,0.0
2025-03-04 11:30:00-05:00,42402.421875,42639.671875,42399.671875,42601.78125,91123731,0.0,0.0
2025-03-04 12:30:00-05:00,42602.08984375,42757.03125,42486.83984375,42617.62890625,72503524,0.0,0.0
2025-03-04 13:30:00-05:00,42616.05859375,42948.5,42584.30078125,42845.8515625,64868288,0.0,0.0
2025-03-04 14:30:00-05:00,42847.55859375,43084.0,42806.2890625,42988.0390625,69923933,0.0,0.0
2025-03-04 15:30:00-05:00,42983.62890625,42988.0703125,42412.640625,42515.859375,85861197,0.0,0.0
2025-03-05 09:30:00-05:00,42518.37109375,42787.25,42478.69140625,42585.5,0,0.0,0.0
2025-03-05 10:30:00-05:00,42583.4296875,42726.7890625,42436.83984375,42494.05859375,69108849,0.0,0.0
2025-03-05 11:30:00-05:00,42493.9296875,42746.33984375,42418.73046875,42746.12890625,57695074,0.0,0.0
2025-03-05 12:30:00-05:00,42747.46875,42877.671875,42671.0390625,42742.9296875,53651626,0.0,0.0
2025-03-05 13:30:00-05:00,42743.1484375,43101.51953125,42669.5,43021.421875,51478283,0.0,0.0
2025-03-05 14:30:00-05:00,43021.98046875,43135.921875,42970.1015625,43085.98828125,53864092,0.0,0.0
2025-03-05 15:30:00-05:00,43085.2890625,43085.2890625,42863.921875,42993.1484375,57972301,0.0,0.0
2025-03-06 09:30:00-05:00,42848.48828125,42848.48828125,42397.73828125,42773.83984375,0,0.0,0.0
2025-03-06 10:30:00-05:00,42774.23828125,42959.53125,42754.171875,42882.44140625,64636902,0.0,0.0
2025-03-06 11:30:00-05:00,42881.19921875,42970.48828125,42476.87890625,42495.890625,69069461,0.0,0.0
2025-03-06 12:30:00-05:00,42495.48046875,42614.48828125,42395.30859375,42511.609375,60787220,0.0,0.0
2025-03-06 13:30:00-05:00,42512.76171875,42551.6484375,42381.55859375,42416.05859375,64804205,0.0,0.0
2025-03-06 14:30:00-05:00,42415.62890625,42687.9609375,42386.5390625,42563.05078125,81940885,0.0,0.0
2025-03-06 15:30:00-05:00,42564.8984375,42650.9609375,42476.75,42575.359375,75743185,0.0,0.0
2025-03-07 09:30:00-05:00,42503.0703125,42737.9296875,42381.94921875,42586.53125,0,0.0,0.0
2025-03-07 10:30:00-05:00,42587.01953125,42621.1796875,42253.12890625,42257.7890625,111830832,0.0,0.0
2025-03-07 11:30:00-05:00,42258.71875,42349.08984375,42175.62109375,42318.6484375,102652029,0.0,0.0
2025-03-07 12:30:00-05:00,42319.609375,42723.37890625,42289.9609375,42609.19921875,87223920,0.0,0.0
2025-03-07 13:30:00-05:00,42608.48828125,42898.6796875,42587.19140625,42840.26953125,72417947,0.0,0.0
2025-03-07 14:30:00-05:00,42840.671875,42870.1796875,42722.87109375,42811.21875,70150903,0.0,0.0
2025-03-07 15:30:00-05:00,42809.6796875,42894.0,42626.01953125,42794.26171875,82401939,0.0,0.0
2025-03-10 09:30:00-04:00,42507.6484375,42541.359375,42275.55859375,42442.8515625,0,0.0,0.0
2025-03-10 10:30:00-04:00,42442.44140625,42494.71875,42322.609375,42429.859375,128950484,0.0,0.0
2025-03-10 11:30:00-04:00,42428.78125,42500.8984375,42205.87890625,42284.73828125,86693435,0.0,0.0
2025-03-10 12:30:00-04:00,42285.76171875,42366.2109375,42112.76171875,42114.390625,75566096,0.0,0.0
2025-03-10 13:30:00-04:00,42115.48046875,42119.62890625,41879.55859375,41901.73828125,73457583,0.0,0.0
2025-03-10 14:30:00-04:00,41901.7109375,41972.55078125,41613.53125,41870.12109375,98690248,0.0,0.0
2025-03-10 15:30:00-04:00,41871.0703125,42050.05078125,41847.19921875,41911.08984375,101210939,0.0,0.0
2025-03-11 09:30:00-04:00,41837.94921875,41868.26953125,41418.3984375,41443.390625,0,0.0,0.0
2025-03-11 10:30:00-04:00,41442.94140625,41557.359375,41278.87109375,41442.87109375,114051446,0.0,0.0
2025-03-11 11:30:00-04:00,41445.9296875,41636.53125,41310.55859375,41386.94921875,76310168,0.0,0.0
2025-03-11 12:30:00-04:00,41387.609375,41422.7109375,41175.37109375,41188.37890625,65375809,0.0,0.0
2025-03-11 13:30:00-04:00,41187.3203125,41588.140625,41178.78125,41541.671875,71396658,0.0,0.0
2025-03-11 14:30:00-04:00,41542.5,41799.640625,41470.578125,41613.578125,98523185,0.0,0.0
2025-03-11 15:30:00-04:00,41613.62890625,41674.73046875,41414.48828125,41426.94140625,76860681,0.0,0.0
2025-03-12 09:30:00-04:00,41577.5,41721.359375,41223.5703125,41303.3515625,0,0.0,0.0
2025-03-12 10:30:00-04:00,41303.3203125,41310.26953125,41010.23828125,41204.7109375,99791512,0.0,0.0
2025-03-12 11:30:00-04:00,41204.46875,41430.87109375,41181.0390625,41392.609375,71804970,0.0,0.0
2025-03-12 12:30:00-04:00,41392.5703125,41522.71875,41314.46875,41522.359375,62131642,0.0,0.0
2025-03-12 13:30:00-04:00,41522.30859375,41547.2890625,41323.7890625,41448.5390625,62244446,0.0,0.0
2025-03-12 14:30:00-04:00,41448.23828125,41567.8984375,41372.80078125,41427.8203125,66701738,0.0,0.0
2025-03-12 15:30:00-04:00,41427.55859375,41471.66015625,41343.55859375,41346.2109375,72847930,0.0,0.0
2025-03-13 09:30:00-04:00,41280.05078125,41360.12109375,41119.16015625,41253.55859375,0,0.0,0.0
2025-03-13 10:30:00-04:00,41253.55859375,41331.05078125,41018.66015625,41029.25,74260389,0.0,0.0
2025-03-13 11:30:00-04:00,41027.921875,41058.96875,40861.171875,40871.41015625,72671897,0.0,0.0
2025-03-13 12:30:00-04:00,40871.58984375,40997.55078125,40767.01953125,40797.8515625,63616045,0.0,0.0
2025-03-13 13:30:00-04:00,40796.3203125,40886.828125,40661.76953125,40869.30859375,58636459,0.0,0.0
2025-03-13 14:30:00-04:00,40869.8984375,40990.01171875,40786.578125,40825.5,64028955,0.0,0.0
2025-03-13 15:30:00-04:00,40825.6796875,40858.109375,40754.9609375,40813.4296875,71945958,0.0,0.0
2025-03-14 09:30:00-04:00,41057.5703125,41266.19921875,40929.5390625,41099.28125,0,0.0,0.0
2025-03-14 10:30:00-04:00,41099.8515625,41402.19140625,41098.0390625,41357.62890625,73502336,0.0,0.0
2025-03-14 11:30:00-04:00,41357.94140625,41446.12109375,41291.03125,41298.48046875,64352617,0.0,0.0
2025-03-14 12:30:00-04:00,41300.609375,41486.140625,41298.25,41403.6484375,46288759,0.0,0.0
2025-03-14 13:30:00-04:00,41403.6484375,41440.08984375,41323.2109375,41344.078125,44524387,0.0,0.0
2025-03-14 14:30:00-04:00,41344.421875,41474.01171875,41344.421875,41424.55859375,53100912,0.0,0.0
2025-03-14 15:30:00-04:00,41424.69921875,41528.109375,41387.26171875,41471.9609375,77994311,0.0,0.0
2025-03-17 09:30:00-04:00,41460.21875,41752.5390625,41412.75,41657.1015625,0,0.0,0.0
2025-03-17 10:30:00-04:00,41657.73046875,41744.671875,41613.48828125,41701.3203125,69047270,0.0,0.0
2025-03-17 11:30:00-04:00,41701.328125,41747.78125,41610.94140625,41685.46875,49888860,0.0,0.0
2025-03-17 12:30:00-04:00,41685.51953125,41804.5,41661.28125,41794.53125,46424647,0.0,0.0
2025-03-17 13:30:00-04:00,41796.33984375,41966.98828125,41792.609375,41950.140625,49671530,0.0,0.0
2025-03-17 14:30:00-04:00,41950.94140625,42013.1015625,41924.16015625,41985.078125,53681820,0.0,0.0
2025-03-17 15:30:00-04:00,41985.25,41995.671875,41834.87109375,41845.01171875,64292677,0.0,0.0
2025-03-18 09:30:00-04:00,41772.91015625,41787.25,41584.421875,41669.5390625,0,0.0,0.0
2025-03-18 10:30:00-04:00,41668.48046875,41703.8515625,41489.94921875,41506.01171875,62552805,0.0,0.0
2025-03-18 11:30:00-04:00,41509.640625,41563.9609375,41455.2890625,41563.9609375,49027739,0.0,0.0
2025-03-18 12:30:00-04:00,41567.671875,41575.91015625,41415.4296875,41518.05078125,59793105,0.0,0.0
2025-03-18 13:30:00-04:00,41518.328125,41624.98828125,41508.41015625,41556.8515625,58844934,0.0,0.0
2025-03-18 14:30:00-04:00,41556.83984375,41647.3515625,41549.421875,41615.69140625,58918042,0.0,0.0
2025-03-18 15:30:00-04:00,41615.53125,41627.171875,41537.1796875,41585.1015625,58388086,0.0,0.0
2025-03-19 09:30:00-04:00,41613.19140625,41840.37890625,41613.19140625,41820.44140625,0,0.0,0.0
2025-03-19 10:30:00-04:00,41820.1484375,41848.80078125,41765.19921875,41822.94921875,50239185,0.0,0.0
2025-03-19 11:30:00-04:00,41822.91015625,41943.6484375,41809.44140625,41876.890625,47296870,0.0,0.0
2025-03-19 12:30:00-04:00,41875.4609375,41876.48828125,41708.98828125,41716.4609375,39246026,0.0,0.0
2025-03-19 13:30:00-04:00,41716.23046875,41836.078125,41647.8984375,41773.2109375,58627453,0.0,0.0
2025-03-19 14:30:00-04:00,41773.12109375,42178.41015625,41773.12109375,41984.421875,81745486,0.0,0.0
2025-03-19 15:30:00-04:00,41985.6015625,42102.62890625,41941.44140625,41962.80859375,65463952,0.0,0.0
2025-03-20 09:30:00-04:00,41795.26171875,42200.0390625,41695.609375,42169.62890625,0,0.0,0.0
2025-03-20 10:30:00-04:00,42169.3984375,42250.2890625,42137.98046875,42160.71875,58777038,0.0,0.0
2025-03-20 11:30:00-04:00,42136.12109375,42200.12109375,42016.80859375,42025.01171875,64406230,0.0,0.0
2025-03-20 12:30:00-04:00,42026.8203125,42066.26171875,41891.12109375,41891.12109375,55365918,0.0,0.0
2025-03-20 13:30:00-04:00,41891.328125,42000.8203125,41869.4296875,41869.4296875,41943918,0.0,0.0
2025-03-20 14:30:00-04:00,41869.8515625,42008.1015625,41840.73828125,41892.30078125,49677152,0.0,0.0
2025-03-20 15:30:00-04:00,41892.26953125,42012.578125,41892.26953125,41947.8203125,59125659,0.0,0.0
2025-03-21 09:30:00-04:00,41763.3984375,41763.3984375,41433.859375,41574.73046875,0,0.0,0.0
2025-03-21 10:30:00-04:00,41574.16015625,41775.08984375,41547.05859375,41690.7890625,70274603,0.0,0.0
2025-03-21 11:30:00-04:00,41689.87890625,41900.94921875,41617.01171875,41879.578125,61957480,0.0,0.0
2025-03-21 12:30:00-04:00,41880.51171875,41962.7109375,41839.4296875,41875.73828125,53056867,0.0,0.0
2025-03-21 13:30:00-04:00,41875.69140625,42011.3984375,41838.26171875,41854.01953125,40217624,0.0,0.0
2025-03-21 14:30:00-04:00,41852.98828125,41929.44921875,41825.390625,41848.69921875,53157999,0.0,0.0
2025-03-21 15:30:00-04:00,41848.48046875,42009.33984375,41828.94921875,41986.51953125,92119871,0.0,0.0
2025-03-24 09:30:00-04:00,42180.140625,42536.55078125,42180.140625,42507.109375,0,0.0,0.0
2025-03-24 10:30:00-04:00,42508.25,42554.8984375,42471.3203125,42545.109375,65722921,0.0,0.0
2025-03-24 11:30:00-04:00,42545.41015625,42582.91015625,42492.30859375,42502.33984375,48250264,0.0,0.0
2025-03-24 12:30:00-04:00,42501.6796875,42516.05859375,42401.1484375,42453.08984375,37923483,0.0,0.0
2025-03-24 13:30:00-04:00,42452.890625,42475.5703125,42378.80859375,42387.828125,35431161,0.0,0.0
2025-03-24 14:30:00-04:00,42388.80859375,42572.9609375,42374.6796875,42554.5703125,45199198,0.0,0.0
2025-03-24 15:30:00-04:00,42555.08984375,42638.8515625,42547.26171875,42568.2890625,58440463,0.0,0.0
2025-03-25 09:30:00-04:00,42635.5390625,42696.609375,42501.51953125,42622.76171875,0,0.0,0.0
2025-03-25 10:30:00-04:00,42622.98046875,42686.66015625,42620.8203125,42662.73828125,55988615,0.0,0.0
2025-03-25 11:30:00-04:00,42662.6796875,42663.75,42531.46875,42543.921875,42647325,0.0,0.0
2025-03-25 12:30:00-04:00,42543.6484375,42607.55078125,42514.94921875,42542.3515625,36669429,0.0,0.0
2025-03-25 13:30:00-04:00,42541.23828125,42571.5703125,42473.109375,42517.83984375,32780987,0.0,0.0
2025-03-25 14:30:00-04:00,42517.55859375,42534.78125,42472.73046875,42499.87109375,37955908,0.0,0.0
2025-03-25 15:30:00-04:00,42499.21875,42617.8984375,42441.828125,42592.171875,48810640,0.0,0.0
